ISO-10303-21;
HEADER;
/* Generated by software containing ST-Developer
 * from STEP Tools, Inc. (www.steptools.com) 
 */
/* OPTION: using custom schema-name function */

FILE_DESCRIPTION(
/* description */ (''),
/* implementation_level */ '2;1');

FILE_NAME(
/* name */ 'G_6_15_120_1_272_Steel.stp',
/* time_stamp */ '2024-01-29T11:08:43+02:00',
/* author */ (''),
/* organization */ (''),
/* preprocessor_version */ 'ST-DEVELOPER v16',
/* originating_system */ 'SIEMENS PLM Software NX 11.0',
/* authorisation */ '');

FILE_SCHEMA (('AUTOMOTIVE_DESIGN { 1 0 10303 214 3 1 1 1 }'));
ENDSEC;

DATA;
#10=CONTEXT_DEPENDENT_SHAPE_REPRESENTATION(#18,#44);
#11=CONTEXT_DEPENDENT_SHAPE_REPRESENTATION(#19,#45);
#12=CONTEXT_DEPENDENT_SHAPE_REPRESENTATION(#20,#46);
#13=CONTEXT_DEPENDENT_SHAPE_REPRESENTATION(#21,#47);
#14=NEXT_ASSEMBLY_USAGE_OCCURRENCE('1045',' ','CYLINDER',#52,#51,$);
#15=NEXT_ASSEMBLY_USAGE_OCCURRENCE('1046',' ','ROD',#52,#50,$);
#16=NEXT_ASSEMBLY_USAGE_OCCURRENCE('1047',' ','THREAD ROD',#52,#49,$);
#17=NEXT_ASSEMBLY_USAGE_OCCURRENCE('1048',' ','THREAD CYLINDER',#52,#48,
$);
#18=(
REPRESENTATION_RELATIONSHIP(' ',' ',#83,#84)
REPRESENTATION_RELATIONSHIP_WITH_TRANSFORMATION(#22)
SHAPE_REPRESENTATION_RELATIONSHIP()
);
#19=(
REPRESENTATION_RELATIONSHIP(' ',' ',#82,#84)
REPRESENTATION_RELATIONSHIP_WITH_TRANSFORMATION(#23)
SHAPE_REPRESENTATION_RELATIONSHIP()
);
#20=(
REPRESENTATION_RELATIONSHIP(' ',' ',#81,#84)
REPRESENTATION_RELATIONSHIP_WITH_TRANSFORMATION(#24)
SHAPE_REPRESENTATION_RELATIONSHIP()
);
#21=(
REPRESENTATION_RELATIONSHIP(' ',' ',#80,#84)
REPRESENTATION_RELATIONSHIP_WITH_TRANSFORMATION(#25)
SHAPE_REPRESENTATION_RELATIONSHIP()
);
#22=ITEM_DEFINED_TRANSFORMATION(' ',' ',#442,#487);
#23=ITEM_DEFINED_TRANSFORMATION(' ',' ',#442,#488);
#24=ITEM_DEFINED_TRANSFORMATION(' ',' ',#442,#489);
#25=ITEM_DEFINED_TRANSFORMATION(' ',' ',#442,#490);
#26=SHAPE_REPRESENTATION_RELATIONSHIP('MODEL',
'relationship between thread cylinder-MODEL and thread cylinder-MODEL',
#80,#30);
#27=SHAPE_REPRESENTATION_RELATIONSHIP('MODEL',
'relationship between thread rod-MODEL and thread rod-MODEL',#81,#31);
#28=SHAPE_REPRESENTATION_RELATIONSHIP('MODEL',
'relationship between rod-MODEL and rod-MODEL',#82,#32);
#29=SHAPE_REPRESENTATION_RELATIONSHIP('MODEL',
'relationship between cylinder-MODEL and cylinder-MODEL',#83,#33);
#30=ADVANCED_BREP_SHAPE_REPRESENTATION('thread cylinder-MODEL',(#139),#4232);
#31=ADVANCED_BREP_SHAPE_REPRESENTATION('thread rod-MODEL',(#138),#4231);
#32=ADVANCED_BREP_SHAPE_REPRESENTATION('rod-MODEL',(#137),#4230);
#33=ADVANCED_BREP_SHAPE_REPRESENTATION('cylinder-MODEL',(#136),#4229);
#34=SHAPE_DEFINITION_REPRESENTATION(#39,#80);
#35=SHAPE_DEFINITION_REPRESENTATION(#40,#81);
#36=SHAPE_DEFINITION_REPRESENTATION(#41,#82);
#37=SHAPE_DEFINITION_REPRESENTATION(#42,#83);
#38=SHAPE_DEFINITION_REPRESENTATION(#43,#84);
#39=PRODUCT_DEFINITION_SHAPE('','',#48);
#40=PRODUCT_DEFINITION_SHAPE('','',#49);
#41=PRODUCT_DEFINITION_SHAPE('','',#50);
#42=PRODUCT_DEFINITION_SHAPE('','',#51);
#43=PRODUCT_DEFINITION_SHAPE('','',#52);
#44=PRODUCT_DEFINITION_SHAPE(' ','NAUO PRDDFN',#14);
#45=PRODUCT_DEFINITION_SHAPE(' ','NAUO PRDDFN',#15);
#46=PRODUCT_DEFINITION_SHAPE(' ','NAUO PRDDFN',#16);
#47=PRODUCT_DEFINITION_SHAPE(' ','NAUO PRDDFN',#17);
#48=PRODUCT_DEFINITION(' ','',#58,#53);
#49=PRODUCT_DEFINITION(' ','',#59,#54);
#50=PRODUCT_DEFINITION(' ','',#60,#55);
#51=PRODUCT_DEFINITION(' ','',#61,#56);
#52=PRODUCT_DEFINITION(' ','',#62,#57);
#53=PRODUCT_DEFINITION_CONTEXT('part definition',#79,'design');
#54=PRODUCT_DEFINITION_CONTEXT('part definition',#79,'design');
#55=PRODUCT_DEFINITION_CONTEXT('part definition',#79,'design');
#56=PRODUCT_DEFINITION_CONTEXT('part definition',#79,'design');
#57=PRODUCT_DEFINITION_CONTEXT('part definition',#79,'design');
#58=PRODUCT_DEFINITION_FORMATION_WITH_SPECIFIED_SOURCE(' ',' ',#68,
 .NOT_KNOWN.);
#59=PRODUCT_DEFINITION_FORMATION_WITH_SPECIFIED_SOURCE(' ',' ',#69,
 .NOT_KNOWN.);
#60=PRODUCT_DEFINITION_FORMATION_WITH_SPECIFIED_SOURCE(' ',' ',#70,
 .NOT_KNOWN.);
#61=PRODUCT_DEFINITION_FORMATION_WITH_SPECIFIED_SOURCE(' ',' ',#71,
 .NOT_KNOWN.);
#62=PRODUCT_DEFINITION_FORMATION_WITH_SPECIFIED_SOURCE(' ',' ',#72,
 .NOT_KNOWN.);
#63=PRODUCT_RELATED_PRODUCT_CATEGORY('part','',(#68));
#64=PRODUCT_RELATED_PRODUCT_CATEGORY('part','',(#69));
#65=PRODUCT_RELATED_PRODUCT_CATEGORY('part','',(#70));
#66=PRODUCT_RELATED_PRODUCT_CATEGORY('part','',(#71));
#67=PRODUCT_RELATED_PRODUCT_CATEGORY('part','',(#72));
#68=PRODUCT('thread cylinder','thread cylinder',' ',(#73));
#69=PRODUCT('thread rod','thread rod',' ',(#74));
#70=PRODUCT('rod','rod',' ',(#75));
#71=PRODUCT('cylinder','cylinder',' ',(#76));
#72=PRODUCT('G_6_15_50_1_132_Steel','G_6_15_50_1_132_Steel',' ',(#77));
#73=PRODUCT_CONTEXT(' ',#79,'mechanical');
#74=PRODUCT_CONTEXT(' ',#79,'mechanical');
#75=PRODUCT_CONTEXT(' ',#79,'mechanical');
#76=PRODUCT_CONTEXT(' ',#79,'mechanical');
#77=PRODUCT_CONTEXT(' ',#79,'mechanical');
#78=APPLICATION_PROTOCOL_DEFINITION('international standard',
'automotive_design',2010,#79);
#79=APPLICATION_CONTEXT(
'core data for automotive mechanical design processes');
#80=SHAPE_REPRESENTATION('thread cylinder-MODEL',(#442),#4232);
#81=SHAPE_REPRESENTATION('thread rod-MODEL',(#442),#4231);
#82=SHAPE_REPRESENTATION('rod-MODEL',(#442),#4230);
#83=SHAPE_REPRESENTATION('cylinder-MODEL',(#442),#4229);
#84=SHAPE_REPRESENTATION('G_6_15_50_1_132_Steel-none',(#442,#487,#488,#489,
#490),#4228);
#85=B_SPLINE_SURFACE_WITH_KNOTS('',1,3,((#1927,#1928,#1929,#1930,#1931,
#1932,#1933,#1934,#1935,#1936,#1937,#1938,#1939,#1940,#1941,#1942,#1943,
#1944,#1945,#1946,#1947,#1948,#1949,#1950,#1951,#1952,#1953,#1954,#1955,
#1956,#1957,#1958,#1959,#1960,#1961,#1962,#1963,#1964,#1965,#1966,#1967,
#1968,#1969,#1970,#1971,#1972,#1973,#1974,#1975,#1976,#1977,#1978,#1979,
#1980,#1981,#1982,#1983,#1984,#1985,#1986,#1987,#1988,#1989,#1990,#1991,
#1992,#1993,#1994,#1995,#1996,#1997,#1998,#1999,#2000,#2001,#2002,#2003,
#2004,#2005,#2006,#2007,#2008,#2009,#2010,#2011,#2012,#2013,#2014,#2015,
#2016,#2017,#2018,#2019,#2020,#2021,#2022,#2023,#2024,#2025,#2026,#2027,
#2028,#2029,#2030,#2031,#2032,#2033,#2034,#2035,#2036,#2037,#2038,#2039,
#2040,#2041,#2042,#2043,#2044,#2045,#2046,#2047,#2048,#2049,#2050,#2051,
#2052,#2053,#2054,#2055,#2056,#2057),(#2058,#2059,#2060,#2061,#2062,#2063,
#2064,#2065,#2066,#2067,#2068,#2069,#2070,#2071,#2072,#2073,#2074,#2075,
#2076,#2077,#2078,#2079,#2080,#2081,#2082,#2083,#2084,#2085,#2086,#2087,
#2088,#2089,#2090,#2091,#2092,#2093,#2094,#2095,#2096,#2097,#2098,#2099,
#2100,#2101,#2102,#2103,#2104,#2105,#2106,#2107,#2108,#2109,#2110,#2111,
#2112,#2113,#2114,#2115,#2116,#2117,#2118,#2119,#2120,#2121,#2122,#2123,
#2124,#2125,#2126,#2127,#2128,#2129,#2130,#2131,#2132,#2133,#2134,#2135,
#2136,#2137,#2138,#2139,#2140,#2141,#2142,#2143,#2144,#2145,#2146,#2147,
#2148,#2149,#2150,#2151,#2152,#2153,#2154,#2155,#2156,#2157,#2158,#2159,
#2160,#2161,#2162,#2163,#2164,#2165,#2166,#2167,#2168,#2169,#2170,#2171,
#2172,#2173,#2174,#2175,#2176,#2177,#2178,#2179,#2180,#2181,#2182,#2183,
#2184,#2185,#2186,#2187,#2188)),.UNSPECIFIED.,.F.,.F.,.F.,(2,2),(4,1,1,
1,1,1,1,1,1,1,1,1,1,1,1,1,1,1,1,1,1,1,1,1,1,1,1,1,1,1,1,1,1,1,1,1,1,1,1,
1,1,1,1,1,1,1,1,1,1,1,1,1,1,1,1,1,1,1,1,1,1,1,1,1,1,1,1,1,1,1,1,1,1,1,1,
1,1,1,1,1,1,1,1,1,1,1,1,1,1,1,1,1,1,1,1,1,1,1,1,1,1,1,1,1,1,1,1,1,1,1,1,
1,1,1,1,1,1,1,1,1,1,1,1,1,1,1,1,1,4),(0.,1.),(0.,0.00783213835769512,0.0156642767153902,
0.0234964150730854,0.0313285534307805,0.0391606917884756,0.0469928301461707,
0.0548249685038658,0.062657106861561,0.0704892452192561,0.0783213835769512,
0.0861535219346463,0.0939856602923415,0.101817798650037,0.109649937007732,
0.117482075365427,0.125314213723122,0.133146352080817,0.140978490438512,
0.148810628796207,0.156642767153902,0.164474905511598,0.172307043869293,
0.180139182226988,0.187971320584683,0.195803458942378,0.203635597300073,
0.211467735657768,0.219299874015463,0.227132012373159,0.234964150730854,
0.242796289088549,0.250628427446244,0.258460565803939,0.266292704161634,
0.274124842519329,0.281956980877024,0.289789119234719,0.297621257592415,
0.30545339595011,0.313285534307805,0.3211176726655,0.328949811023195,0.33678194938089,
0.344614087738585,0.35244622609628,0.360278364453976,0.368110502811671,
0.375942641169366,0.383774779527061,0.391606917884756,0.399439056242451,
0.407271194600146,0.415103332957841,0.422935471315537,0.430767609673232,
0.438599748030927,0.446431886388622,0.454264024746317,0.462096163104012,
0.469928301461707,0.477760439819402,0.485592578177098,0.493424716534793,
0.501256854892488,0.509088993250183,0.516921131607878,0.524753269965573,
0.532585408323268,0.540417546680963,0.548249685038658,0.556081823396354,
0.563913961754049,0.571746100111744,0.579578238469439,0.587410376827134,
0.595242515184829,0.603074653542524,0.610906791900219,0.618738930257914,
0.62657106861561,0.634403206973305,0.642235345331,0.650067483688695,0.65789962204639,
0.665731760404085,0.67356389876178,0.681396037119476,0.689228175477171,
0.697060313834866,0.704892452192561,0.712724590550256,0.720556728907951,
0.728388867265646,0.736221005623341,0.744053143981037,0.751885282338732,
0.759717420696427,0.767549559054122,0.775381697411817,0.783213835769512,
0.791045974127207,0.798878112484902,0.806710250842597,0.814542389200293,
0.822374527557988,0.830206665915683,0.838038804273378,0.845870942631073,
0.853703080988768,0.861535219346463,0.869367357704158,0.877199496061854,
0.885031634419549,0.892863772777244,0.900695911134939,0.908528049492634,
0.916360187850329,0.924192326208024,0.932024464565719,0.939856602923414,
0.94768874128111,0.955520879638805,0.9633530179965,0.971185156354195,0.97901729471189,
0.986849433069585,0.99468157142728,1.),.UNSPECIFIED.);
#86=B_SPLINE_SURFACE_WITH_KNOTS('',1,3,((#2189,#2190,#2191,#2192,#2193,
#2194,#2195,#2196,#2197,#2198,#2199,#2200,#2201,#2202,#2203,#2204,#2205,
#2206,#2207,#2208,#2209,#2210,#2211,#2212,#2213,#2214,#2215,#2216,#2217,
#2218,#2219,#2220,#2221,#2222,#2223,#2224,#2225,#2226,#2227,#2228,#2229,
#2230,#2231,#2232,#2233,#2234,#2235,#2236,#2237,#2238,#2239,#2240,#2241,
#2242,#2243,#2244,#2245,#2246,#2247,#2248,#2249,#2250,#2251,#2252,#2253,
#2254,#2255,#2256,#2257,#2258,#2259,#2260,#2261,#2262,#2263,#2264,#2265,
#2266,#2267,#2268,#2269,#2270,#2271,#2272,#2273,#2274,#2275,#2276,#2277,
#2278,#2279,#2280,#2281,#2282,#2283,#2284,#2285,#2286,#2287,#2288,#2289,
#2290,#2291,#2292,#2293,#2294,#2295,#2296,#2297,#2298,#2299,#2300,#2301,
#2302,#2303,#2304,#2305,#2306,#2307,#2308,#2309,#2310,#2311,#2312,#2313,
#2314,#2315,#2316,#2317,#2318,#2319),(#2320,#2321,#2322,#2323,#2324,#2325,
#2326,#2327,#2328,#2329,#2330,#2331,#2332,#2333,#2334,#2335,#2336,#2337,
#2338,#2339,#2340,#2341,#2342,#2343,#2344,#2345,#2346,#2347,#2348,#2349,
#2350,#2351,#2352,#2353,#2354,#2355,#2356,#2357,#2358,#2359,#2360,#2361,
#2362,#2363,#2364,#2365,#2366,#2367,#2368,#2369,#2370,#2371,#2372,#2373,
#2374,#2375,#2376,#2377,#2378,#2379,#2380,#2381,#2382,#2383,#2384,#2385,
#2386,#2387,#2388,#2389,#2390,#2391,#2392,#2393,#2394,#2395,#2396,#2397,
#2398,#2399,#2400,#2401,#2402,#2403,#2404,#2405,#2406,#2407,#2408,#2409,
#2410,#2411,#2412,#2413,#2414,#2415,#2416,#2417,#2418,#2419,#2420,#2421,
#2422,#2423,#2424,#2425,#2426,#2427,#2428,#2429,#2430,#2431,#2432,#2433,
#2434,#2435,#2436,#2437,#2438,#2439,#2440,#2441,#2442,#2443,#2444,#2445,
#2446,#2447,#2448,#2449,#2450)),.UNSPECIFIED.,.F.,.F.,.F.,(2,2),(4,1,1,
1,1,1,1,1,1,1,1,1,1,1,1,1,1,1,1,1,1,1,1,1,1,1,1,1,1,1,1,1,1,1,1,1,1,1,1,
1,1,1,1,1,1,1,1,1,1,1,1,1,1,1,1,1,1,1,1,1,1,1,1,1,1,1,1,1,1,1,1,1,1,1,1,
1,1,1,1,1,1,1,1,1,1,1,1,1,1,1,1,1,1,1,1,1,1,1,1,1,1,1,1,1,1,1,1,1,1,1,1,
1,1,1,1,1,1,1,1,1,1,1,1,1,1,1,1,1,4),(0.,1.),(0.,0.00783213835769512,0.0156642767153902,
0.0234964150730854,0.0313285534307805,0.0391606917884756,0.0469928301461707,
0.0548249685038658,0.062657106861561,0.0704892452192561,0.0783213835769512,
0.0861535219346463,0.0939856602923415,0.101817798650037,0.109649937007732,
0.117482075365427,0.125314213723122,0.133146352080817,0.140978490438512,
0.148810628796207,0.156642767153902,0.164474905511598,0.172307043869293,
0.180139182226988,0.187971320584683,0.195803458942378,0.203635597300073,
0.211467735657768,0.219299874015463,0.227132012373159,0.234964150730854,
0.242796289088549,0.250628427446244,0.258460565803939,0.266292704161634,
0.274124842519329,0.281956980877024,0.289789119234719,0.297621257592415,
0.30545339595011,0.313285534307805,0.3211176726655,0.328949811023195,0.33678194938089,
0.344614087738585,0.35244622609628,0.360278364453976,0.368110502811671,
0.375942641169366,0.383774779527061,0.391606917884756,0.399439056242451,
0.407271194600146,0.415103332957841,0.422935471315537,0.430767609673232,
0.438599748030927,0.446431886388622,0.454264024746317,0.462096163104012,
0.469928301461707,0.477760439819402,0.485592578177098,0.493424716534793,
0.501256854892488,0.509088993250183,0.516921131607878,0.524753269965573,
0.532585408323268,0.540417546680963,0.548249685038658,0.556081823396354,
0.563913961754049,0.571746100111744,0.579578238469439,0.587410376827134,
0.595242515184829,0.603074653542524,0.610906791900219,0.618738930257914,
0.62657106861561,0.634403206973305,0.642235345331,0.650067483688695,0.65789962204639,
0.665731760404085,0.67356389876178,0.681396037119476,0.689228175477171,
0.697060313834866,0.704892452192561,0.712724590550256,0.720556728907951,
0.728388867265646,0.736221005623341,0.744053143981037,0.751885282338732,
0.759717420696427,0.767549559054122,0.775381697411817,0.783213835769512,
0.791045974127207,0.798878112484902,0.806710250842597,0.814542389200293,
0.822374527557988,0.830206665915683,0.838038804273378,0.845870942631073,
0.853703080988768,0.861535219346463,0.869367357704158,0.877199496061854,
0.885031634419549,0.892863772777244,0.900695911134939,0.908528049492634,
0.916360187850329,0.924192326208024,0.932024464565719,0.939856602923414,
0.94768874128111,0.955520879638805,0.9633530179965,0.971185156354195,0.97901729471189,
0.986849433069585,0.99468157142728,1.),.UNSPECIFIED.);
#87=B_SPLINE_SURFACE_WITH_KNOTS('',1,3,((#3696,#3697,#3698,#3699,#3700,
#3701,#3702,#3703,#3704,#3705,#3706,#3707,#3708,#3709,#3710,#3711,#3712,
#3713,#3714,#3715,#3716,#3717,#3718,#3719,#3720,#3721,#3722,#3723,#3724,
#3725,#3726,#3727,#3728,#3729,#3730,#3731,#3732,#3733,#3734,#3735,#3736,
#3737,#3738,#3739,#3740,#3741,#3742,#3743,#3744,#3745,#3746,#3747,#3748,
#3749,#3750,#3751,#3752,#3753,#3754,#3755,#3756,#3757,#3758,#3759,#3760,
#3761,#3762,#3763,#3764,#3765,#3766,#3767,#3768,#3769,#3770,#3771,#3772,
#3773,#3774,#3775,#3776,#3777,#3778,#3779,#3780,#3781,#3782,#3783,#3784,
#3785,#3786,#3787,#3788,#3789,#3790,#3791,#3792,#3793,#3794,#3795,#3796,
#3797,#3798,#3799,#3800,#3801,#3802,#3803,#3804,#3805,#3806,#3807,#3808,
#3809,#3810,#3811,#3812,#3813,#3814,#3815,#3816,#3817,#3818,#3819,#3820,
#3821,#3822,#3823,#3824,#3825,#3826),(#3827,#3828,#3829,#3830,#3831,#3832,
#3833,#3834,#3835,#3836,#3837,#3838,#3839,#3840,#3841,#3842,#3843,#3844,
#3845,#3846,#3847,#3848,#3849,#3850,#3851,#3852,#3853,#3854,#3855,#3856,
#3857,#3858,#3859,#3860,#3861,#3862,#3863,#3864,#3865,#3866,#3867,#3868,
#3869,#3870,#3871,#3872,#3873,#3874,#3875,#3876,#3877,#3878,#3879,#3880,
#3881,#3882,#3883,#3884,#3885,#3886,#3887,#3888,#3889,#3890,#3891,#3892,
#3893,#3894,#3895,#3896,#3897,#3898,#3899,#3900,#3901,#3902,#3903,#3904,
#3905,#3906,#3907,#3908,#3909,#3910,#3911,#3912,#3913,#3914,#3915,#3916,
#3917,#3918,#3919,#3920,#3921,#3922,#3923,#3924,#3925,#3926,#3927,#3928,
#3929,#3930,#3931,#3932,#3933,#3934,#3935,#3936,#3937,#3938,#3939,#3940,
#3941,#3942,#3943,#3944,#3945,#3946,#3947,#3948,#3949,#3950,#3951,#3952,
#3953,#3954,#3955,#3956,#3957)),.UNSPECIFIED.,.F.,.F.,.F.,(2,2),(4,1,1,
1,1,1,1,1,1,1,1,1,1,1,1,1,1,1,1,1,1,1,1,1,1,1,1,1,1,1,1,1,1,1,1,1,1,1,1,
1,1,1,1,1,1,1,1,1,1,1,1,1,1,1,1,1,1,1,1,1,1,1,1,1,1,1,1,1,1,1,1,1,1,1,1,
1,1,1,1,1,1,1,1,1,1,1,1,1,1,1,1,1,1,1,1,1,1,1,1,1,1,1,1,1,1,1,1,1,1,1,1,
1,1,1,1,1,1,1,1,1,1,1,1,1,1,1,1,1,4),(0.,1.),(0.,0.00783213835769512,0.0156642767153902,
0.0234964150730854,0.0313285534307805,0.0391606917884756,0.0469928301461707,
0.0548249685038658,0.062657106861561,0.0704892452192561,0.0783213835769512,
0.0861535219346463,0.0939856602923415,0.101817798650037,0.109649937007732,
0.117482075365427,0.125314213723122,0.133146352080817,0.140978490438512,
0.148810628796207,0.156642767153902,0.164474905511598,0.172307043869293,
0.180139182226988,0.187971320584683,0.195803458942378,0.203635597300073,
0.211467735657768,0.219299874015463,0.227132012373159,0.234964150730854,
0.242796289088549,0.250628427446244,0.258460565803939,0.266292704161634,
0.274124842519329,0.281956980877024,0.289789119234719,0.297621257592415,
0.30545339595011,0.313285534307805,0.3211176726655,0.328949811023195,0.33678194938089,
0.344614087738585,0.35244622609628,0.360278364453976,0.368110502811671,
0.375942641169366,0.383774779527061,0.391606917884756,0.399439056242451,
0.407271194600146,0.415103332957841,0.422935471315537,0.430767609673232,
0.438599748030927,0.446431886388622,0.454264024746317,0.462096163104012,
0.469928301461707,0.477760439819402,0.485592578177098,0.493424716534793,
0.501256854892488,0.509088993250183,0.516921131607878,0.524753269965573,
0.532585408323268,0.540417546680963,0.548249685038658,0.556081823396354,
0.563913961754049,0.571746100111744,0.579578238469439,0.587410376827134,
0.595242515184829,0.603074653542524,0.610906791900219,0.618738930257914,
0.62657106861561,0.634403206973305,0.642235345331,0.650067483688695,0.65789962204639,
0.665731760404085,0.67356389876178,0.681396037119476,0.689228175477171,
0.697060313834866,0.704892452192561,0.712724590550256,0.720556728907951,
0.728388867265646,0.736221005623341,0.744053143981037,0.751885282338732,
0.759717420696427,0.767549559054122,0.775381697411817,0.783213835769512,
0.791045974127207,0.798878112484902,0.806710250842597,0.814542389200293,
0.822374527557988,0.830206665915683,0.838038804273378,0.845870942631073,
0.853703080988768,0.861535219346463,0.869367357704158,0.877199496061854,
0.885031634419549,0.892863772777244,0.900695911134939,0.908528049492634,
0.916360187850329,0.924192326208024,0.932024464565719,0.939856602923414,
0.94768874128111,0.955520879638805,0.9633530179965,0.971185156354195,0.97901729471189,
0.986849433069585,0.99468157142728,1.),.UNSPECIFIED.);
#88=B_SPLINE_SURFACE_WITH_KNOTS('',1,3,((#3958,#3959,#3960,#3961,#3962,
#3963,#3964,#3965,#3966,#3967,#3968,#3969,#3970,#3971,#3972,#3973,#3974,
#3975,#3976,#3977,#3978,#3979,#3980,#3981,#3982,#3983,#3984,#3985,#3986,
#3987,#3988,#3989,#3990,#3991,#3992,#3993,#3994,#3995,#3996,#3997,#3998,
#3999,#4000,#4001,#4002,#4003,#4004,#4005,#4006,#4007,#4008,#4009,#4010,
#4011,#4012,#4013,#4014,#4015,#4016,#4017,#4018,#4019,#4020,#4021,#4022,
#4023,#4024,#4025,#4026,#4027,#4028,#4029,#4030,#4031,#4032,#4033,#4034,
#4035,#4036,#4037,#4038,#4039,#4040,#4041,#4042,#4043,#4044,#4045,#4046,
#4047,#4048,#4049,#4050,#4051,#4052,#4053,#4054,#4055,#4056,#4057,#4058,
#4059,#4060,#4061,#4062,#4063,#4064,#4065,#4066,#4067,#4068,#4069,#4070,
#4071,#4072,#4073,#4074,#4075,#4076,#4077,#4078,#4079,#4080,#4081,#4082,
#4083,#4084,#4085,#4086,#4087,#4088),(#4089,#4090,#4091,#4092,#4093,#4094,
#4095,#4096,#4097,#4098,#4099,#4100,#4101,#4102,#4103,#4104,#4105,#4106,
#4107,#4108,#4109,#4110,#4111,#4112,#4113,#4114,#4115,#4116,#4117,#4118,
#4119,#4120,#4121,#4122,#4123,#4124,#4125,#4126,#4127,#4128,#4129,#4130,
#4131,#4132,#4133,#4134,#4135,#4136,#4137,#4138,#4139,#4140,#4141,#4142,
#4143,#4144,#4145,#4146,#4147,#4148,#4149,#4150,#4151,#4152,#4153,#4154,
#4155,#4156,#4157,#4158,#4159,#4160,#4161,#4162,#4163,#4164,#4165,#4166,
#4167,#4168,#4169,#4170,#4171,#4172,#4173,#4174,#4175,#4176,#4177,#4178,
#4179,#4180,#4181,#4182,#4183,#4184,#4185,#4186,#4187,#4188,#4189,#4190,
#4191,#4192,#4193,#4194,#4195,#4196,#4197,#4198,#4199,#4200,#4201,#4202,
#4203,#4204,#4205,#4206,#4207,#4208,#4209,#4210,#4211,#4212,#4213,#4214,
#4215,#4216,#4217,#4218,#4219)),.UNSPECIFIED.,.F.,.F.,.F.,(2,2),(4,1,1,
1,1,1,1,1,1,1,1,1,1,1,1,1,1,1,1,1,1,1,1,1,1,1,1,1,1,1,1,1,1,1,1,1,1,1,1,
1,1,1,1,1,1,1,1,1,1,1,1,1,1,1,1,1,1,1,1,1,1,1,1,1,1,1,1,1,1,1,1,1,1,1,1,
1,1,1,1,1,1,1,1,1,1,1,1,1,1,1,1,1,1,1,1,1,1,1,1,1,1,1,1,1,1,1,1,1,1,1,1,
1,1,1,1,1,1,1,1,1,1,1,1,1,1,1,1,1,4),(0.,1.),(0.,0.00783213835769512,0.0156642767153902,
0.0234964150730854,0.0313285534307805,0.0391606917884756,0.0469928301461707,
0.0548249685038658,0.062657106861561,0.0704892452192561,0.0783213835769512,
0.0861535219346463,0.0939856602923415,0.101817798650037,0.109649937007732,
0.117482075365427,0.125314213723122,0.133146352080817,0.140978490438512,
0.148810628796207,0.156642767153902,0.164474905511598,0.172307043869293,
0.180139182226988,0.187971320584683,0.195803458942378,0.203635597300073,
0.211467735657768,0.219299874015463,0.227132012373159,0.234964150730854,
0.242796289088549,0.250628427446244,0.258460565803939,0.266292704161634,
0.274124842519329,0.281956980877024,0.289789119234719,0.297621257592415,
0.30545339595011,0.313285534307805,0.3211176726655,0.328949811023195,0.33678194938089,
0.344614087738585,0.35244622609628,0.360278364453976,0.368110502811671,
0.375942641169366,0.383774779527061,0.391606917884756,0.399439056242451,
0.407271194600146,0.415103332957841,0.422935471315537,0.430767609673232,
0.438599748030927,0.446431886388622,0.454264024746317,0.462096163104012,
0.469928301461707,0.477760439819402,0.485592578177098,0.493424716534793,
0.501256854892488,0.509088993250183,0.516921131607878,0.524753269965573,
0.532585408323268,0.540417546680963,0.548249685038658,0.556081823396354,
0.563913961754049,0.571746100111744,0.579578238469439,0.587410376827134,
0.595242515184829,0.603074653542524,0.610906791900219,0.618738930257914,
0.62657106861561,0.634403206973305,0.642235345331,0.650067483688695,0.65789962204639,
0.665731760404085,0.67356389876178,0.681396037119476,0.689228175477171,
0.697060313834866,0.704892452192561,0.712724590550256,0.720556728907951,
0.728388867265646,0.736221005623341,0.744053143981037,0.751885282338732,
0.759717420696427,0.767549559054122,0.775381697411817,0.783213835769512,
0.791045974127207,0.798878112484902,0.806710250842597,0.814542389200293,
0.822374527557988,0.830206665915683,0.838038804273378,0.845870942631073,
0.853703080988768,0.861535219346463,0.869367357704158,0.877199496061854,
0.885031634419549,0.892863772777244,0.900695911134939,0.908528049492634,
0.916360187850329,0.924192326208024,0.932024464565719,0.939856602923414,
0.94768874128111,0.955520879638805,0.9633530179965,0.971185156354195,0.97901729471189,
0.986849433069585,0.99468157142728,1.),.UNSPECIFIED.);
#89=B_SPLINE_CURVE_WITH_KNOTS('',3,(#688,#689,#690,#691,#692,#693,#694,
#695,#696,#697,#698,#699,#700,#701,#702,#703,#704,#705,#706,#707,#708,#709,
#710,#711,#712,#713,#714,#715,#716,#717,#718,#719,#720,#721,#722,#723,#724,
#725,#726,#727,#728,#729,#730,#731,#732,#733),.UNSPECIFIED.,.F.,.F.,(4,
2,2,2,2,2,2,2,2,2,2,2,2,2,2,2,2,2,2,2,2,2,4),(0.,0.0625,0.09375,0.125,0.1875,
0.25,0.28125,0.3125,0.34375,0.375,0.4375,0.5,0.5625,0.59375,0.625,0.65625,
0.6875,0.71875,0.75,0.8125,0.875,0.9375,1.),.UNSPECIFIED.);
#90=B_SPLINE_CURVE_WITH_KNOTS('',3,(#737,#738,#739,#740,#741,#742,#743,
#744,#745,#746,#747,#748,#749,#750,#751,#752),.UNSPECIFIED.,.F.,.F.,(4,
2,2,2,2,2,2,4),(0.,0.125,0.25,0.375,0.5,0.625,0.75,1.),.UNSPECIFIED.);
#91=B_SPLINE_CURVE_WITH_KNOTS('',3,(#757,#758,#759,#760,#761,#762,#763,
#764,#765,#766,#767,#768,#769,#770,#771,#772,#773,#774,#775,#776,#777,#778,
#779,#780,#781,#782,#783,#784,#785,#786,#787,#788,#789,#790,#791,#792,#793,
#794,#795,#796,#797,#798,#799,#800,#801,#802,#803,#804,#805,#806,#807,#808,
#809,#810,#811,#812,#813,#814,#815,#816,#817,#818,#819,#820,#821,#822,#823,
#824,#825,#826,#827,#828,#829,#830,#831,#832,#833,#834,#835,#836,#837,#838,
#839,#840,#841,#842,#843,#844,#845,#846,#847,#848,#849,#850,#851,#852,#853,
#854,#855,#856,#857,#858,#859,#860,#861,#862,#863,#864,#865,#866,#867,#868,
#869,#870,#871,#872,#873,#874,#875,#876,#877,#878,#879,#880,#881,#882,#883,
#884,#885,#886,#887,#888,#889,#890,#891,#892,#893,#894,#895,#896,#897,#898,
#899,#900,#901,#902,#903,#904,#905,#906,#907,#908,#909,#910,#911,#912,#913,
#914,#915,#916,#917,#918,#919,#920,#921,#922,#923,#924,#925,#926,#927,#928,
#929,#930,#931,#932,#933,#934,#935,#936,#937,#938,#939,#940,#941,#942,#943,
#944,#945,#946,#947,#948,#949,#950,#951,#952,#953,#954,#955,#956,#957,#958,
#959,#960,#961,#962,#963,#964,#965,#966,#967,#968,#969,#970,#971,#972,#973,
#974,#975,#976,#977,#978,#979,#980,#981,#982,#983,#984,#985,#986,#987,#988,
#989,#990,#991,#992,#993,#994,#995,#996,#997,#998,#999,#1000,#1001,#1002,
#1003,#1004,#1005,#1006,#1007,#1008,#1009,#1010,#1011,#1012,#1013,#1014,
#1015,#1016,#1017,#1018,#1019,#1020,#1021,#1022,#1023,#1024,#1025,#1026,
#1027,#1028,#1029,#1030,#1031,#1032,#1033,#1034,#1035,#1036,#1037,#1038,
#1039,#1040,#1041,#1042),.UNSPECIFIED.,.F.,.F.,(4,2,2,2,2,2,2,2,2,2,2,2,
2,2,2,2,2,2,2,2,2,2,2,2,2,2,2,2,2,2,2,2,2,2,2,2,2,2,2,2,2,2,2,2,2,2,2,2,
2,2,2,2,2,2,2,2,2,2,2,2,2,2,2,2,2,2,2,2,2,2,2,2,2,2,2,2,2,2,2,2,2,2,2,2,
2,2,2,2,2,2,2,2,2,2,2,2,2,2,2,2,2,2,2,2,2,2,2,2,2,2,2,2,2,2,2,2,2,2,2,2,
2,2,2,2,2,2,2,2,2,2,2,2,2,2,2,2,2,2,2,2,2,2,4),(0.,0.00781249999999999,
0.01171875,0.015625,0.0234375,0.03125,0.0390625,0.046875,0.0546875,0.0625000000000001,
0.0703125000000001,0.0781250000000001,0.0859375000000001,0.0937500000000002,
0.0976562500000002,0.1015625,0.109375,0.1171875,0.125,0.1328125,0.140625,
0.1484375,0.15625,0.1640625,0.171875,0.1796875,0.18359375,0.1875,0.1953125,
0.203125,0.2109375,0.21875,0.2265625,0.234375,0.2421875,0.25,0.2578125,
0.265625,0.26953125,0.2734375,0.28125,0.2890625,0.296875,0.3046875,0.3125,
0.3203125,0.328125,0.3359375,0.34375,0.3515625,0.35546875,0.359375,0.3671875,
0.37109375,0.375,0.3828125,0.390625,0.3984375,0.40625,0.4140625,0.421875,
0.4296875,0.4375,0.44140625,0.4453125,0.453125,0.45703125,0.4609375,0.46875,
0.4765625,0.484375,0.4921875,0.5,0.5078125,0.515625,0.5234375,0.53125,0.5390625,
0.54296875,0.546875,0.5546875,0.5625,0.5703125,0.578125,0.5859375,0.59375,
0.6015625,0.609375,0.6171875,0.625,0.62890625,0.6328125,0.640625,0.6484375,
0.65625,0.6640625,0.671875,0.6796875,0.6875,0.6953125,0.703125,0.7109375,
0.71484375,0.71875,0.7265625,0.734375,0.7421875,0.75,0.7578125,0.765625,
0.7734375,0.78125,0.7890625,0.796875,0.80078125,0.8046875,0.8125,0.8203125,
0.82421875,0.828125,0.8359375,0.84375,0.8515625,0.859375,0.8671875,0.875,
0.8828125,0.890625,0.8984375,0.90625,0.91015625,0.9140625,0.921875,0.9296875,
0.9375,0.9453125,0.953125,0.9609375,0.96875,0.9765625,0.984375,0.9921875,
1.),.UNSPECIFIED.);
#92=B_SPLINE_CURVE_WITH_KNOTS('',3,(#1043,#1044,#1045,#1046,#1047,#1048,
#1049,#1050,#1051,#1052,#1053,#1054,#1055,#1056,#1057,#1058,#1059,#1060,
#1061,#1062,#1063,#1064,#1065,#1066,#1067,#1068,#1069,#1070,#1071,#1072,
#1073,#1074,#1075,#1076,#1077,#1078,#1079,#1080,#1081,#1082,#1083,#1084,
#1085,#1086,#1087,#1088,#1089,#1090,#1091,#1092,#1093,#1094,#1095,#1096,
#1097,#1098,#1099,#1100,#1101,#1102,#1103,#1104,#1105,#1106,#1107,#1108,
#1109,#1110,#1111,#1112,#1113,#1114,#1115,#1116,#1117,#1118,#1119,#1120,
#1121,#1122,#1123,#1124,#1125,#1126,#1127,#1128,#1129,#1130,#1131,#1132,
#1133,#1134,#1135,#1136,#1137,#1138,#1139,#1140,#1141,#1142,#1143,#1144,
#1145,#1146,#1147,#1148,#1149,#1150,#1151,#1152,#1153,#1154,#1155,#1156,
#1157,#1158,#1159,#1160,#1161,#1162,#1163,#1164,#1165,#1166,#1167,#1168,
#1169,#1170,#1171,#1172,#1173,#1174,#1175,#1176,#1177,#1178,#1179,#1180,
#1181,#1182,#1183,#1184,#1185,#1186,#1187,#1188,#1189,#1190,#1191,#1192,
#1193,#1194,#1195,#1196,#1197,#1198,#1199,#1200,#1201,#1202,#1203,#1204,
#1205,#1206,#1207,#1208,#1209,#1210,#1211,#1212,#1213,#1214,#1215,#1216,
#1217,#1218,#1219,#1220,#1221,#1222,#1223,#1224,#1225,#1226,#1227,#1228,
#1229,#1230,#1231,#1232,#1233,#1234,#1235,#1236,#1237,#1238,#1239,#1240,
#1241,#1242,#1243,#1244,#1245,#1246,#1247,#1248,#1249,#1250,#1251,#1252,
#1253,#1254,#1255,#1256,#1257,#1258,#1259,#1260,#1261,#1262,#1263,#1264,
#1265,#1266,#1267,#1268,#1269,#1270,#1271,#1272,#1273,#1274,#1275,#1276,
#1277,#1278,#1279,#1280,#1281,#1282,#1283,#1284,#1285,#1286,#1287,#1288,
#1289,#1290,#1291,#1292,#1293,#1294,#1295,#1296,#1297,#1298,#1299,#1300,
#1301,#1302,#1303,#1304,#1305,#1306,#1307,#1308,#1309,#1310,#1311,#1312,
#1313,#1314,#1315,#1316,#1317,#1318,#1319,#1320,#1321,#1322,#1323,#1324,
#1325,#1326,#1327,#1328),.UNSPECIFIED.,.F.,.F.,(4,2,2,2,2,2,2,2,2,2,2,2,
2,2,2,2,2,2,2,2,2,2,2,2,2,2,2,2,2,2,2,2,2,2,2,2,2,2,2,2,2,2,2,2,2,2,2,2,
2,2,2,2,2,2,2,2,2,2,2,2,2,2,2,2,2,2,2,2,2,2,2,2,2,2,2,2,2,2,2,2,2,2,2,2,
2,2,2,2,2,2,2,2,2,2,2,2,2,2,2,2,2,2,2,2,2,2,2,2,2,2,2,2,2,2,2,2,2,2,2,2,
2,2,2,2,2,2,2,2,2,2,2,2,2,2,2,2,2,2,2,2,2,2,4),(0.,0.0078125,0.01171875,
0.015625,0.0234375,0.03125,0.0390625,0.0468750000000001,0.0546875000000001,
0.0625000000000001,0.0703125000000001,0.0781250000000001,0.0859375000000001,
0.0937500000000001,0.0976562500000001,0.1015625,0.109375,0.1171875,0.125,
0.1328125,0.140625,0.1484375,0.15625,0.1640625,0.171875,0.1796875,0.18359375,
0.1875,0.1953125,0.203125,0.2109375,0.21875,0.2265625,0.234375,0.2421875,
0.25,0.2578125,0.265625,0.26953125,0.2734375,0.28125,0.2890625,0.296875,
0.3046875,0.3125,0.3203125,0.328125,0.3359375,0.34375,0.3515625,0.35546875,
0.359375,0.3671875,0.37109375,0.375,0.3828125,0.390625,0.3984375,0.40625,
0.4140625,0.421875,0.4296875,0.4375,0.44140625,0.4453125,0.453125,0.45703125,
0.4609375,0.46875,0.4765625,0.484375,0.4921875,0.5,0.5078125,0.515625,0.5234375,
0.53125,0.5390625,0.54296875,0.546875,0.5546875,0.5625,0.5703125,0.578125,
0.5859375,0.59375,0.6015625,0.609375,0.6171875,0.625,0.62890625,0.6328125,
0.640625,0.6484375,0.65625,0.6640625,0.671875,0.6796875,0.6875,0.6953125,
0.703125,0.7109375,0.71484375,0.71875,0.7265625,0.734375,0.7421875,0.75,
0.7578125,0.765625,0.7734375,0.78125,0.7890625,0.796875,0.80078125,0.8046875,
0.8125,0.8203125,0.82421875,0.828125,0.8359375,0.84375,0.8515625,0.859375,
0.8671875,0.875,0.8828125,0.890625,0.8984375,0.90625,0.91015625,0.9140625,
0.921875,0.9296875,0.9375,0.9453125,0.953125,0.9609375,0.96875,0.9765625,
0.984375,0.9921875,1.),.UNSPECIFIED.);
#93=B_SPLINE_CURVE_WITH_KNOTS('',3,(#1333,#1334,#1335,#1336,#1337,#1338,
#1339,#1340,#1341,#1342,#1343,#1344,#1345,#1346,#1347,#1348),
 .UNSPECIFIED.,.F.,.F.,(4,2,2,2,2,2,2,4),(0.,0.125,0.25,0.5,0.625,0.75,
0.875,1.),.UNSPECIFIED.);
#94=B_SPLINE_CURVE_WITH_KNOTS('',3,(#1349,#1350,#1351,#1352,#1353,#1354,
#1355,#1356,#1357,#1358,#1359,#1360,#1361,#1362,#1363,#1364),
 .UNSPECIFIED.,.F.,.F.,(4,2,2,2,2,2,2,4),(0.,0.125,0.25,0.375,0.5,0.625,
0.75,1.),.UNSPECIFIED.);
#95=B_SPLINE_CURVE_WITH_KNOTS('',3,(#1366,#1367,#1368,#1369,#1370,#1371,
#1372,#1373,#1374,#1375,#1376,#1377,#1378,#1379,#1380,#1381,#1382,#1383,
#1384,#1385,#1386,#1387,#1388,#1389,#1390,#1391,#1392,#1393,#1394,#1395,
#1396,#1397,#1398,#1399,#1400,#1401,#1402,#1403,#1404,#1405,#1406,#1407,
#1408,#1409,#1410,#1411,#1412,#1413,#1414,#1415,#1416,#1417,#1418,#1419,
#1420,#1421,#1422,#1423,#1424,#1425,#1426,#1427,#1428,#1429,#1430,#1431,
#1432,#1433,#1434,#1435,#1436,#1437,#1438,#1439,#1440,#1441,#1442,#1443,
#1444,#1445,#1446,#1447,#1448,#1449,#1450,#1451,#1452,#1453,#1454,#1455,
#1456,#1457,#1458,#1459,#1460,#1461,#1462,#1463,#1464,#1465,#1466,#1467,
#1468,#1469,#1470,#1471,#1472,#1473,#1474,#1475,#1476,#1477,#1478,#1479,
#1480,#1481,#1482,#1483,#1484,#1485,#1486,#1487,#1488,#1489,#1490,#1491,
#1492,#1493,#1494,#1495,#1496,#1497,#1498,#1499,#1500,#1501,#1502,#1503,
#1504,#1505,#1506,#1507,#1508,#1509,#1510,#1511,#1512,#1513,#1514,#1515,
#1516,#1517,#1518,#1519,#1520,#1521,#1522,#1523,#1524,#1525,#1526,#1527,
#1528,#1529,#1530,#1531,#1532,#1533,#1534,#1535,#1536,#1537,#1538,#1539,
#1540,#1541,#1542,#1543,#1544,#1545,#1546,#1547,#1548,#1549,#1550,#1551,
#1552,#1553,#1554,#1555,#1556,#1557,#1558,#1559,#1560,#1561,#1562,#1563,
#1564,#1565,#1566,#1567,#1568,#1569,#1570,#1571,#1572,#1573,#1574,#1575,
#1576,#1577,#1578,#1579,#1580,#1581,#1582,#1583,#1584,#1585,#1586,#1587,
#1588,#1589,#1590,#1591,#1592,#1593,#1594,#1595,#1596,#1597,#1598,#1599,
#1600,#1601,#1602,#1603,#1604,#1605,#1606,#1607,#1608,#1609,#1610,#1611,
#1612,#1613,#1614,#1615,#1616,#1617,#1618,#1619,#1620,#1621,#1622,#1623,
#1624,#1625,#1626,#1627,#1628,#1629,#1630,#1631,#1632,#1633,#1634,#1635,
#1636,#1637,#1638,#1639,#1640,#1641,#1642,#1643,#1644,#1645,#1646,#1647,
#1648,#1649,#1650,#1651,#1652,#1653,#1654,#1655),.UNSPECIFIED.,.F.,.F.,
(4,2,2,2,2,2,2,2,2,2,2,2,2,2,2,2,2,2,2,2,2,2,2,2,2,2,2,2,2,2,2,2,2,2,2,
2,2,2,2,2,2,2,2,2,2,2,2,2,2,2,2,2,2,2,2,2,2,2,2,2,2,2,2,2,2,2,2,2,2,2,2,
2,2,2,2,2,2,2,2,2,2,2,2,2,2,2,2,2,2,2,2,2,2,2,2,2,2,2,2,2,2,2,2,2,2,2,2,
2,2,2,2,2,2,2,2,2,2,2,2,2,2,2,2,2,2,2,2,2,2,2,2,2,2,2,2,2,2,2,2,2,2,2,2,
2,4),(0.,0.00781249999999989,0.0156249999999999,0.0234374999999999,0.0312499999999999,
0.0390624999999999,0.0468749999999999,0.0546874999999999,0.0624999999999999,
0.0703124999999999,0.0781249999999999,0.0859375,0.09375,0.1015625,0.109375,
0.1171875,0.125,0.1328125,0.140625,0.1484375,0.15625,0.1640625,0.171875,
0.1796875,0.1875,0.1953125,0.203125,0.2109375,0.21875,0.2265625,0.234375,
0.2421875,0.25,0.2578125,0.265625,0.2734375,0.28125,0.28515625,0.2890625,
0.296875,0.3046875,0.3125,0.31640625,0.3203125,0.328125,0.3359375,0.34375,
0.3515625,0.35546875,0.359375,0.3671875,0.375,0.3828125,0.38671875,0.390625,
0.3984375,0.40625,0.4140625,0.421875,0.42578125,0.4296875,0.4375,0.4453125,
0.453125,0.45703125,0.4609375,0.46875,0.4765625,0.484375,0.4921875,0.49609375,
0.5,0.5078125,0.515625,0.5234375,0.52734375,0.53125,0.5390625,0.546875,
0.5546875,0.5625,0.56640625,0.5703125,0.578125,0.5859375,0.59375,0.59765625,
0.6015625,0.609375,0.6171875,0.625,0.6328125,0.63671875,0.640625,0.6484375,
0.65625,0.6640625,0.66796875,0.671875,0.6796875,0.6875,0.6953125,0.703125,
0.70703125,0.7109375,0.71875,0.7265625,0.734375,0.73828125,0.7421875,0.75,
0.7578125,0.765625,0.7734375,0.77734375,0.78125,0.7890625,0.796875,0.8046875,
0.80859375,0.8125,0.8203125,0.828125,0.8359375,0.84375,0.8515625,0.859375,
0.8671875,0.875,0.8828125,0.890625,0.8984375,0.90625,0.9140625,0.921875,
0.9296875,0.9375,0.9453125,0.953125,0.9609375,0.96875,0.9765625,0.984375,
0.9921875,1.),.UNSPECIFIED.);
#96=B_SPLINE_CURVE_WITH_KNOTS('',3,(#1656,#1657,#1658,#1659,#1660,#1661,
#1662,#1663,#1664,#1665,#1666,#1667,#1668,#1669,#1670,#1671,#1672,#1673,
#1674,#1675,#1676,#1677,#1678,#1679,#1680,#1681,#1682,#1683,#1684,#1685,
#1686,#1687,#1688,#1689,#1690,#1691,#1692,#1693,#1694,#1695,#1696,#1697,
#1698,#1699,#1700,#1701,#1702,#1703,#1704,#1705,#1706,#1707,#1708,#1709,
#1710,#1711,#1712,#1713,#1714,#1715,#1716,#1717,#1718,#1719,#1720,#1721,
#1722,#1723,#1724,#1725,#1726,#1727,#1728,#1729,#1730,#1731,#1732,#1733,
#1734,#1735,#1736,#1737,#1738,#1739,#1740,#1741,#1742,#1743,#1744,#1745,
#1746,#1747,#1748,#1749,#1750,#1751,#1752,#1753,#1754,#1755,#1756,#1757,
#1758,#1759,#1760,#1761,#1762,#1763,#1764,#1765,#1766,#1767,#1768,#1769,
#1770,#1771,#1772,#1773,#1774,#1775,#1776,#1777,#1778,#1779,#1780,#1781,
#1782,#1783,#1784,#1785,#1786,#1787,#1788,#1789,#1790,#1791,#1792,#1793,
#1794,#1795,#1796,#1797,#1798,#1799,#1800,#1801,#1802,#1803,#1804,#1805,
#1806,#1807,#1808,#1809,#1810,#1811,#1812,#1813,#1814,#1815,#1816,#1817,
#1818,#1819,#1820,#1821,#1822,#1823,#1824,#1825,#1826,#1827,#1828,#1829,
#1830,#1831,#1832,#1833,#1834,#1835,#1836,#1837,#1838,#1839,#1840,#1841,
#1842,#1843,#1844,#1845,#1846,#1847,#1848,#1849,#1850,#1851,#1852,#1853,
#1854,#1855,#1856,#1857,#1858,#1859,#1860,#1861,#1862,#1863,#1864,#1865,
#1866,#1867,#1868,#1869,#1870,#1871,#1872,#1873,#1874,#1875,#1876,#1877,
#1878,#1879,#1880,#1881,#1882,#1883,#1884,#1885,#1886,#1887,#1888,#1889,
#1890,#1891,#1892,#1893,#1894,#1895,#1896,#1897,#1898,#1899,#1900,#1901,
#1902,#1903,#1904,#1905,#1906,#1907,#1908,#1909,#1910,#1911,#1912,#1913,
#1914,#1915,#1916,#1917,#1918,#1919,#1920,#1921,#1922,#1923,#1924,#1925),
 .UNSPECIFIED.,.F.,.F.,(4,2,2,2,2,2,2,2,2,2,2,2,2,2,2,2,2,2,2,2,2,2,2,2,
2,2,2,2,2,2,2,2,2,2,2,2,2,2,2,2,2,2,2,2,2,2,2,2,2,2,2,2,2,2,2,2,2,2,2,2,
2,2,2,2,2,2,2,2,2,2,2,2,2,2,2,2,2,2,2,2,2,2,2,2,2,2,2,2,2,2,2,2,2,2,2,2,
2,2,2,2,2,2,2,2,2,2,2,2,2,2,2,2,2,2,2,2,2,2,2,2,2,2,2,2,2,2,2,2,2,2,2,2,
2,2,4),(0.,0.00781249999999989,0.0156249999999999,0.0195312499999999,0.0234374999999999,
0.0312499999999999,0.0390624999999999,0.0468749999999999,0.0507812499999999,
0.0546874999999999,0.0624999999999999,0.0703124999999999,0.0781249999999999,
0.0859374999999999,0.0937499999999999,0.1015625,0.109375,0.1171875,0.125,
0.1328125,0.140625,0.1484375,0.15625,0.1640625,0.171875,0.1796875,0.1875,
0.1953125,0.203125,0.2109375,0.21875,0.2265625,0.234375,0.2421875,0.25,
0.2578125,0.265625,0.2734375,0.28125,0.2890625,0.296875,0.3046875,0.3125,
0.3203125,0.328125,0.3359375,0.34375,0.3515625,0.359375,0.3671875,0.375,
0.3828125,0.390625,0.3984375,0.40625,0.4140625,0.421875,0.4296875,0.4375,
0.4453125,0.453125,0.4609375,0.46875,0.4765625,0.484375,0.4921875,0.5,0.5078125,
0.515625,0.5234375,0.53125,0.5390625,0.546875,0.5546875,0.5625,0.5703125,
0.578125,0.5859375,0.59375,0.6015625,0.609375,0.6171875,0.625,0.6328125,
0.640625,0.6484375,0.65625,0.6640625,0.671875,0.6796875,0.6875,0.6953125,
0.703125,0.7109375,0.71875,0.7265625,0.734375,0.7421875,0.75,0.7578125,
0.765625,0.7734375,0.78125,0.7890625,0.796875,0.8046875,0.8125,0.8203125,
0.828125,0.8359375,0.84375,0.8515625,0.859375,0.8671875,0.87109375,0.875,
0.8828125,0.890625,0.8984375,0.90234375,0.90625,0.9140625,0.921875,0.9296875,
0.9375,0.94140625,0.9453125,0.953125,0.9609375,0.96875,0.97265625,0.9765625,
0.984375,0.9921875,1.),.UNSPECIFIED.);
#97=B_SPLINE_CURVE_WITH_KNOTS('',3,(#2457,#2458,#2459,#2460,#2461,#2462,
#2463,#2464,#2465,#2466,#2467,#2468,#2469,#2470,#2471,#2472,#2473,#2474,
#2475,#2476,#2477,#2478,#2479,#2480,#2481,#2482,#2483,#2484,#2485,#2486,
#2487,#2488,#2489,#2490,#2491,#2492,#2493,#2494,#2495,#2496,#2497,#2498,
#2499,#2500,#2501,#2502),.UNSPECIFIED.,.F.,.F.,(4,2,2,2,2,2,2,2,2,2,2,2,
2,2,2,2,2,2,2,2,2,2,4),(0.,0.0625,0.09375,0.125,0.1875,0.25,0.28125,0.3125,
0.34375,0.375,0.4375,0.5,0.5625,0.59375,0.625,0.65625,0.6875,0.71875,0.75,
0.8125,0.875,0.9375,1.),.UNSPECIFIED.);
#98=B_SPLINE_CURVE_WITH_KNOTS('',3,(#2506,#2507,#2508,#2509,#2510,#2511,
#2512,#2513,#2514,#2515,#2516,#2517,#2518,#2519,#2520,#2521),
 .UNSPECIFIED.,.F.,.F.,(4,2,2,2,2,2,2,4),(0.,0.125,0.25,0.375,0.5,0.625,
0.75,1.),.UNSPECIFIED.);
#99=B_SPLINE_CURVE_WITH_KNOTS('',3,(#2526,#2527,#2528,#2529,#2530,#2531,
#2532,#2533,#2534,#2535,#2536,#2537,#2538,#2539,#2540,#2541,#2542,#2543,
#2544,#2545,#2546,#2547,#2548,#2549,#2550,#2551,#2552,#2553,#2554,#2555,
#2556,#2557,#2558,#2559,#2560,#2561,#2562,#2563,#2564,#2565,#2566,#2567,
#2568,#2569,#2570,#2571,#2572,#2573,#2574,#2575,#2576,#2577,#2578,#2579,
#2580,#2581,#2582,#2583,#2584,#2585,#2586,#2587,#2588,#2589,#2590,#2591,
#2592,#2593,#2594,#2595,#2596,#2597,#2598,#2599,#2600,#2601,#2602,#2603,
#2604,#2605,#2606,#2607,#2608,#2609,#2610,#2611,#2612,#2613,#2614,#2615,
#2616,#2617,#2618,#2619,#2620,#2621,#2622,#2623,#2624,#2625,#2626,#2627,
#2628,#2629,#2630,#2631,#2632,#2633,#2634,#2635,#2636,#2637,#2638,#2639,
#2640,#2641,#2642,#2643,#2644,#2645,#2646,#2647,#2648,#2649,#2650,#2651,
#2652,#2653,#2654,#2655,#2656,#2657,#2658,#2659,#2660,#2661,#2662,#2663,
#2664,#2665,#2666,#2667,#2668,#2669,#2670,#2671,#2672,#2673,#2674,#2675,
#2676,#2677,#2678,#2679,#2680,#2681,#2682,#2683,#2684,#2685,#2686,#2687,
#2688,#2689,#2690,#2691,#2692,#2693,#2694,#2695,#2696,#2697,#2698,#2699,
#2700,#2701,#2702,#2703,#2704,#2705,#2706,#2707,#2708,#2709,#2710,#2711,
#2712,#2713,#2714,#2715,#2716,#2717,#2718,#2719,#2720,#2721,#2722,#2723,
#2724,#2725,#2726,#2727,#2728,#2729,#2730,#2731,#2732,#2733,#2734,#2735,
#2736,#2737,#2738,#2739,#2740,#2741,#2742,#2743,#2744,#2745,#2746,#2747,
#2748,#2749,#2750,#2751,#2752,#2753,#2754,#2755,#2756,#2757,#2758,#2759,
#2760,#2761,#2762,#2763,#2764,#2765,#2766,#2767,#2768,#2769,#2770,#2771,
#2772,#2773,#2774,#2775,#2776,#2777,#2778,#2779,#2780,#2781,#2782,#2783,
#2784,#2785,#2786,#2787,#2788,#2789,#2790,#2791,#2792,#2793,#2794,#2795,
#2796,#2797,#2798,#2799,#2800,#2801,#2802,#2803,#2804,#2805,#2806,#2807,
#2808,#2809,#2810,#2811),.UNSPECIFIED.,.F.,.F.,(4,2,2,2,2,2,2,2,2,2,2,2,
2,2,2,2,2,2,2,2,2,2,2,2,2,2,2,2,2,2,2,2,2,2,2,2,2,2,2,2,2,2,2,2,2,2,2,2,
2,2,2,2,2,2,2,2,2,2,2,2,2,2,2,2,2,2,2,2,2,2,2,2,2,2,2,2,2,2,2,2,2,2,2,2,
2,2,2,2,2,2,2,2,2,2,2,2,2,2,2,2,2,2,2,2,2,2,2,2,2,2,2,2,2,2,2,2,2,2,2,2,
2,2,2,2,2,2,2,2,2,2,2,2,2,2,2,2,2,2,2,2,2,2,4),(0.,0.00781249999999999,
0.01171875,0.015625,0.0234375,0.03125,0.0390625,0.046875,0.0546875,0.0625000000000001,
0.0703125000000001,0.0781250000000001,0.0859375000000001,0.0937500000000002,
0.0976562500000002,0.1015625,0.109375,0.1171875,0.125,0.1328125,0.140625,
0.1484375,0.15625,0.1640625,0.171875,0.1796875,0.18359375,0.1875,0.1953125,
0.203125,0.2109375,0.21875,0.2265625,0.234375,0.2421875,0.25,0.2578125,
0.265625,0.26953125,0.2734375,0.28125,0.2890625,0.296875,0.3046875,0.3125,
0.3203125,0.328125,0.3359375,0.34375,0.3515625,0.35546875,0.359375,0.3671875,
0.37109375,0.375,0.3828125,0.390625,0.3984375,0.40625,0.4140625,0.421875,
0.4296875,0.4375,0.44140625,0.4453125,0.453125,0.45703125,0.4609375,0.46875,
0.4765625,0.484375,0.4921875,0.5,0.5078125,0.515625,0.5234375,0.53125,0.5390625,
0.54296875,0.546875,0.5546875,0.5625,0.5703125,0.578125,0.5859375,0.59375,
0.6015625,0.609375,0.6171875,0.625,0.62890625,0.6328125,0.640625,0.6484375,
0.65625,0.6640625,0.671875,0.6796875,0.6875,0.6953125,0.703125,0.7109375,
0.71484375,0.71875,0.7265625,0.734375,0.7421875,0.75,0.7578125,0.765625,
0.7734375,0.78125,0.7890625,0.796875,0.80078125,0.8046875,0.8125,0.8203125,
0.82421875,0.828125,0.8359375,0.84375,0.8515625,0.859375,0.8671875,0.875,
0.8828125,0.890625,0.8984375,0.90625,0.91015625,0.9140625,0.921875,0.9296875,
0.9375,0.9453125,0.953125,0.9609375,0.96875,0.9765625,0.984375,0.9921875,
1.),.UNSPECIFIED.);
#100=B_SPLINE_CURVE_WITH_KNOTS('',3,(#2812,#2813,#2814,#2815,#2816,#2817,
#2818,#2819,#2820,#2821,#2822,#2823,#2824,#2825,#2826,#2827,#2828,#2829,
#2830,#2831,#2832,#2833,#2834,#2835,#2836,#2837,#2838,#2839,#2840,#2841,
#2842,#2843,#2844,#2845,#2846,#2847,#2848,#2849,#2850,#2851,#2852,#2853,
#2854,#2855,#2856,#2857,#2858,#2859,#2860,#2861,#2862,#2863,#2864,#2865,
#2866,#2867,#2868,#2869,#2870,#2871,#2872,#2873,#2874,#2875,#2876,#2877,
#2878,#2879,#2880,#2881,#2882,#2883,#2884,#2885,#2886,#2887,#2888,#2889,
#2890,#2891,#2892,#2893,#2894,#2895,#2896,#2897,#2898,#2899,#2900,#2901,
#2902,#2903,#2904,#2905,#2906,#2907,#2908,#2909,#2910,#2911,#2912,#2913,
#2914,#2915,#2916,#2917,#2918,#2919,#2920,#2921,#2922,#2923,#2924,#2925,
#2926,#2927,#2928,#2929,#2930,#2931,#2932,#2933,#2934,#2935,#2936,#2937,
#2938,#2939,#2940,#2941,#2942,#2943,#2944,#2945,#2946,#2947,#2948,#2949,
#2950,#2951,#2952,#2953,#2954,#2955,#2956,#2957,#2958,#2959,#2960,#2961,
#2962,#2963,#2964,#2965,#2966,#2967,#2968,#2969,#2970,#2971,#2972,#2973,
#2974,#2975,#2976,#2977,#2978,#2979,#2980,#2981,#2982,#2983,#2984,#2985,
#2986,#2987,#2988,#2989,#2990,#2991,#2992,#2993,#2994,#2995,#2996,#2997,
#2998,#2999,#3000,#3001,#3002,#3003,#3004,#3005,#3006,#3007,#3008,#3009,
#3010,#3011,#3012,#3013,#3014,#3015,#3016,#3017,#3018,#3019,#3020,#3021,
#3022,#3023,#3024,#3025,#3026,#3027,#3028,#3029,#3030,#3031,#3032,#3033,
#3034,#3035,#3036,#3037,#3038,#3039,#3040,#3041,#3042,#3043,#3044,#3045,
#3046,#3047,#3048,#3049,#3050,#3051,#3052,#3053,#3054,#3055,#3056,#3057,
#3058,#3059,#3060,#3061,#3062,#3063,#3064,#3065,#3066,#3067,#3068,#3069,
#3070,#3071,#3072,#3073,#3074,#3075,#3076,#3077,#3078,#3079,#3080,#3081,
#3082,#3083,#3084,#3085,#3086,#3087,#3088,#3089,#3090,#3091,#3092,#3093,
#3094,#3095,#3096,#3097),.UNSPECIFIED.,.F.,.F.,(4,2,2,2,2,2,2,2,2,2,2,2,
2,2,2,2,2,2,2,2,2,2,2,2,2,2,2,2,2,2,2,2,2,2,2,2,2,2,2,2,2,2,2,2,2,2,2,2,
2,2,2,2,2,2,2,2,2,2,2,2,2,2,2,2,2,2,2,2,2,2,2,2,2,2,2,2,2,2,2,2,2,2,2,2,
2,2,2,2,2,2,2,2,2,2,2,2,2,2,2,2,2,2,2,2,2,2,2,2,2,2,2,2,2,2,2,2,2,2,2,2,
2,2,2,2,2,2,2,2,2,2,2,2,2,2,2,2,2,2,2,2,2,2,4),(0.,0.0078125,0.01171875,
0.015625,0.0234375,0.03125,0.0390625,0.0468750000000001,0.0546875000000001,
0.0625000000000001,0.0703125000000001,0.0781250000000001,0.0859375000000001,
0.0937500000000001,0.0976562500000001,0.1015625,0.109375,0.1171875,0.125,
0.1328125,0.140625,0.1484375,0.15625,0.1640625,0.171875,0.1796875,0.18359375,
0.1875,0.1953125,0.203125,0.2109375,0.21875,0.2265625,0.234375,0.2421875,
0.25,0.2578125,0.265625,0.26953125,0.2734375,0.28125,0.2890625,0.296875,
0.3046875,0.3125,0.3203125,0.328125,0.3359375,0.34375,0.3515625,0.35546875,
0.359375,0.3671875,0.37109375,0.375,0.3828125,0.390625,0.3984375,0.40625,
0.4140625,0.421875,0.4296875,0.4375,0.44140625,0.4453125,0.453125,0.45703125,
0.4609375,0.46875,0.4765625,0.484375,0.4921875,0.5,0.5078125,0.515625,0.5234375,
0.53125,0.5390625,0.54296875,0.546875,0.5546875,0.5625,0.5703125,0.578125,
0.5859375,0.59375,0.6015625,0.609375,0.6171875,0.625,0.62890625,0.6328125,
0.640625,0.6484375,0.65625,0.6640625,0.671875,0.6796875,0.6875,0.6953125,
0.703125,0.7109375,0.71484375,0.71875,0.7265625,0.734375,0.7421875,0.75,
0.7578125,0.765625,0.7734375,0.78125,0.7890625,0.796875,0.80078125,0.8046875,
0.8125,0.8203125,0.82421875,0.828125,0.8359375,0.84375,0.8515625,0.859375,
0.8671875,0.875,0.8828125,0.890625,0.8984375,0.90625,0.91015625,0.9140625,
0.921875,0.9296875,0.9375,0.9453125,0.953125,0.9609375,0.96875,0.9765625,
0.984375,0.9921875,1.),.UNSPECIFIED.);
#101=B_SPLINE_CURVE_WITH_KNOTS('',3,(#3102,#3103,#3104,#3105,#3106,#3107,
#3108,#3109,#3110,#3111,#3112,#3113,#3114,#3115,#3116,#3117),
 .UNSPECIFIED.,.F.,.F.,(4,2,2,2,2,2,2,4),(0.,0.125,0.25,0.5,0.625,0.75,
0.875,1.),.UNSPECIFIED.);
#102=B_SPLINE_CURVE_WITH_KNOTS('',3,(#3118,#3119,#3120,#3121,#3122,#3123,
#3124,#3125,#3126,#3127,#3128,#3129,#3130,#3131,#3132,#3133),
 .UNSPECIFIED.,.F.,.F.,(4,2,2,2,2,2,2,4),(0.,0.125,0.25,0.375,0.5,0.625,
0.75,1.),.UNSPECIFIED.);
#103=B_SPLINE_CURVE_WITH_KNOTS('',3,(#3135,#3136,#3137,#3138,#3139,#3140,
#3141,#3142,#3143,#3144,#3145,#3146,#3147,#3148,#3149,#3150,#3151,#3152,
#3153,#3154,#3155,#3156,#3157,#3158,#3159,#3160,#3161,#3162,#3163,#3164,
#3165,#3166,#3167,#3168,#3169,#3170,#3171,#3172,#3173,#3174,#3175,#3176,
#3177,#3178,#3179,#3180,#3181,#3182,#3183,#3184,#3185,#3186,#3187,#3188,
#3189,#3190,#3191,#3192,#3193,#3194,#3195,#3196,#3197,#3198,#3199,#3200,
#3201,#3202,#3203,#3204,#3205,#3206,#3207,#3208,#3209,#3210,#3211,#3212,
#3213,#3214,#3215,#3216,#3217,#3218,#3219,#3220,#3221,#3222,#3223,#3224,
#3225,#3226,#3227,#3228,#3229,#3230,#3231,#3232,#3233,#3234,#3235,#3236,
#3237,#3238,#3239,#3240,#3241,#3242,#3243,#3244,#3245,#3246,#3247,#3248,
#3249,#3250,#3251,#3252,#3253,#3254,#3255,#3256,#3257,#3258,#3259,#3260,
#3261,#3262,#3263,#3264,#3265,#3266,#3267,#3268,#3269,#3270,#3271,#3272,
#3273,#3274,#3275,#3276,#3277,#3278,#3279,#3280,#3281,#3282,#3283,#3284,
#3285,#3286,#3287,#3288,#3289,#3290,#3291,#3292,#3293,#3294,#3295,#3296,
#3297,#3298,#3299,#3300,#3301,#3302,#3303,#3304,#3305,#3306,#3307,#3308,
#3309,#3310,#3311,#3312,#3313,#3314,#3315,#3316,#3317,#3318,#3319,#3320,
#3321,#3322,#3323,#3324,#3325,#3326,#3327,#3328,#3329,#3330,#3331,#3332,
#3333,#3334,#3335,#3336,#3337,#3338,#3339,#3340,#3341,#3342,#3343,#3344,
#3345,#3346,#3347,#3348,#3349,#3350,#3351,#3352,#3353,#3354,#3355,#3356,
#3357,#3358,#3359,#3360,#3361,#3362,#3363,#3364,#3365,#3366,#3367,#3368,
#3369,#3370,#3371,#3372,#3373,#3374,#3375,#3376,#3377,#3378,#3379,#3380,
#3381,#3382,#3383,#3384,#3385,#3386,#3387,#3388,#3389,#3390,#3391,#3392,
#3393,#3394,#3395,#3396,#3397,#3398,#3399,#3400,#3401,#3402,#3403,#3404,
#3405,#3406,#3407,#3408,#3409,#3410,#3411,#3412,#3413,#3414,#3415,#3416,
#3417,#3418,#3419,#3420,#3421,#3422,#3423,#3424),.UNSPECIFIED.,.F.,.F.,
(4,2,2,2,2,2,2,2,2,2,2,2,2,2,2,2,2,2,2,2,2,2,2,2,2,2,2,2,2,2,2,2,2,2,2,
2,2,2,2,2,2,2,2,2,2,2,2,2,2,2,2,2,2,2,2,2,2,2,2,2,2,2,2,2,2,2,2,2,2,2,2,
2,2,2,2,2,2,2,2,2,2,2,2,2,2,2,2,2,2,2,2,2,2,2,2,2,2,2,2,2,2,2,2,2,2,2,2,
2,2,2,2,2,2,2,2,2,2,2,2,2,2,2,2,2,2,2,2,2,2,2,2,2,2,2,2,2,2,2,2,2,2,2,2,
2,4),(0.,0.00781249999999989,0.0156249999999999,0.0234374999999999,0.0312499999999999,
0.0390624999999999,0.0468749999999999,0.0546874999999999,0.0624999999999999,
0.0703124999999999,0.0781249999999999,0.0859375,0.09375,0.1015625,0.109375,
0.1171875,0.125,0.1328125,0.140625,0.1484375,0.15625,0.1640625,0.171875,
0.1796875,0.1875,0.1953125,0.203125,0.2109375,0.21875,0.2265625,0.234375,
0.2421875,0.25,0.2578125,0.265625,0.2734375,0.28125,0.28515625,0.2890625,
0.296875,0.3046875,0.3125,0.31640625,0.3203125,0.328125,0.3359375,0.34375,
0.3515625,0.35546875,0.359375,0.3671875,0.375,0.3828125,0.38671875,0.390625,
0.3984375,0.40625,0.4140625,0.421875,0.42578125,0.4296875,0.4375,0.4453125,
0.453125,0.45703125,0.4609375,0.46875,0.4765625,0.484375,0.4921875,0.49609375,
0.5,0.5078125,0.515625,0.5234375,0.52734375,0.53125,0.5390625,0.546875,
0.5546875,0.5625,0.56640625,0.5703125,0.578125,0.5859375,0.59375,0.59765625,
0.6015625,0.609375,0.6171875,0.625,0.6328125,0.63671875,0.640625,0.6484375,
0.65625,0.6640625,0.66796875,0.671875,0.6796875,0.6875,0.6953125,0.703125,
0.70703125,0.7109375,0.71875,0.7265625,0.734375,0.73828125,0.7421875,0.75,
0.7578125,0.765625,0.7734375,0.77734375,0.78125,0.7890625,0.796875,0.8046875,
0.80859375,0.8125,0.8203125,0.828125,0.8359375,0.84375,0.8515625,0.859375,
0.8671875,0.875,0.8828125,0.890625,0.8984375,0.90625,0.9140625,0.921875,
0.9296875,0.9375,0.9453125,0.953125,0.9609375,0.96875,0.9765625,0.984375,
0.9921875,1.),.UNSPECIFIED.);
#104=B_SPLINE_CURVE_WITH_KNOTS('',3,(#3425,#3426,#3427,#3428,#3429,#3430,
#3431,#3432,#3433,#3434,#3435,#3436,#3437,#3438,#3439,#3440,#3441,#3442,
#3443,#3444,#3445,#3446,#3447,#3448,#3449,#3450,#3451,#3452,#3453,#3454,
#3455,#3456,#3457,#3458,#3459,#3460,#3461,#3462,#3463,#3464,#3465,#3466,
#3467,#3468,#3469,#3470,#3471,#3472,#3473,#3474,#3475,#3476,#3477,#3478,
#3479,#3480,#3481,#3482,#3483,#3484,#3485,#3486,#3487,#3488,#3489,#3490,
#3491,#3492,#3493,#3494,#3495,#3496,#3497,#3498,#3499,#3500,#3501,#3502,
#3503,#3504,#3505,#3506,#3507,#3508,#3509,#3510,#3511,#3512,#3513,#3514,
#3515,#3516,#3517,#3518,#3519,#3520,#3521,#3522,#3523,#3524,#3525,#3526,
#3527,#3528,#3529,#3530,#3531,#3532,#3533,#3534,#3535,#3536,#3537,#3538,
#3539,#3540,#3541,#3542,#3543,#3544,#3545,#3546,#3547,#3548,#3549,#3550,
#3551,#3552,#3553,#3554,#3555,#3556,#3557,#3558,#3559,#3560,#3561,#3562,
#3563,#3564,#3565,#3566,#3567,#3568,#3569,#3570,#3571,#3572,#3573,#3574,
#3575,#3576,#3577,#3578,#3579,#3580,#3581,#3582,#3583,#3584,#3585,#3586,
#3587,#3588,#3589,#3590,#3591,#3592,#3593,#3594,#3595,#3596,#3597,#3598,
#3599,#3600,#3601,#3602,#3603,#3604,#3605,#3606,#3607,#3608,#3609,#3610,
#3611,#3612,#3613,#3614,#3615,#3616,#3617,#3618,#3619,#3620,#3621,#3622,
#3623,#3624,#3625,#3626,#3627,#3628,#3629,#3630,#3631,#3632,#3633,#3634,
#3635,#3636,#3637,#3638,#3639,#3640,#3641,#3642,#3643,#3644,#3645,#3646,
#3647,#3648,#3649,#3650,#3651,#3652,#3653,#3654,#3655,#3656,#3657,#3658,
#3659,#3660,#3661,#3662,#3663,#3664,#3665,#3666,#3667,#3668,#3669,#3670,
#3671,#3672,#3673,#3674,#3675,#3676,#3677,#3678,#3679,#3680,#3681,#3682,
#3683,#3684,#3685,#3686,#3687,#3688,#3689,#3690,#3691,#3692,#3693,#3694),
 .UNSPECIFIED.,.F.,.F.,(4,2,2,2,2,2,2,2,2,2,2,2,2,2,2,2,2,2,2,2,2,2,2,2,
2,2,2,2,2,2,2,2,2,2,2,2,2,2,2,2,2,2,2,2,2,2,2,2,2,2,2,2,2,2,2,2,2,2,2,2,
2,2,2,2,2,2,2,2,2,2,2,2,2,2,2,2,2,2,2,2,2,2,2,2,2,2,2,2,2,2,2,2,2,2,2,2,
2,2,2,2,2,2,2,2,2,2,2,2,2,2,2,2,2,2,2,2,2,2,2,2,2,2,2,2,2,2,2,2,2,2,2,2,
2,2,4),(0.,0.00781249999999989,0.0156249999999999,0.0195312499999999,0.0234374999999999,
0.0312499999999999,0.0390624999999999,0.0468749999999999,0.0507812499999999,
0.0546874999999999,0.0624999999999999,0.0703124999999999,0.0781249999999999,
0.0859374999999999,0.0937499999999999,0.1015625,0.109375,0.1171875,0.125,
0.1328125,0.140625,0.1484375,0.15625,0.1640625,0.171875,0.1796875,0.1875,
0.1953125,0.203125,0.2109375,0.21875,0.2265625,0.234375,0.2421875,0.25,
0.2578125,0.265625,0.2734375,0.28125,0.2890625,0.296875,0.3046875,0.3125,
0.3203125,0.328125,0.3359375,0.34375,0.3515625,0.359375,0.3671875,0.375,
0.3828125,0.390625,0.3984375,0.40625,0.4140625,0.421875,0.4296875,0.4375,
0.4453125,0.453125,0.4609375,0.46875,0.4765625,0.484375,0.4921875,0.5,0.5078125,
0.515625,0.5234375,0.53125,0.5390625,0.546875,0.5546875,0.5625,0.5703125,
0.578125,0.5859375,0.59375,0.6015625,0.609375,0.6171875,0.625,0.6328125,
0.640625,0.6484375,0.65625,0.6640625,0.671875,0.6796875,0.6875,0.6953125,
0.703125,0.7109375,0.71875,0.7265625,0.734375,0.7421875,0.75,0.7578125,
0.765625,0.7734375,0.78125,0.7890625,0.796875,0.8046875,0.8125,0.8203125,
0.828125,0.8359375,0.84375,0.8515625,0.859375,0.8671875,0.87109375,0.875,
0.8828125,0.890625,0.8984375,0.90234375,0.90625,0.9140625,0.921875,0.9296875,
0.9375,0.94140625,0.9453125,0.953125,0.9609375,0.96875,0.97265625,0.9765625,
0.984375,0.9921875,1.),.UNSPECIFIED.);
#105=PRESENTATION_LAYER_ASSIGNMENT('1','Layer 1',(#136,#137,#138,#139));
#106=STYLED_ITEM('',(#110),#136);
#107=STYLED_ITEM('',(#111),#137);
#108=STYLED_ITEM('',(#112),#138);
#109=STYLED_ITEM('',(#113),#139);
#110=PRESENTATION_STYLE_ASSIGNMENT((#114));
#111=PRESENTATION_STYLE_ASSIGNMENT((#115));
#112=PRESENTATION_STYLE_ASSIGNMENT((#116));
#113=PRESENTATION_STYLE_ASSIGNMENT((#117));
#114=SURFACE_STYLE_USAGE(.BOTH.,#118);
#115=SURFACE_STYLE_USAGE(.BOTH.,#119);
#116=SURFACE_STYLE_USAGE(.BOTH.,#120);
#117=SURFACE_STYLE_USAGE(.BOTH.,#121);
#118=SURFACE_SIDE_STYLE('',(#122));
#119=SURFACE_SIDE_STYLE('',(#123));
#120=SURFACE_SIDE_STYLE('',(#124));
#121=SURFACE_SIDE_STYLE('',(#125));
#122=SURFACE_STYLE_FILL_AREA(#126);
#123=SURFACE_STYLE_FILL_AREA(#127);
#124=SURFACE_STYLE_FILL_AREA(#128);
#125=SURFACE_STYLE_FILL_AREA(#129);
#126=FILL_AREA_STYLE('',(#130));
#127=FILL_AREA_STYLE('',(#131));
#128=FILL_AREA_STYLE('',(#132));
#129=FILL_AREA_STYLE('',(#133));
#130=FILL_AREA_STYLE_COLOUR('',#134);
#131=FILL_AREA_STYLE_COLOUR('',#135);
#132=FILL_AREA_STYLE_COLOUR('',#135);
#133=FILL_AREA_STYLE_COLOUR('',#135);
#134=DRAUGHTING_PRE_DEFINED_COLOUR('black');
#135=DRAUGHTING_PRE_DEFINED_COLOUR('white');
#136=MANIFOLD_SOLID_BREP('',#140);
#137=MANIFOLD_SOLID_BREP('',#141);
#138=MANIFOLD_SOLID_BREP('',#142);
#139=MANIFOLD_SOLID_BREP('',#143);
#140=CLOSED_SHELL('',(#184,#185,#186,#187,#188,#189,#190,#191,#192,#193,
#194));
#141=CLOSED_SHELL('',(#195,#196,#197));
#142=CLOSED_SHELL('',(#198,#199,#200,#201,#202,#203,#204));
#143=CLOSED_SHELL('',(#205,#206,#207,#208,#209,#210,#211));
#144=(
BOUNDED_SURFACE()
B_SPLINE_SURFACE(3,3,((#604,#605,#606,#607,#608,#609,#610),(#611,#612,#613,
#614,#615,#616,#617),(#618,#619,#620,#621,#622,#623,#624),(#625,#626,#627,
#628,#629,#630,#631)),.UNSPECIFIED.,.F.,.T.,.F.)
B_SPLINE_SURFACE_WITH_KNOTS((4,4),(1,3,3,3,1),(0.,1.),(-0.5,0.,0.5,1.,1.5),
 .UNSPECIFIED.)
GEOMETRIC_REPRESENTATION_ITEM()
RATIONAL_B_SPLINE_SURFACE(((1.,0.333333333333333,0.333333333333333,1.,0.333333333333333,
0.333333333333333,1.),(0.856309693701845,0.285436564567282,0.285436564567282,
0.856309693701845,0.285436564567282,0.285436564567282,0.856309693701845),
(0.856309693701845,0.285436564567282,0.285436564567282,0.856309693701845,
0.285436564567282,0.285436564567282,0.856309693701845),(1.,0.333333333333333,
0.333333333333333,1.,0.333333333333333,0.333333333333333,1.)))
REPRESENTATION_ITEM('')
SURFACE()
);
#145=(
BOUNDED_SURFACE()
B_SPLINE_SURFACE(3,3,((#637,#638,#639,#640,#641,#642,#643),(#644,#645,#646,
#647,#648,#649,#650),(#651,#652,#653,#654,#655,#656,#657),(#658,#659,#660,
#661,#662,#663,#664)),.UNSPECIFIED.,.F.,.T.,.F.)
B_SPLINE_SURFACE_WITH_KNOTS((4,4),(1,3,3,3,1),(0.,1.),(-0.5,0.,0.5,1.,1.5),
 .UNSPECIFIED.)
GEOMETRIC_REPRESENTATION_ITEM()
RATIONAL_B_SPLINE_SURFACE(((1.,0.333333333333333,0.333333333333333,1.,0.333333333333333,
0.333333333333333,1.),(0.856309693701845,0.285436564567282,0.285436564567282,
0.856309693701845,0.285436564567282,0.285436564567282,0.856309693701845),
(0.856309693701845,0.285436564567282,0.285436564567282,0.856309693701845,
0.285436564567282,0.285436564567282,0.856309693701845),(1.,0.333333333333333,
0.333333333333333,1.,0.333333333333333,0.333333333333333,1.)))
REPRESENTATION_ITEM('')
SURFACE()
);
#146=CONICAL_SURFACE('',#448,4.50000000000039,45.);
#147=CONICAL_SURFACE('',#458,5.50000000000037,44.9999999999996);
#148=CONICAL_SURFACE('',#471,2.5,45.);
#149=CONICAL_SURFACE('',#481,2.5,45.);
#150=CYLINDRICAL_SURFACE('',#446,5.50000000000029);
#151=CYLINDRICAL_SURFACE('',#450,4.50000000000039);
#152=CYLINDRICAL_SURFACE('',#453,7.5);
#153=CYLINDRICAL_SURFACE('',#456,4.50000000000039);
#154=CYLINDRICAL_SURFACE('',#460,5.50000000000019);
#155=CYLINDRICAL_SURFACE('',#465,3.00000000000002);
#156=CYLINDRICAL_SURFACE('',#473,2.5);
#157=CYLINDRICAL_SURFACE('',#476,2.1);
#158=CYLINDRICAL_SURFACE('',#483,2.5);
#159=CYLINDRICAL_SURFACE('',#486,2.1);
#160=FACE_BOUND('',#237,.T.);
#161=FACE_BOUND('',#238,.T.);
#162=FACE_BOUND('',#239,.T.);
#163=FACE_BOUND('',#240,.T.);
#164=FACE_BOUND('',#241,.T.);
#165=FACE_BOUND('',#242,.T.);
#166=FACE_BOUND('',#243,.T.);
#167=FACE_BOUND('',#244,.T.);
#168=FACE_BOUND('',#245,.T.);
#169=FACE_BOUND('',#246,.T.);
#170=FACE_BOUND('',#247,.T.);
#171=FACE_BOUND('',#248,.T.);
#172=FACE_BOUND('',#249,.T.);
#173=FACE_BOUND('',#250,.T.);
#174=FACE_BOUND('',#251,.T.);
#175=FACE_BOUND('',#252,.T.);
#176=FACE_BOUND('',#253,.T.);
#177=FACE_BOUND('',#254,.T.);
#178=FACE_BOUND('',#257,.T.);
#179=FACE_BOUND('',#258,.T.);
#180=FACE_BOUND('',#261,.T.);
#181=FACE_BOUND('',#262,.T.);
#182=FACE_BOUND('',#269,.T.);
#183=FACE_BOUND('',#270,.T.);
#184=ADVANCED_FACE('',(#220),#212,.T.);
#185=ADVANCED_FACE('',(#160,#161),#150,.T.);
#186=ADVANCED_FACE('',(#162,#163),#146,.T.);
#187=ADVANCED_FACE('',(#164,#165),#151,.T.);
#188=ADVANCED_FACE('',(#166,#167),#144,.T.);
#189=ADVANCED_FACE('',(#168,#169),#152,.T.);
#190=ADVANCED_FACE('',(#170,#171),#145,.T.);
#191=ADVANCED_FACE('',(#172,#173),#153,.T.);
#192=ADVANCED_FACE('',(#174,#175),#147,.T.);
#193=ADVANCED_FACE('',(#176,#177),#154,.T.);
#194=ADVANCED_FACE('',(#221),#213,.T.);
#195=ADVANCED_FACE('',(#222),#214,.T.);
#196=ADVANCED_FACE('',(#178,#179),#155,.T.);
#197=ADVANCED_FACE('',(#223),#215,.T.);
#198=ADVANCED_FACE('',(#224),#216,.F.);
#199=ADVANCED_FACE('',(#180,#181),#148,.T.);
#200=ADVANCED_FACE('',(#225),#156,.T.);
#201=ADVANCED_FACE('',(#226),#217,.F.);
#202=ADVANCED_FACE('',(#227),#157,.T.);
#203=ADVANCED_FACE('',(#228),#85,.F.);
#204=ADVANCED_FACE('',(#229),#86,.F.);
#205=ADVANCED_FACE('',(#230),#218,.F.);
#206=ADVANCED_FACE('',(#182,#183),#149,.T.);
#207=ADVANCED_FACE('',(#231),#158,.T.);
#208=ADVANCED_FACE('',(#232),#219,.F.);
#209=ADVANCED_FACE('',(#233),#159,.T.);
#210=ADVANCED_FACE('',(#234),#87,.F.);
#211=ADVANCED_FACE('',(#235),#88,.F.);
#212=PLANE('',#444);
#213=PLANE('',#461);
#214=PLANE('',#463);
#215=PLANE('',#466);
#216=PLANE('',#468);
#217=PLANE('',#475);
#218=PLANE('',#478);
#219=PLANE('',#485);
#220=FACE_OUTER_BOUND('',#236,.T.);
#221=FACE_OUTER_BOUND('',#255,.T.);
#222=FACE_OUTER_BOUND('',#256,.T.);
#223=FACE_OUTER_BOUND('',#259,.T.);
#224=FACE_OUTER_BOUND('',#260,.T.);
#225=FACE_OUTER_BOUND('',#263,.T.);
#226=FACE_OUTER_BOUND('',#264,.T.);
#227=FACE_OUTER_BOUND('',#265,.T.);
#228=FACE_OUTER_BOUND('',#266,.T.);
#229=FACE_OUTER_BOUND('',#267,.T.);
#230=FACE_OUTER_BOUND('',#268,.T.);
#231=FACE_OUTER_BOUND('',#271,.T.);
#232=FACE_OUTER_BOUND('',#272,.T.);
#233=FACE_OUTER_BOUND('',#273,.T.);
#234=FACE_OUTER_BOUND('',#274,.T.);
#235=FACE_OUTER_BOUND('',#275,.T.);
#236=EDGE_LOOP('',(#276));
#237=EDGE_LOOP('',(#277));
#238=EDGE_LOOP('',(#278));
#239=EDGE_LOOP('',(#279));
#240=EDGE_LOOP('',(#280));
#241=EDGE_LOOP('',(#281));
#242=EDGE_LOOP('',(#282));
#243=EDGE_LOOP('',(#283));
#244=EDGE_LOOP('',(#284));
#245=EDGE_LOOP('',(#285));
#246=EDGE_LOOP('',(#286));
#247=EDGE_LOOP('',(#287));
#248=EDGE_LOOP('',(#288));
#249=EDGE_LOOP('',(#289));
#250=EDGE_LOOP('',(#290));
#251=EDGE_LOOP('',(#291));
#252=EDGE_LOOP('',(#292));
#253=EDGE_LOOP('',(#293));
#254=EDGE_LOOP('',(#294));
#255=EDGE_LOOP('',(#295));
#256=EDGE_LOOP('',(#296));
#257=EDGE_LOOP('',(#297));
#258=EDGE_LOOP('',(#298));
#259=EDGE_LOOP('',(#299));
#260=EDGE_LOOP('',(#300));
#261=EDGE_LOOP('',(#301));
#262=EDGE_LOOP('',(#302,#303,#304,#305));
#263=EDGE_LOOP('',(#306,#307,#308,#309));
#264=EDGE_LOOP('',(#310,#311,#312,#313));
#265=EDGE_LOOP('',(#314,#315,#316,#317));
#266=EDGE_LOOP('',(#318,#319,#320,#321));
#267=EDGE_LOOP('',(#322,#323,#324,#325));
#268=EDGE_LOOP('',(#326));
#269=EDGE_LOOP('',(#327));
#270=EDGE_LOOP('',(#328,#329,#330,#331));
#271=EDGE_LOOP('',(#332,#333,#334,#335));
#272=EDGE_LOOP('',(#336,#337,#338,#339));
#273=EDGE_LOOP('',(#340,#341,#342,#343));
#274=EDGE_LOOP('',(#344,#345,#346,#347));
#275=EDGE_LOOP('',(#348,#349,#350,#351));
#276=ORIENTED_EDGE('',*,*,#382,.F.);
#277=ORIENTED_EDGE('',*,*,#382,.T.);
#278=ORIENTED_EDGE('',*,*,#383,.F.);
#279=ORIENTED_EDGE('',*,*,#383,.T.);
#280=ORIENTED_EDGE('',*,*,#384,.F.);
#281=ORIENTED_EDGE('',*,*,#384,.T.);
#282=ORIENTED_EDGE('',*,*,#385,.F.);
#283=ORIENTED_EDGE('',*,*,#385,.T.);
#284=ORIENTED_EDGE('',*,*,#386,.F.);
#285=ORIENTED_EDGE('',*,*,#386,.T.);
#286=ORIENTED_EDGE('',*,*,#387,.F.);
#287=ORIENTED_EDGE('',*,*,#387,.T.);
#288=ORIENTED_EDGE('',*,*,#388,.F.);
#289=ORIENTED_EDGE('',*,*,#388,.T.);
#290=ORIENTED_EDGE('',*,*,#389,.F.);
#291=ORIENTED_EDGE('',*,*,#389,.T.);
#292=ORIENTED_EDGE('',*,*,#390,.F.);
#293=ORIENTED_EDGE('',*,*,#390,.T.);
#294=ORIENTED_EDGE('',*,*,#391,.F.);
#295=ORIENTED_EDGE('',*,*,#391,.T.);
#296=ORIENTED_EDGE('',*,*,#392,.F.);
#297=ORIENTED_EDGE('',*,*,#392,.T.);
#298=ORIENTED_EDGE('',*,*,#393,.F.);
#299=ORIENTED_EDGE('',*,*,#393,.T.);
#300=ORIENTED_EDGE('',*,*,#394,.T.);
#301=ORIENTED_EDGE('',*,*,#394,.F.);
#302=ORIENTED_EDGE('',*,*,#395,.T.);
#303=ORIENTED_EDGE('',*,*,#396,.T.);
#304=ORIENTED_EDGE('',*,*,#397,.F.);
#305=ORIENTED_EDGE('',*,*,#398,.T.);
#306=ORIENTED_EDGE('',*,*,#399,.T.);
#307=ORIENTED_EDGE('',*,*,#400,.T.);
#308=ORIENTED_EDGE('',*,*,#395,.F.);
#309=ORIENTED_EDGE('',*,*,#401,.T.);
#310=ORIENTED_EDGE('',*,*,#402,.T.);
#311=ORIENTED_EDGE('',*,*,#403,.F.);
#312=ORIENTED_EDGE('',*,*,#399,.F.);
#313=ORIENTED_EDGE('',*,*,#404,.F.);
#314=ORIENTED_EDGE('',*,*,#397,.T.);
#315=ORIENTED_EDGE('',*,*,#405,.T.);
#316=ORIENTED_EDGE('',*,*,#402,.F.);
#317=ORIENTED_EDGE('',*,*,#406,.T.);
#318=ORIENTED_EDGE('',*,*,#403,.T.);
#319=ORIENTED_EDGE('',*,*,#405,.F.);
#320=ORIENTED_EDGE('',*,*,#396,.F.);
#321=ORIENTED_EDGE('',*,*,#400,.F.);
#322=ORIENTED_EDGE('',*,*,#398,.F.);
#323=ORIENTED_EDGE('',*,*,#406,.F.);
#324=ORIENTED_EDGE('',*,*,#404,.T.);
#325=ORIENTED_EDGE('',*,*,#401,.F.);
#326=ORIENTED_EDGE('',*,*,#407,.T.);
#327=ORIENTED_EDGE('',*,*,#407,.F.);
#328=ORIENTED_EDGE('',*,*,#408,.T.);
#329=ORIENTED_EDGE('',*,*,#409,.T.);
#330=ORIENTED_EDGE('',*,*,#410,.F.);
#331=ORIENTED_EDGE('',*,*,#411,.T.);
#332=ORIENTED_EDGE('',*,*,#412,.T.);
#333=ORIENTED_EDGE('',*,*,#413,.T.);
#334=ORIENTED_EDGE('',*,*,#408,.F.);
#335=ORIENTED_EDGE('',*,*,#414,.T.);
#336=ORIENTED_EDGE('',*,*,#415,.T.);
#337=ORIENTED_EDGE('',*,*,#416,.F.);
#338=ORIENTED_EDGE('',*,*,#412,.F.);
#339=ORIENTED_EDGE('',*,*,#417,.F.);
#340=ORIENTED_EDGE('',*,*,#410,.T.);
#341=ORIENTED_EDGE('',*,*,#418,.T.);
#342=ORIENTED_EDGE('',*,*,#415,.F.);
#343=ORIENTED_EDGE('',*,*,#419,.T.);
#344=ORIENTED_EDGE('',*,*,#416,.T.);
#345=ORIENTED_EDGE('',*,*,#418,.F.);
#346=ORIENTED_EDGE('',*,*,#409,.F.);
#347=ORIENTED_EDGE('',*,*,#413,.F.);
#348=ORIENTED_EDGE('',*,*,#411,.F.);
#349=ORIENTED_EDGE('',*,*,#419,.F.);
#350=ORIENTED_EDGE('',*,*,#417,.T.);
#351=ORIENTED_EDGE('',*,*,#414,.F.);
#352=VERTEX_POINT('',#591);
#353=VERTEX_POINT('',#594);
#354=VERTEX_POINT('',#597);
#355=VERTEX_POINT('',#600);
#356=VERTEX_POINT('',#603);
#357=VERTEX_POINT('',#633);
#358=VERTEX_POINT('',#636);
#359=VERTEX_POINT('',#666);
#360=VERTEX_POINT('',#669);
#361=VERTEX_POINT('',#672);
#362=VERTEX_POINT('',#676);
#363=VERTEX_POINT('',#679);
#364=VERTEX_POINT('',#683);
#365=VERTEX_POINT('',#686);
#366=VERTEX_POINT('',#687);
#367=VERTEX_POINT('',#734);
#368=VERTEX_POINT('',#736);
#369=VERTEX_POINT('',#755);
#370=VERTEX_POINT('',#756);
#371=VERTEX_POINT('',#1331);
#372=VERTEX_POINT('',#1332);
#373=VERTEX_POINT('',#2452);
#374=VERTEX_POINT('',#2455);
#375=VERTEX_POINT('',#2456);
#376=VERTEX_POINT('',#2503);
#377=VERTEX_POINT('',#2505);
#378=VERTEX_POINT('',#2524);
#379=VERTEX_POINT('',#2525);
#380=VERTEX_POINT('',#3100);
#381=VERTEX_POINT('',#3101);
#382=EDGE_CURVE('',#352,#352,#420,.T.);
#383=EDGE_CURVE('',#353,#353,#421,.T.);
#384=EDGE_CURVE('',#354,#354,#422,.T.);
#385=EDGE_CURVE('',#355,#355,#423,.T.);
#386=EDGE_CURVE('',#356,#356,#424,.T.);
#387=EDGE_CURVE('',#357,#357,#425,.T.);
#388=EDGE_CURVE('',#358,#358,#426,.T.);
#389=EDGE_CURVE('',#359,#359,#427,.T.);
#390=EDGE_CURVE('',#360,#360,#428,.T.);
#391=EDGE_CURVE('',#361,#361,#429,.T.);
#392=EDGE_CURVE('',#362,#362,#430,.T.);
#393=EDGE_CURVE('',#363,#363,#431,.T.);
#394=EDGE_CURVE('',#364,#364,#432,.T.);
#395=EDGE_CURVE('',#365,#366,#433,.T.);
#396=EDGE_CURVE('',#366,#367,#89,.T.);
#397=EDGE_CURVE('',#368,#367,#434,.T.);
#398=EDGE_CURVE('',#368,#365,#90,.T.);
#399=EDGE_CURVE('',#369,#370,#435,.T.);
#400=EDGE_CURVE('',#370,#366,#91,.T.);
#401=EDGE_CURVE('',#365,#369,#92,.T.);
#402=EDGE_CURVE('',#371,#372,#436,.T.);
#403=EDGE_CURVE('',#370,#372,#93,.T.);
#404=EDGE_CURVE('',#371,#369,#94,.T.);
#405=EDGE_CURVE('',#367,#372,#95,.T.);
#406=EDGE_CURVE('',#371,#368,#96,.T.);
#407=EDGE_CURVE('',#373,#373,#437,.T.);
#408=EDGE_CURVE('',#374,#375,#438,.T.);
#409=EDGE_CURVE('',#375,#376,#97,.T.);
#410=EDGE_CURVE('',#377,#376,#439,.T.);
#411=EDGE_CURVE('',#377,#374,#98,.T.);
#412=EDGE_CURVE('',#378,#379,#440,.T.);
#413=EDGE_CURVE('',#379,#375,#99,.T.);
#414=EDGE_CURVE('',#374,#378,#100,.T.);
#415=EDGE_CURVE('',#380,#381,#441,.T.);
#416=EDGE_CURVE('',#379,#381,#101,.T.);
#417=EDGE_CURVE('',#380,#378,#102,.T.);
#418=EDGE_CURVE('',#376,#381,#103,.T.);
#419=EDGE_CURVE('',#380,#377,#104,.T.);
#420=CIRCLE('',#443,5.50000000000019);
#421=CIRCLE('',#445,5.50000000000039);
#422=CIRCLE('',#447,4.50000000000039);
#423=CIRCLE('',#449,4.50000000000039);
#424=CIRCLE('',#451,7.5);
#425=CIRCLE('',#452,7.5);
#426=CIRCLE('',#454,4.50000000000039);
#427=CIRCLE('',#455,4.50000000000039);
#428=CIRCLE('',#457,5.50000000000037);
#429=CIRCLE('',#459,5.5);
#430=CIRCLE('',#462,3.00000000000004);
#431=CIRCLE('',#464,3.00000000000001);
#432=CIRCLE('',#467,2.);
#433=CIRCLE('',#469,2.5);
#434=CIRCLE('',#470,2.1);
#435=CIRCLE('',#472,2.5);
#436=CIRCLE('',#474,2.1);
#437=CIRCLE('',#477,2.);
#438=CIRCLE('',#479,2.5);
#439=CIRCLE('',#480,2.1);
#440=CIRCLE('',#482,2.5);
#441=CIRCLE('',#484,2.1);
#442=AXIS2_PLACEMENT_3D('',#589,#491,#492);
#443=AXIS2_PLACEMENT_3D('',#590,#493,#494);
#444=AXIS2_PLACEMENT_3D('',#592,#495,#496);
#445=AXIS2_PLACEMENT_3D('',#593,#497,#498);
#446=AXIS2_PLACEMENT_3D('',#595,#499,#500);
#447=AXIS2_PLACEMENT_3D('',#596,#501,#502);
#448=AXIS2_PLACEMENT_3D('',#598,#503,#504);
#449=AXIS2_PLACEMENT_3D('',#599,#505,#506);
#450=AXIS2_PLACEMENT_3D('',#601,#507,#508);
#451=AXIS2_PLACEMENT_3D('',#602,#509,#510);
#452=AXIS2_PLACEMENT_3D('',#632,#511,#512);
#453=AXIS2_PLACEMENT_3D('',#634,#513,#514);
#454=AXIS2_PLACEMENT_3D('',#635,#515,#516);
#455=AXIS2_PLACEMENT_3D('',#665,#517,#518);
#456=AXIS2_PLACEMENT_3D('',#667,#519,#520);
#457=AXIS2_PLACEMENT_3D('',#668,#521,#522);
#458=AXIS2_PLACEMENT_3D('',#670,#523,#524);
#459=AXIS2_PLACEMENT_3D('',#671,#525,#526);
#460=AXIS2_PLACEMENT_3D('',#673,#527,#528);
#461=AXIS2_PLACEMENT_3D('',#674,#529,#530);
#462=AXIS2_PLACEMENT_3D('',#675,#531,#532);
#463=AXIS2_PLACEMENT_3D('',#677,#533,#534);
#464=AXIS2_PLACEMENT_3D('',#678,#535,#536);
#465=AXIS2_PLACEMENT_3D('',#680,#537,#538);
#466=AXIS2_PLACEMENT_3D('',#681,#539,#540);
#467=AXIS2_PLACEMENT_3D('',#682,#541,#542);
#468=AXIS2_PLACEMENT_3D('',#684,#543,#544);
#469=AXIS2_PLACEMENT_3D('',#685,#545,#546);
#470=AXIS2_PLACEMENT_3D('',#735,#547,#548);
#471=AXIS2_PLACEMENT_3D('',#753,#549,#550);
#472=AXIS2_PLACEMENT_3D('',#754,#551,#552);
#473=AXIS2_PLACEMENT_3D('',#1329,#553,#554);
#474=AXIS2_PLACEMENT_3D('',#1330,#555,#556);
#475=AXIS2_PLACEMENT_3D('',#1365,#557,#558);
#476=AXIS2_PLACEMENT_3D('',#1926,#559,#560);
#477=AXIS2_PLACEMENT_3D('',#2451,#561,#562);
#478=AXIS2_PLACEMENT_3D('',#2453,#563,#564);
#479=AXIS2_PLACEMENT_3D('',#2454,#565,#566);
#480=AXIS2_PLACEMENT_3D('',#2504,#567,#568);
#481=AXIS2_PLACEMENT_3D('',#2522,#569,#570);
#482=AXIS2_PLACEMENT_3D('',#2523,#571,#572);
#483=AXIS2_PLACEMENT_3D('',#3098,#573,#574);
#484=AXIS2_PLACEMENT_3D('',#3099,#575,#576);
#485=AXIS2_PLACEMENT_3D('',#3134,#577,#578);
#486=AXIS2_PLACEMENT_3D('',#3695,#579,#580);
#487=AXIS2_PLACEMENT_3D('',#4220,#581,#582);
#488=AXIS2_PLACEMENT_3D('',#4221,#583,#584);
#489=AXIS2_PLACEMENT_3D('',#4222,#585,#586);
#490=AXIS2_PLACEMENT_3D('',#4223,#587,#588);
#491=DIRECTION('',(0.,0.,1.));
#492=DIRECTION('',(1.,0.,0.));
#493=DIRECTION('',(-1.,0.,0.));
#494=DIRECTION('',(0.,0.,1.));
#495=DIRECTION('',(1.,0.,0.));
#496=DIRECTION('',(0.,0.,-1.));
#497=DIRECTION('',(-1.,0.,0.));
#498=DIRECTION('',(0.,0.,1.));
#499=DIRECTION('',(-1.,0.,0.));
#500=DIRECTION('',(0.,0.,1.));
#501=DIRECTION('',(-1.,0.,0.));
#502=DIRECTION('',(0.,0.,1.));
#503=DIRECTION('',(1.,0.,0.));
#504=DIRECTION('',(-8.28937051736056E-17,0.,-1.));
#505=DIRECTION('',(-1.,0.,0.));
#506=DIRECTION('',(0.,0.,1.));
#507=DIRECTION('',(-1.,0.,0.));
#508=DIRECTION('',(0.,0.,1.));
#509=DIRECTION('',(-1.,0.,0.));
#510=DIRECTION('',(0.,0.,1.));
#511=DIRECTION('',(-1.,0.,0.));
#512=DIRECTION('',(0.,0.,1.));
#513=DIRECTION('',(-1.,0.,0.));
#514=DIRECTION('',(0.,0.,1.));
#515=DIRECTION('',(-1.,0.,0.));
#516=DIRECTION('',(0.,0.,1.));
#517=DIRECTION('',(-1.,0.,0.));
#518=DIRECTION('',(0.,0.,1.));
#519=DIRECTION('',(-1.,0.,0.));
#520=DIRECTION('',(0.,0.,1.));
#521=DIRECTION('',(-1.,0.,0.));
#522=DIRECTION('',(0.,0.,1.));
#523=DIRECTION('',(-1.,0.,0.));
#524=DIRECTION('',(1.72523468520819E-18,0.,1.));
#525=DIRECTION('',(-1.,0.,0.));
#526=DIRECTION('',(0.,0.,1.));
#527=DIRECTION('',(-1.,0.,0.));
#528=DIRECTION('',(0.,0.,1.));
#529=DIRECTION('',(-1.,0.,0.));
#530=DIRECTION('',(0.,0.,1.));
#531=DIRECTION('',(-1.,0.,3.70074341541719E-18));
#532=DIRECTION('',(0.,0.,1.));
#533=DIRECTION('',(1.,0.,-3.70074341541719E-18));
#534=DIRECTION('',(-3.46944695195361E-18,0.,-1.));
#535=DIRECTION('',(-1.,0.,3.70074341541719E-18));
#536=DIRECTION('',(0.,0.,1.));
#537=DIRECTION('',(-1.,0.,3.70074341541719E-18));
#538=DIRECTION('',(0.,0.,1.));
#539=DIRECTION('',(-1.,0.,3.70074341541719E-18));
#540=DIRECTION('',(0.,0.,1.));
#541=DIRECTION('',(1.,0.,0.));
#542=DIRECTION('',(0.,0.,-1.));
#543=DIRECTION('',(-1.,0.,0.));
#544=DIRECTION('',(0.,0.,1.));
#545=DIRECTION('',(1.,0.,0.));
#546=DIRECTION('',(0.,0.,-1.));
#547=DIRECTION('',(-1.,0.,0.));
#548=DIRECTION('',(0.,0.,1.));
#549=DIRECTION('',(-1.,0.,0.));
#550=DIRECTION('',(-5.19119244681338E-17,0.,1.));
#551=DIRECTION('',(1.,0.,0.));
#552=DIRECTION('',(0.,0.,-1.));
#553=DIRECTION('',(1.,0.,0.));
#554=DIRECTION('',(0.,0.,-1.));
#555=DIRECTION('',(-1.,0.,0.));
#556=DIRECTION('',(0.,0.,-1.));
#557=DIRECTION('',(1.,0.,0.));
#558=DIRECTION('',(0.,0.,-1.));
#559=DIRECTION('',(1.,0.,0.));
#560=DIRECTION('',(0.,0.,-1.));
#561=DIRECTION('',(1.,0.,0.));
#562=DIRECTION('',(0.,0.,-1.));
#563=DIRECTION('',(-1.,0.,0.));
#564=DIRECTION('',(0.,0.,1.));
#565=DIRECTION('',(1.,0.,0.));
#566=DIRECTION('',(0.,0.,-1.));
#567=DIRECTION('',(-1.,0.,0.));
#568=DIRECTION('',(0.,0.,1.));
#569=DIRECTION('',(-1.,0.,0.));
#570=DIRECTION('',(-5.19119244681338E-17,0.,1.));
#571=DIRECTION('',(1.,0.,0.));
#572=DIRECTION('',(0.,0.,-1.));
#573=DIRECTION('',(1.,0.,0.));
#574=DIRECTION('',(0.,0.,-1.));
#575=DIRECTION('',(-1.,0.,0.));
#576=DIRECTION('',(0.,0.,-1.));
#577=DIRECTION('',(1.,0.,0.));
#578=DIRECTION('',(0.,0.,-1.));
#579=DIRECTION('',(1.,0.,0.));
#580=DIRECTION('',(0.,0.,-1.));
#581=DIRECTION('',(0.,0.,1.));
#582=DIRECTION('',(1.,0.,0.));
#583=DIRECTION('',(-2.23731073359845E-15,0.,1.));
#584=DIRECTION('',(1.,0.,2.23731073359845E-15));
#585=DIRECTION('',(0.,0.,1.));
#586=DIRECTION('',(-1.,0.,0.));
#587=DIRECTION('',(0.,0.,1.));
#588=DIRECTION('',(1.,0.,0.));
#589=CARTESIAN_POINT('',(0.,0.,0.));
#590=CARTESIAN_POINT('',(152.,0.,0.));
#591=CARTESIAN_POINT('',(152.,0.,5.50000000000019));
#592=CARTESIAN_POINT('',(152.,0.,5.50000000000019));
#593=CARTESIAN_POINT('',(151.,0.,0.));
#594=CARTESIAN_POINT('',(151.,0.,5.50000000000039));
#595=CARTESIAN_POINT('',(0.,0.,0.));
#596=CARTESIAN_POINT('',(150.,0.,0.));
#597=CARTESIAN_POINT('',(150.,0.,4.50000000000039));
#598=CARTESIAN_POINT('',(150.,0.,0.));
#599=CARTESIAN_POINT('',(149.9,0.,0.));
#600=CARTESIAN_POINT('',(149.9,0.,4.50000000000039));
#601=CARTESIAN_POINT('',(0.,0.,0.));
#602=CARTESIAN_POINT('',(146.105266807798,0.,0.));
#603=CARTESIAN_POINT('',(146.105266807798,0.,7.5));
#604=CARTESIAN_POINT('',(146.105266807798,0.,7.49999999999999));
#605=CARTESIAN_POINT('',(146.105266807798,15.,7.49999999999999));
#606=CARTESIAN_POINT('',(146.105266807798,15.,-7.49999999999999));
#607=CARTESIAN_POINT('',(146.105266807798,0.,-7.49999999999999));
#608=CARTESIAN_POINT('',(146.105266807798,-15.,-7.49999999999999));
#609=CARTESIAN_POINT('',(146.105266807798,-15.,7.49999999999999));
#610=CARTESIAN_POINT('',(146.105266807798,0.,7.49999999999999));
#611=CARTESIAN_POINT('',(147.988290626773,0.,7.49999999999999));
#612=CARTESIAN_POINT('',(147.988290626773,15.,7.49999999999999));
#613=CARTESIAN_POINT('',(147.988290626773,15.,-7.49999999999999));
#614=CARTESIAN_POINT('',(147.988290626773,0.,-7.49999999999999));
#615=CARTESIAN_POINT('',(147.988290626773,-15.,-7.49999999999999));
#616=CARTESIAN_POINT('',(147.988290626773,-15.,7.49999999999999));
#617=CARTESIAN_POINT('',(147.988290626773,0.,7.49999999999999));
#618=CARTESIAN_POINT('',(149.465456041775,0.,6.33219820194157));
#619=CARTESIAN_POINT('',(149.465456041775,12.6643964038831,6.33219820194157));
#620=CARTESIAN_POINT('',(149.465456041775,12.6643964038831,-6.33219820194157));
#621=CARTESIAN_POINT('',(149.465456041775,0.,-6.33219820194157));
#622=CARTESIAN_POINT('',(149.465456041775,-12.6643964038831,-6.33219820194157));
#623=CARTESIAN_POINT('',(149.465456041775,-12.6643964038831,6.33219820194157));
#624=CARTESIAN_POINT('',(149.465456041775,0.,6.33219820194157));
#625=CARTESIAN_POINT('',(149.9,0.,4.50000000000038));
#626=CARTESIAN_POINT('',(149.9,9.00000000000077,4.50000000000038));
#627=CARTESIAN_POINT('',(149.9,9.00000000000077,-4.50000000000038));
#628=CARTESIAN_POINT('',(149.9,0.,-4.50000000000038));
#629=CARTESIAN_POINT('',(149.9,-9.00000000000077,-4.50000000000038));
#630=CARTESIAN_POINT('',(149.9,-9.00000000000077,4.50000000000038));
#631=CARTESIAN_POINT('',(149.9,0.,4.50000000000038));
#632=CARTESIAN_POINT('',(5.89473319220196,0.,0.));
#633=CARTESIAN_POINT('',(5.89473319220196,0.,7.5));
#634=CARTESIAN_POINT('',(0.,0.,0.));
#635=CARTESIAN_POINT('',(2.1,0.,0.));
#636=CARTESIAN_POINT('',(2.1,0.,4.50000000000039));
#637=CARTESIAN_POINT('',(2.1,0.,4.50000000000039));
#638=CARTESIAN_POINT('',(2.1,9.00000000000079,4.50000000000039));
#639=CARTESIAN_POINT('',(2.1,9.00000000000079,-4.50000000000039));
#640=CARTESIAN_POINT('',(2.1,0.,-4.50000000000039));
#641=CARTESIAN_POINT('',(2.1,-9.00000000000079,-4.50000000000039));
#642=CARTESIAN_POINT('',(2.1,-9.00000000000079,4.50000000000039));
#643=CARTESIAN_POINT('',(2.1,0.,4.50000000000039));
#644=CARTESIAN_POINT('',(2.53454395822515,0.,6.33219820194158));
#645=CARTESIAN_POINT('',(2.53454395822515,12.6643964038832,6.33219820194158));
#646=CARTESIAN_POINT('',(2.53454395822515,12.6643964038832,-6.33219820194158));
#647=CARTESIAN_POINT('',(2.53454395822515,0.,-6.33219820194158));
#648=CARTESIAN_POINT('',(2.53454395822515,-12.6643964038832,-6.33219820194158));
#649=CARTESIAN_POINT('',(2.53454395822515,-12.6643964038832,6.33219820194158));
#650=CARTESIAN_POINT('',(2.53454395822515,0.,6.33219820194158));
#651=CARTESIAN_POINT('',(4.01170937322715,0.,7.5));
#652=CARTESIAN_POINT('',(4.01170937322715,15.,7.5));
#653=CARTESIAN_POINT('',(4.01170937322715,15.,-7.5));
#654=CARTESIAN_POINT('',(4.01170937322715,0.,-7.5));
#655=CARTESIAN_POINT('',(4.01170937322715,-15.,-7.5));
#656=CARTESIAN_POINT('',(4.01170937322715,-15.,7.5));
#657=CARTESIAN_POINT('',(4.01170937322715,0.,7.5));
#658=CARTESIAN_POINT('',(5.89473319220196,0.,7.5));
#659=CARTESIAN_POINT('',(5.89473319220196,15.,7.5));
#660=CARTESIAN_POINT('',(5.89473319220196,15.,-7.5));
#661=CARTESIAN_POINT('',(5.89473319220196,0.,-7.5));
#662=CARTESIAN_POINT('',(5.89473319220196,-15.,-7.5));
#663=CARTESIAN_POINT('',(5.89473319220196,-15.,7.5));
#664=CARTESIAN_POINT('',(5.89473319220196,0.,7.5));
#665=CARTESIAN_POINT('',(2.,0.,0.));
#666=CARTESIAN_POINT('',(2.,0.,4.50000000000039));
#667=CARTESIAN_POINT('',(0.,0.,0.));
#668=CARTESIAN_POINT('',(0.999999999999999,0.,0.));
#669=CARTESIAN_POINT('',(0.999999999999999,0.,5.50000000000037));
#670=CARTESIAN_POINT('',(0.999999999999999,0.,0.));
#671=CARTESIAN_POINT('',(0.,0.,0.));
#672=CARTESIAN_POINT('',(0.,0.,5.5));
#673=CARTESIAN_POINT('',(0.,0.,0.));
#674=CARTESIAN_POINT('',(0.,0.,0.));
#675=CARTESIAN_POINT('',(30.,0.,6.66133814775094E-15));
#676=CARTESIAN_POINT('',(30.,0.,3.00000000000005));
#677=CARTESIAN_POINT('',(30.,0.,3.00000000000005));
#678=CARTESIAN_POINT('',(-90.,0.,7.105427357601E-15));
#679=CARTESIAN_POINT('',(-90.,0.,3.00000000000002));
#680=CARTESIAN_POINT('',(-90.,0.,7.105427357601E-15));
#681=CARTESIAN_POINT('',(-90.,0.,7.105427357601E-15));
#682=CARTESIAN_POINT('',(5.,0.,0.));
#683=CARTESIAN_POINT('',(5.,0.,-2.));
#684=CARTESIAN_POINT('',(5.,0.,2.));
#685=CARTESIAN_POINT('',(4.5,0.,0.));
#686=CARTESIAN_POINT('',(4.5,-0.798236532700534,2.36913875445535));
#687=CARTESIAN_POINT('',(4.5,-2.36913875445535,0.798236532700525));
#688=CARTESIAN_POINT('',(4.5,-2.36913875445535,0.798236532700525));
#689=CARTESIAN_POINT('',(4.50777854037082,-2.43826819082762,0.568701087748667));
#690=CARTESIAN_POINT('',(4.51533771430709,-2.47344412684706,0.33493284810362));
#691=CARTESIAN_POINT('',(4.52691479196286,-2.47584473338492,-0.0219795186321399));
#692=CARTESIAN_POINT('',(4.5308621956038,-2.46788479285264,-0.14217336439644));
#693=CARTESIAN_POINT('',(4.538660287863,-2.43519207815096,-0.37690826508861));
#694=CARTESIAN_POINT('',(4.54253326100685,-2.41052697771289,-0.492449244251609));
#695=CARTESIAN_POINT('',(4.55417013300881,-2.31154465789755,-0.833582757477171));
#696=CARTESIAN_POINT('',(4.56209428433058,-2.21099035130573,-1.05389445559019));
#697=CARTESIAN_POINT('',(4.5778339768974,-1.95406864504467,-1.45061764518535));
#698=CARTESIAN_POINT('',(4.58574170880598,-1.79386924298291,-1.63294220845682));
#699=CARTESIAN_POINT('',(4.59768868947481,-1.52289555474249,-1.86167794399113));
#700=CARTESIAN_POINT('',(4.60167964509693,-1.4271741821324,-1.93112756213603));
#701=CARTESIAN_POINT('',(4.60969604427533,-1.22471446757357,-2.05615338832328));
#702=CARTESIAN_POINT('',(4.61372602053143,-1.11775560699692,-2.1116220761075));
#703=CARTESIAN_POINT('',(4.62171655764091,-0.89982547952459,-2.20466961760409));
#704=CARTESIAN_POINT('',(4.62573900320715,-0.787994104490726,-2.24281196325761));
#705=CARTESIAN_POINT('',(4.63384568695408,-0.558594703916005,-2.30232124610243));
#706=CARTESIAN_POINT('',(4.63795247021968,-0.439986549036146,-2.32374978826231));
#707=CARTESIAN_POINT('',(4.6501112525187,-0.0850186476805104,-2.36035586097694));
#708=CARTESIAN_POINT('',(4.65821861092597,0.1525367865727,-2.34899768193126));
#709=CARTESIAN_POINT('',(4.67478745156019,0.621161310217109,-2.25341730020744));
#710=CARTESIAN_POINT('',(4.68281548311705,0.842936928796359,-2.17162560184872));
#711=CARTESIAN_POINT('',(4.69961946678784,1.26091576681984,-1.93881364803788));
#712=CARTESIAN_POINT('',(4.70780354234604,1.44836074849342,-1.7925096148621));
#713=CARTESIAN_POINT('',(4.72042296201364,1.69254578825542,-1.53164257284151));
#714=CARTESIAN_POINT('',(4.72471542850614,1.76764703678832,-1.43748222788179));
#715=CARTESIAN_POINT('',(4.73315312411303,1.90045401326176,-1.24132212703242));
#716=CARTESIAN_POINT('',(4.73733627655414,1.95893380912838,-1.13855691014522));
#717=CARTESIAN_POINT('',(4.74577733841327,2.05978980647422,-0.923510769803909));
#718=CARTESIAN_POINT('',(4.75008918513477,2.10222553191738,-0.810440499446175));
#719=CARTESIAN_POINT('',(4.75865890564862,2.16763581746104,-0.582264698765639));
#720=CARTESIAN_POINT('',(4.76292019072823,2.19112780031633,-0.466386395316959));
#721=CARTESIAN_POINT('',(4.77146059782487,2.21969226441952,-0.231052704653351));
#722=CARTESIAN_POINT('',(4.7757792765521,2.22465329908825,-0.110487488547272));
#723=CARTESIAN_POINT('',(4.78443005738345,2.21510578355117,0.127234028304699));
#724=CARTESIAN_POINT('',(4.7887655820691,2.20084008684592,0.244657138564083));
#725=CARTESIAN_POINT('',(4.80177468379508,2.13000248957989,0.592680474026422));
#726=CARTESIAN_POINT('',(4.81050696218777,2.04398388100862,0.819707207724695));
#727=CARTESIAN_POINT('',(4.82809557363783,1.80632185707705,1.22893467502872));
#728=CARTESIAN_POINT('',(4.83692620696077,1.65172326706678,1.41653666345738));
#729=CARTESIAN_POINT('',(4.85470112855213,1.29463231305261,1.72687928286582));
#730=CARTESIAN_POINT('',(4.86373926654105,1.08723215404806,1.85402562189569));
#731=CARTESIAN_POINT('',(4.88162999972885,0.648297616135886,2.03053601324488));
#732=CARTESIAN_POINT('',(4.890850735449,0.411067915040766,2.08248547133663));
#733=CARTESIAN_POINT('',(4.9,0.171931651362659,2.09294995335763));
#734=CARTESIAN_POINT('',(4.9,0.171931651362659,2.09294995335763));
#735=CARTESIAN_POINT('',(4.9,0.,0.));
#736=CARTESIAN_POINT('',(4.9,-2.09294995335764,-0.171931651362609));
#737=CARTESIAN_POINT('',(4.9,-2.09294995335763,-0.171931651362609));
#738=CARTESIAN_POINT('',(4.88175233238677,-2.1216011911879,-0.046035664665812));
#739=CARTESIAN_POINT('',(4.863851379046,-2.1383749500044,0.0808768023302666));
#740=CARTESIAN_POINT('',(4.82822955173661,-2.1492703921368,0.336572747845264));
#741=CARTESIAN_POINT('',(4.81047377152405,-2.14301331934518,0.466548655432228));
#742=CARTESIAN_POINT('',(4.77592472639174,-2.10792615172772,0.720629440926701));
#743=CARTESIAN_POINT('',(4.75901009619228,-2.0794072564574,0.845109867540633));
#744=CARTESIAN_POINT('',(4.72499191963509,-2.00142659586461,1.08906511492451));
#745=CARTESIAN_POINT('',(4.70791942306023,-1.95126373192902,1.20927007179264));
#746=CARTESIAN_POINT('',(4.67482719393807,-1.83283442146166,1.4364113089382));
#747=CARTESIAN_POINT('',(4.65867656523493,-1.76442085080022,1.54427507064631));
#748=CARTESIAN_POINT('',(4.62622464493368,-1.61000996490807,1.74895636183271));
#749=CARTESIAN_POINT('',(4.60978709551116,-1.52342791285449,1.84619281271292));
#750=CARTESIAN_POINT('',(4.56190246027311,-1.24544465026273,2.11134041564177));
#751=CARTESIAN_POINT('',(4.5311349825966,-1.03180136202886,2.25758875109723));
#752=CARTESIAN_POINT('',(4.5,-0.798236532700532,2.36913875445534));
#753=CARTESIAN_POINT('',(4.5,0.,0.));
#754=CARTESIAN_POINT('',(-4.59242549680257E-16,0.,0.));
#755=CARTESIAN_POINT('',(-2.42213749847623E-16,-1.11079561358387,-2.2396725441106));
#756=CARTESIAN_POINT('',(-3.25434736915358E-16,1.11079561358387,-2.2396725441106));
#757=CARTESIAN_POINT('',(4.19104367688006E-15,1.11079561358387,-2.2396725441106));
#758=CARTESIAN_POINT('',(0.0118957590985103,1.31889991125831,-2.13646042873572));
#759=CARTESIAN_POINT('',(0.0234247185682377,1.5080554326049,-2.00719037507182));
#760=CARTESIAN_POINT('',(0.0409343151935971,1.76405425011911,-1.77521088889018));
#761=CARTESIAN_POINT('',(0.0468933771238601,1.84495244195505,-1.69096782130551));
#762=CARTESIAN_POINT('',(0.0586738629133587,1.99238421768937,-1.51447245431171));
#763=CARTESIAN_POINT('',(0.064515591753141,2.05957390573454,-1.42172168192972));
#764=CARTESIAN_POINT('',(0.0819887362038168,2.24174893178626,-1.13009317449575));
#765=CARTESIAN_POINT('',(0.0937810559497143,2.33753119030835,-0.915642354395056));
#766=CARTESIAN_POINT('',(0.117228536745227,2.46499097884066,-0.475681049717826));
#767=CARTESIAN_POINT('',(0.128931790329652,2.49865907846475,-0.243844401160924));
#768=CARTESIAN_POINT('',(0.152311876115556,2.50126073507687,0.215527301135091));
#769=CARTESIAN_POINT('',(0.164116652735469,2.47094507645371,0.44486184126685));
#770=CARTESIAN_POINT('',(0.187558706521667,2.34742604819795,0.890540609353614));
#771=CARTESIAN_POINT('',(0.199148180095122,2.25650883915393,1.10072311381552));
#772=CARTESIAN_POINT('',(0.22275907197739,2.01645183690566,1.49577588692536));
#773=CARTESIAN_POINT('',(0.234279987561143,1.86996692588766,1.67509845862642));
#774=CARTESIAN_POINT('',(0.25776916817329,1.53352588454162,1.9877196762741));
#775=CARTESIAN_POINT('',(0.26964026317296,1.34147096742752,2.12200537558986));
#776=CARTESIAN_POINT('',(0.292837906086065,0.933589156319191,2.33042109020804));
#777=CARTESIAN_POINT('',(0.304808670702271,0.711762888484013,2.4074794041404));
#778=CARTESIAN_POINT('',(0.328154687065557,0.262008293321663,2.49678095655466));
#779=CARTESIAN_POINT('',(0.339791623137515,0.0293816964481785,2.51042105917474));
#780=CARTESIAN_POINT('',(0.363395611378086,-0.429907281064649,2.47351104871634));
#781=CARTESIAN_POINT('',(0.374902771090947,-0.653624153957957,2.4241867496266));
#782=CARTESIAN_POINT('',(0.398459323754739,-1.08886663455135,2.26236057777341));
#783=CARTESIAN_POINT('',(0.41018395112304,-1.29069244750695,2.15339783486524));
#784=CARTESIAN_POINT('',(0.427714089500019,-1.56938381029139,1.94943242081092));
#785=CARTESIAN_POINT('',(0.433596347214057,-1.65863827566007,1.87407283408042));
#786=CARTESIAN_POINT('',(0.445290349789964,-1.82371362822669,1.71385487108537));
#787=CARTESIAN_POINT('',(0.451161126367776,-1.90020597531062,1.62860383233776));
#788=CARTESIAN_POINT('',(0.468756433167209,-2.11174855571846,1.35759007165887));
#789=CARTESIAN_POINT('',(0.480475049541675,-2.22937793925508,1.15426765444533));
#790=CARTESIAN_POINT('',(0.503828713456229,-2.40200387432244,0.729956986319014));
#791=CARTESIAN_POINT('',(0.515750270433891,-2.4596306854684,0.502992344557432));
#792=CARTESIAN_POINT('',(0.539025143381006,-2.51010814963098,0.0462761789399492));
#793=CARTESIAN_POINT('',(0.550751406518126,-2.50387290096496,-0.184762897140949));
#794=CARTESIAN_POINT('',(0.574369536537377,-2.42745346297807,-0.641082301598161));
#795=CARTESIAN_POINT('',(0.585768684397319,-2.35891194421916,-0.859600139989534));
#796=CARTESIAN_POINT('',(0.609416283469777,-2.16142675952115,-1.27734581240781));
#797=CARTESIAN_POINT('',(0.621121365875678,-2.03433302068821,-1.47112173357308));
#798=CARTESIAN_POINT('',(0.644376442122775,-1.73236635177215,-1.8170351722796));
#799=CARTESIAN_POINT('',(0.656345554293652,-1.55529880022763,-1.97065771262822));
#800=CARTESIAN_POINT('',(0.679651617291573,-1.17137589610101,-2.22043344605601));
#801=CARTESIAN_POINT('',(0.691403294199656,-0.958813267945194,-2.32018431266111));
#802=CARTESIAN_POINT('',(0.714889364208073,-0.520753270697688,-2.45588968778406));
#803=CARTESIAN_POINT('',(0.726558643692295,-0.290969280941488,-2.49368269128498));
#804=CARTESIAN_POINT('',(0.749966061816525,0.169835716487622,-2.50484975930116));
#805=CARTESIAN_POINT('',(0.761675804277298,0.397444794648351,-2.47909012074228));
#806=CARTESIAN_POINT('',(0.78522293492397,0.846954078996134,-2.36358181149434));
#807=CARTESIAN_POINT('',(0.796801386304578,1.05928536802084,-2.27615643129828));
#808=CARTESIAN_POINT('',(0.814454882643295,1.35761737218264,-2.1024077788119));
#809=CARTESIAN_POINT('',(0.820383512659421,1.4542462186223,-2.03676361536221));
#810=CARTESIAN_POINT('',(0.83204310311162,1.63517748698103,-1.89457981497508));
#811=CARTESIAN_POINT('',(0.8378153441708,1.720146878461,-1.81775267185169));
#812=CARTESIAN_POINT('',(0.855367064313738,1.95875234916955,-1.57028961425432));
#813=CARTESIAN_POINT('',(0.867306734383687,2.09693963758213,-1.38033054567283));
#814=CARTESIAN_POINT('',(0.890510677256267,2.31286196993897,-0.976287748048976));
#815=CARTESIAN_POINT('',(0.902410878443062,2.39380031369906,-0.756656834020043));
#816=CARTESIAN_POINT('',(0.925844239714861,2.49162652062101,-0.307582164751091));
#817=CARTESIAN_POINT('',(0.937347455599885,2.50949799569449,-0.0773570561818189));
#818=CARTESIAN_POINT('',(0.96105204635207,2.48105034656443,0.384647218043162));
#819=CARTESIAN_POINT('',(0.972595870403839,2.43563556033008,0.609110996623913));
#820=CARTESIAN_POINT('',(0.996002005361364,2.28283053450976,1.04499834433481));
#821=CARTESIAN_POINT('',(1.00785123830839,2.17654617109059,1.25113269677874));
#822=CARTESIAN_POINT('',(1.03118293448009,1.91233484357307,1.62654901736601));
#823=CARTESIAN_POINT('',(1.04294150061357,1.75218789934628,1.79785408368106));
#824=CARTESIAN_POINT('',(1.06639697918207,1.39639991657931,2.08626676477421));
#825=CARTESIAN_POINT('',(1.07814349190716,1.19542945369784,2.20761085714388));
#826=CARTESIAN_POINT('',(1.10146872569665,0.773820631096368,2.38826273810849));
#827=CARTESIAN_POINT('',(1.11334806063628,0.549392341606469,2.44975977186212));
#828=CARTESIAN_POINT('',(1.13672105401834,0.0920962039285881,2.50891872607937));
#829=CARTESIAN_POINT('',(1.14829909523103,-0.136949261333505,2.50699790310489));
#830=CARTESIAN_POINT('',(1.17200810801492,-0.595809755639989,2.43901708100545));
#831=CARTESIAN_POINT('',(1.18344820594378,-0.816346322757678,2.37413558478467));
#832=CARTESIAN_POINT('',(1.20108930026873,-1.13106602239461,2.23247058802342));
#833=CARTESIAN_POINT('',(1.20707261583372,-1.234009372597,2.17726128485359));
#834=CARTESIAN_POINT('',(1.21881658088712,-1.42883167951434,2.05467415075865));
#835=CARTESIAN_POINT('',(1.22461104438278,-1.52135141548374,1.98711284157528));
#836=CARTESIAN_POINT('',(1.24201539508707,-1.78442210693249,1.76588449296142));
#837=CARTESIAN_POINT('',(1.25398309722796,-1.94166472135206,1.59135554025271));
#838=CARTESIAN_POINT('',(1.27732802387008,-2.19853306400401,1.21199286801422));
#839=CARTESIAN_POINT('',(1.28900673456864,-2.30188509890997,1.00207845797394));
#840=CARTESIAN_POINT('',(1.3125513126468,-2.44601856826688,0.56553462158637));
#841=CARTESIAN_POINT('',(1.32414880000523,-2.48775633539714,0.338651790636713));
#842=CARTESIAN_POINT('',(1.34762944426122,-2.50763514435715,-0.124026619703165));
#843=CARTESIAN_POINT('',(1.35933990320318,-2.48583823118362,-0.351996659294878));
#844=CARTESIAN_POINT('',(1.382792632037,-2.37934537273616,-0.801254614344198));
#845=CARTESIAN_POINT('',(1.39445622131187,-2.29505957512313,-1.01752847452431));
#846=CARTESIAN_POINT('',(1.41794577389495,-2.07146240745286,-1.41834627095845));
#847=CARTESIAN_POINT('',(1.42965406654819,-1.93000312587478,-1.60546860205945));
#848=CARTESIAN_POINT('',(1.45298254360888,-1.60620880103568,-1.92938715284431));
#849=CARTESIAN_POINT('',(1.46494984389903,-1.41902907547076,-2.07098355864845));
#850=CARTESIAN_POINT('',(1.48819830673778,-1.0184704574897,-2.29463163589373));
#851=CARTESIAN_POINT('',(1.49998193976316,-0.801825464209858,-2.37913173697156));
#852=CARTESIAN_POINT('',(1.52353156807295,-0.353030490815267,-2.48567121105656));
#853=CARTESIAN_POINT('',(1.53492557257162,-0.125033985065484,-2.50760968713024));
#854=CARTESIAN_POINT('',(1.55864805079124,0.338181646078134,-2.48784505439278));
#855=CARTESIAN_POINT('',(1.57028942648079,0.564511538997322,-2.44627037456917));
#856=CARTESIAN_POINT('',(1.58776489289468,0.892192423049765,-2.33820886279254));
#857=CARTESIAN_POINT('',(1.5936953649735,1.00032622636159,-2.29403607665298));
#858=CARTESIAN_POINT('',(1.60548580817383,1.20692863456748,-2.19239078432503));
#859=CARTESIAN_POINT('',(1.61134080018865,1.30599180711174,-2.13483250802405));
#860=CARTESIAN_POINT('',(1.62883215808177,1.59065131039307,-1.9422477079358));
#861=CARTESIAN_POINT('',(1.64057665898521,1.76524374280117,-1.78504794346706));
#862=CARTESIAN_POINT('',(1.65818000581401,1.98651203655765,-1.52213348186197));
#863=CARTESIAN_POINT('',(1.66402703816021,2.05413069447119,-1.42962037778673));
#864=CARTESIAN_POINT('',(1.67573633830772,2.17688462618789,-1.23468241212814));
#865=CARTESIAN_POINT('',(1.68162190908938,2.23210633404803,-1.13177658693783));
#866=CARTESIAN_POINT('',(1.69912698915788,2.37378346878628,-0.81732475814018));
#867=CARTESIAN_POINT('',(1.71090618179042,2.43888149158373,-0.596258367278075));
#868=CARTESIAN_POINT('',(1.73441516728169,2.50691732904165,-0.137958239657894));
#869=CARTESIAN_POINT('',(1.7459481870013,2.50897546351266,0.0910594992720836));
#870=CARTESIAN_POINT('',(1.76956184492817,2.44991570365767,0.548782975216787));
#871=CARTESIAN_POINT('',(1.78113952683751,2.38858872547184,0.772843254176769));
#872=CARTESIAN_POINT('',(1.80455013347678,2.20801519836343,1.19470150195513));
#873=CARTESIAN_POINT('',(1.81648376609605,2.08680634064078,1.39559363160905));
#874=CARTESIAN_POINT('',(1.8396797639027,1.79852950358261,1.75149476524174));
#875=CARTESIAN_POINT('',(1.85159891999745,1.62716641184426,1.91179582284444));
#876=CARTESIAN_POINT('',(1.87501155295335,1.25203524290357,2.17601506212778));
#877=CARTESIAN_POINT('',(1.8865873401185,1.04552327643183,2.28256705691543));
#878=CARTESIAN_POINT('',(1.91020903020217,0.61011677403677,2.43536215231232));
#879=CARTESIAN_POINT('',(1.92176266997815,0.385663001822797,2.48091805896131));
#880=CARTESIAN_POINT('',(1.94523720350584,-0.0768760452648742,2.5095378937007));
#881=CARTESIAN_POINT('',(1.9570043658791,-0.306538190697791,2.49176939259164));
#882=CARTESIAN_POINT('',(1.97454888768887,-0.643596388582585,2.41847137271803));
#883=CARTESIAN_POINT('',(1.98043773740307,-0.75573423755652,2.38581836343634));
#884=CARTESIAN_POINT('',(1.99211989898774,-0.971882516847389,2.30623239821393));
#885=CARTESIAN_POINT('',(1.99797453741543,-1.07641538061481,2.25930330297467));
#886=CARTESIAN_POINT('',(2.01557199278443,-1.37956061986946,2.09745046233061));
#887=CARTESIAN_POINT('',(2.02733534367636,-1.56958905867383,1.95930695421073));
#888=CARTESIAN_POINT('',(2.04479815011674,-1.8170796351672,1.72085588819704));
#889=CARTESIAN_POINT('',(2.05066897725331,-1.89395925758628,1.63590229444334));
#890=CARTESIAN_POINT('',(2.06245660785108,-2.03631264869838,1.45488445696309));
#891=CARTESIAN_POINT('',(2.0683961878219,-2.10197214770251,1.35828478791179));
#892=CARTESIAN_POINT('',(2.08589376350337,-2.27570134072996,1.06022700727656));
#893=CARTESIAN_POINT('',(2.09751650674447,-2.36340705630184,0.847362787277256));
#894=CARTESIAN_POINT('',(2.1212106024646,-2.47890262196693,0.398444974676643));
#895=CARTESIAN_POINT('',(2.13260595965042,-2.50479803509156,0.170869299217761));
#896=CARTESIAN_POINT('',(2.15617536077966,-2.49377437106586,-0.290342728906371));
#897=CARTESIAN_POINT('',(2.16797784983601,-2.45611469577558,-0.519736127292445));
#898=CARTESIAN_POINT('',(2.1912146571299,-2.32051286940949,-0.95804230789808));
#899=CARTESIAN_POINT('',(2.20315650210065,-2.2208808503868,-1.17052514623224));
#900=CARTESIAN_POINT('',(2.22649830058727,-1.97126653358507,-1.55452536908997));
#901=CARTESIAN_POINT('',(2.23819762068245,-1.81757867262794,-1.73177967098477));
#902=CARTESIAN_POINT('',(2.26170335822355,-1.47196310415967,-2.0337103235271));
#903=CARTESIAN_POINT('',(2.2733973058599,-1.27783880301287,-2.16111157539557));
#904=CARTESIAN_POINT('',(2.29679697005528,-0.860558628994998,-2.3585406703842));
#905=CARTESIAN_POINT('',(2.30850108941271,-0.64208398971211,-2.42721375665248));
#906=CARTESIAN_POINT('',(2.33203283337198,-0.185269722783797,-2.5038597405101));
#907=CARTESIAN_POINT('',(2.34360309775668,0.0452348757583995,-2.51014002174735));
#908=CARTESIAN_POINT('',(2.36714571241273,0.502249036621786,-2.4597957289123));
#909=CARTESIAN_POINT('',(2.37883838704004,0.729002009769569,-2.40229776666757));
#910=CARTESIAN_POINT('',(2.40215346913552,1.153454093635,-2.22980316258201));
#911=CARTESIAN_POINT('',(2.41413823553925,1.35683340662397,-2.11222822397009));
#912=CARTESIAN_POINT('',(2.43155613178098,1.6278559825863,-1.90084484922485));
#913=CARTESIAN_POINT('',(2.43732717166607,1.71316316872785,-1.82436880437003));
#914=CARTESIAN_POINT('',(2.44907655085962,1.87355737834886,-1.65922642429499));
#915=CARTESIAN_POINT('',(2.45506505724971,1.94893676285231,-1.56999275054276));
#916=CARTESIAN_POINT('',(2.47269604963582,2.15284114419769,-1.2915889350973));
#917=CARTESIAN_POINT('',(2.48414108900484,2.26215326701463,-1.08923460226961));
#918=CARTESIAN_POINT('',(2.50785727630557,2.42389808289418,-0.654589570638255));
#919=CARTESIAN_POINT('',(2.51945247899787,2.47334968351052,-0.430945216830354));
#920=CARTESIAN_POINT('',(2.54280453777847,2.5104474225226,0.0287432701717669));
#921=CARTESIAN_POINT('',(2.55466445099279,2.49689716405819,0.26097772645429));
#922=CARTESIAN_POINT('',(2.57802872649242,2.40773029531054,0.710942787171291));
#923=CARTESIAN_POINT('',(2.58975503135636,2.33077017504992,0.932711756496594));
#924=CARTESIAN_POINT('',(2.61321218971093,2.1225320804941,1.34063358039496));
#925=CARTESIAN_POINT('',(2.62499405467406,1.98819927422623,1.53288637774201));
#926=CARTESIAN_POINT('',(2.64827786776302,1.67586142225781,1.86926870580149));
#927=CARTESIAN_POINT('',(2.66014210141918,1.4962252076654,2.01609204792772));
#928=CARTESIAN_POINT('',(2.68359024260775,1.1016432778023,2.25603614914383));
#929=CARTESIAN_POINT('',(2.69510825823065,0.891504240730274,2.34708472661971));
#930=CARTESIAN_POINT('',(2.71879705688647,0.445385086096656,2.4708740660451));
#931=CARTESIAN_POINT('',(2.73030270054493,0.216565048674661,2.50118402207455));
#932=CARTESIAN_POINT('',(2.75373432936489,-0.243088934857899,2.49874562577668));
#933=CARTESIAN_POINT('',(2.76565563635102,-0.474693504413678,2.46518509711474));
#934=CARTESIAN_POINT('',(2.7888677295867,-0.914781418311104,2.33787220413818));
#935=CARTESIAN_POINT('',(2.80078495136135,-1.12930208056025,2.24213995899568));
#936=CARTESIAN_POINT('',(2.81832742081764,-1.42090539214685,2.06013508362649));
#937=CARTESIAN_POINT('',(2.82412374891012,-1.51370640758478,1.99297131942284));
#938=CARTESIAN_POINT('',(2.83577713744043,-1.69038751283483,1.84548958947411));
#939=CARTESIAN_POINT('',(2.8416900240086,-1.77466600969229,1.764596331349));
#940=CARTESIAN_POINT('',(2.85935839634912,-2.00654595307407,1.50888434695048));
#941=CARTESIAN_POINT('',(2.87096757698666,-2.13621742101417,1.3192427117453));
#942=CARTESIAN_POINT('',(2.89447128941013,-2.34250228193272,0.903609020250191));
#943=CARTESIAN_POINT('',(2.90616212810401,-2.41497364309182,0.686319938952429));
#944=CARTESIAN_POINT('',(2.92961459018311,-2.49975275091456,0.23317148137568));
#945=CARTESIAN_POINT('',(2.94125993388658,-2.51049502127372,0.000617212153192022));
#946=CARTESIAN_POINT('',(2.96475332691472,-2.46871466759531,-0.456106920349538));
#947=CARTESIAN_POINT('',(2.9765276788576,-2.41528229426437,-0.684731227991396));
#948=CARTESIAN_POINT('',(2.99978611448094,-2.2506809115173,-1.11215145106465));
#949=CARTESIAN_POINT('',(3.01176729485169,-2.13715943058412,-1.31728844709127));
#950=CARTESIAN_POINT('',(3.03505531846427,-1.86152219386538,-1.68446858276473));
#951=CARTESIAN_POINT('',(3.04674547616084,-1.69829898308206,-1.84909137623895));
#952=CARTESIAN_POINT('',(3.070375527358,-1.33073548352823,-2.12896722062547));
#953=CARTESIAN_POINT('',(3.08177862546751,-1.13121849343263,-2.2414020166819));
#954=CARTESIAN_POINT('',(3.10540347409283,-0.700628081878904,-2.41094557614899));
#955=CARTESIAN_POINT('',(3.11714050307479,-0.476013398746776,-2.46499646707857));
#956=CARTESIAN_POINT('',(3.14041211227187,-0.0187194452139013,-2.51046727141924));
#957=CARTESIAN_POINT('',(3.15231551163637,0.215222624600308,-2.50122805014952));
#958=CARTESIAN_POINT('',(3.17568068260039,0.666143495509357,-2.42047833710306));
#959=CARTESIAN_POINT('',(3.18739140885647,0.889469243303683,-2.34763095631816));
#960=CARTESIAN_POINT('',(3.20499347905089,1.19848695487614,-2.19698900303423));
#961=CARTESIAN_POINT('',(3.2108489054456,1.29776925403203,-2.13986641895249));
#962=CARTESIAN_POINT('',(3.22256134098787,1.488798846792,-2.01164393505964));
#963=CARTESIAN_POINT('',(3.22845547324502,1.58105130144757,-1.93998078289715));
#964=CARTESIAN_POINT('',(3.24595124749277,1.83840797120937,-1.70975166462003));
#965=CARTESIAN_POINT('',(3.25767885063419,1.98697752776674,-1.53486175856078));
#966=CARTESIAN_POINT('',(3.2812810759239,2.23559469244236,-1.14280211973284));
#967=CARTESIAN_POINT('',(3.29276186666785,2.33030802699203,-0.934215266328737));
#968=CARTESIAN_POINT('',(3.31635745168135,2.46180903071001,-0.492534222993462));
#969=CARTESIAN_POINT('',(3.32800799902588,2.49676092312021,-0.262213443954168));
#970=CARTESIAN_POINT('',(3.35132378875451,2.50280478498728,0.196314048542454));
#971=CARTESIAN_POINT('',(3.36331731155605,2.47349129476597,0.429289971051429));
#972=CARTESIAN_POINT('',(3.38654171213641,2.35432501325207,0.871551947105855));
#973=CARTESIAN_POINT('',(3.39839093571707,2.26283281134934,1.08734000785301));
#974=CARTESIAN_POINT('',(3.42185582914918,2.02691641958093,1.4813272605438));
#975=CARTESIAN_POINT('',(3.43338172611525,1.88186356830206,1.66192435595943));
#976=CARTESIAN_POINT('',(3.45700775668764,1.54533528469245,1.97872229292496));
#977=CARTESIAN_POINT('',(3.46862022210619,1.35862117770983,2.1113126869233));
#978=CARTESIAN_POINT('',(3.49204684614244,0.948225222821709,2.32472830526271));
#979=CARTESIAN_POINT('',(3.5038225071327,0.730270414809367,2.40197283940774));
#980=CARTESIAN_POINT('',(3.52722736850852,0.280325091898946,2.49483190673243));
#981=CARTESIAN_POINT('',(3.5389149455331,0.0465896947769337,2.51003678111891));
#982=CARTESIAN_POINT('',(3.56237876030505,-0.410259262074159,2.47672012551107));
#983=CARTESIAN_POINT('',(3.5741976803266,-0.639935278643645,2.42755552948436));
#984=CARTESIAN_POINT('',(3.59163216828859,-0.963019739143165,2.30991963808621));
#985=CARTESIAN_POINT('',(3.59748047536018,-1.06770513624615,2.26345551209534));
#986=CARTESIAN_POINT('',(3.60925913962542,-1.27099520230202,2.15587483609935));
#987=CARTESIAN_POINT('',(3.61521199660798,-1.37020600736201,2.09422839006967));
#988=CARTESIAN_POINT('',(3.63275262520326,-1.65024638057889,1.89201350231052));
#989=CARTESIAN_POINT('',(3.64426601660883,-1.8160614658347,1.73374030936453));
#990=CARTESIAN_POINT('',(3.66804409647958,-2.1043430864842,1.36955280379079));
#991=CARTESIAN_POINT('',(3.67947783791923,-2.2202716288459,1.17194400319636));
#992=CARTESIAN_POINT('',(3.69707433798011,-2.35284386826488,0.852871880583386));
#993=CARTESIAN_POINT('',(3.70306201435262,-2.39006191368811,0.742174189695596));
#994=CARTESIAN_POINT('',(3.71481803111527,-2.44809261641828,0.519673956006165));
#995=CARTESIAN_POINT('',(3.72062889659227,-2.46928913739605,0.407124337262553));
#996=CARTESIAN_POINT('',(3.73805159861377,-2.50963146443523,0.06562158891098));
#997=CARTESIAN_POINT('',(3.74995295994293,-2.50476147286579,-0.169178457504214));
#998=CARTESIAN_POINT('',(3.7733464241097,-2.43233172898131,-0.621460977557809));
#999=CARTESIAN_POINT('',(3.78501418668914,-2.36385409383306,-0.84554036960941));
#1000=CARTESIAN_POINT('',(3.80851265041584,-2.17023931378771,-1.26206418793213));
#1001=CARTESIAN_POINT('',(3.82021695507497,-2.04492049726689,-1.45662330847763));
#1002=CARTESIAN_POINT('',(3.8436318408941,-1.74311278547514,-1.80693362358878));
#1003=CARTESIAN_POINT('',(3.85531489786383,-1.57122185039448,-1.9582407010118));
#1004=CARTESIAN_POINT('',(3.87885456683928,-1.18548209076434,-2.21315994874596));
#1005=CARTESIAN_POINT('',(3.89042144206177,-0.976572203897988,-2.31280098811204));
#1006=CARTESIAN_POINT('',(3.91394566875808,-0.53886582410408,-2.4520125007126));
#1007=CARTESIAN_POINT('',(3.92570423472912,-0.307905834835605,-2.49151492274625));
#1008=CARTESIAN_POINT('',(3.94894877950499,0.149916153068971,-2.50598837994953));
#1009=CARTESIAN_POINT('',(3.96095737980726,0.383428531260734,-2.48103607815797));
#1010=CARTESIAN_POINT('',(3.98422948024123,0.828269358768619,-2.3699213761286));
#1011=CARTESIAN_POINT('',(3.9959696553559,1.04453578958271,-2.28298193463604));
#1012=CARTESIAN_POINT('',(4.0195351096271,1.44411703825701,-2.05367658344967));
#1013=CARTESIAN_POINT('',(4.03094444504596,1.62542246993605,-1.91361733117864));
#1014=CARTESIAN_POINT('',(4.05463944896894,1.95008568684924,-1.5814851595592));
#1015=CARTESIAN_POINT('',(4.06630381674545,2.08606053666385,-1.39691678881525));
#1016=CARTESIAN_POINT('',(4.08380167595702,2.25111524695061,-1.09349733164811));
#1017=CARTESIAN_POINT('',(4.08969905105344,2.29968144595797,-0.987264561501844));
#1018=CARTESIAN_POINT('',(4.1014584494611,2.38060915640162,-0.771962506691582));
#1019=CARTESIAN_POINT('',(4.10732426508157,2.41341835087319,-0.662228672067332));
#1020=CARTESIAN_POINT('',(4.12486406395538,2.48911909071478,-0.32684239932622));
#1021=CARTESIAN_POINT('',(4.1365645101581,2.50875437349162,-0.0927766119882581));
#1022=CARTESIAN_POINT('',(4.16001645161313,2.48385074046812,0.364611444309369));
#1023=CARTESIAN_POINT('',(4.17184198692242,2.43912411325151,0.594513513215837));
#1024=CARTESIAN_POINT('',(4.19511841745107,2.28993479056415,1.02906336646737));
#1025=CARTESIAN_POINT('',(4.20692572007813,2.18567862404997,1.23543747872246));
#1026=CARTESIAN_POINT('',(4.23044740067123,1.92192047040974,1.61546232295311));
#1027=CARTESIAN_POINT('',(4.24190997408982,1.7667098498215,1.78385366546009));
#1028=CARTESIAN_POINT('',(4.26558204669774,1.40980178590605,2.07746396302988));
#1029=CARTESIAN_POINT('',(4.2771839253146,1.21224955380498,2.19844731811822));
#1030=CARTESIAN_POINT('',(4.30051607427764,0.791523513282405,2.38247982555207));
#1031=CARTESIAN_POINT('',(4.31248961189246,0.565870778298059,2.44586158642814));
#1032=CARTESIAN_POINT('',(4.33571528848451,0.112067198988084,2.50796522715276));
#1033=CARTESIAN_POINT('',(4.34757223560325,-0.122748164751962,2.50748960354833));
#1034=CARTESIAN_POINT('',(4.37101978715123,-0.576806045848238,2.44333092505413));
#1035=CARTESIAN_POINT('',(4.38261977786651,-0.800819554634429,2.3794508521482));
#1036=CARTESIAN_POINT('',(4.40616254061972,-1.22227078303228,2.19297798662443));
#1037=CARTESIAN_POINT('',(4.41778711456092,-1.41714948047555,2.07257392906554));
#1038=CARTESIAN_POINT('',(4.4412934444737,-1.77449051061303,1.77624850997787));
#1039=CARTESIAN_POINT('',(4.45297189529787,-1.92914305798005,1.60667242305832));
#1040=CARTESIAN_POINT('',(4.47644427982566,-2.19009592221302,1.22738301465949));
#1041=CARTESIAN_POINT('',(4.48810423708969,-2.29496875729132,1.01837055000073));
#1042=CARTESIAN_POINT('',(4.5,-2.36913875445536,0.798236532700492));
#1043=CARTESIAN_POINT('',(4.5,-0.798236532700494,2.36913875445536));
#1044=CARTESIAN_POINT('',(4.48810424090149,-0.578102585938646,2.44330872785282));
#1045=CARTESIAN_POINT('',(4.47657528143176,-0.352941702545461,2.4856541481458));
#1046=CARTESIAN_POINT('',(4.4590656848064,-0.00788893493021675,2.50263838021061));
#1047=CARTESIAN_POINT('',(4.45310662287614,0.108883569459777,2.50027319588646));
#1048=CARTESIAN_POINT('',(4.44132613708664,0.337934648693209,2.47972213342124));
#1049=CARTESIAN_POINT('',(4.43548440824686,0.451029632847352,2.46164771735219));
#1050=CARTESIAN_POINT('',(4.41801126379618,0.786059324325228,2.38425241844233));
#1051=CARTESIAN_POINT('',(4.40621894405028,1.00542723796778,2.30034107383644));
#1052=CARTESIAN_POINT('',(4.38277146325477,1.40665454076453,2.07936913263928));
#1053=CARTESIAN_POINT('',(4.37106820967035,1.59439474864054,1.93924280787098));
#1054=CARTESIAN_POINT('',(4.34768812388444,1.921059243452,1.616257611125));
#1055=CARTESIAN_POINT('',(4.33588334726453,2.06178684415089,1.43265719484895));
#1056=CARTESIAN_POINT('',(4.31244129347833,2.28958818081067,1.03017357321871));
#1057=CARTESIAN_POINT('',(4.30085181990487,2.37392147996087,0.817263923985348));
#1058=CARTESIAN_POINT('',(4.27724092802261,2.48352004059231,0.368173495031757));
#1059=CARTESIAN_POINT('',(4.26572001243886,2.50673977313961,0.137792814639797));
#1060=CARTESIAN_POINT('',(4.24223083182671,2.48989661427582,-0.321163510106924));
#1061=CARTESIAN_POINT('',(4.23035973682704,2.44904760862677,-0.551921172961076));
#1062=CARTESIAN_POINT('',(4.20716209391393,2.30800377918176,-0.987709332630775));
#1063=CARTESIAN_POINT('',(4.19519132929773,2.20563737727857,-1.19905264719071));
#1064=CARTESIAN_POINT('',(4.17184531293444,1.95075858645206,-1.58022290458242));
#1065=CARTESIAN_POINT('',(4.16020837686248,1.79591175137721,-1.75435975777474));
#1066=CARTESIAN_POINT('',(4.13660438862191,1.44504608216484,-2.05302678960949));
#1067=CARTESIAN_POINT('',(4.12509722890905,1.2519768179125,-2.17634096113456));
#1068=CARTESIAN_POINT('',(4.10154067624526,0.829785524933606,-2.36967548713175));
#1069=CARTESIAN_POINT('',(4.08981604887696,0.610024829567156,-2.43533959368408));
#1070=CARTESIAN_POINT('',(4.07228591049998,0.268734949678828,-2.48817881876174));
#1071=CARTESIAN_POINT('',(4.06640365278594,0.152335237160901,-2.49800398167056));
#1072=CARTESIAN_POINT('',(4.05470965021004,-0.0776818721474092,-2.50143867477548));
#1073=CARTESIAN_POINT('',(4.04883887363222,-0.192051717080965,-2.49524534450576));
#1074=CARTESIAN_POINT('',(4.03124356683279,-0.533270578167966,-2.45319286965093));
#1075=CARTESIAN_POINT('',(4.01952495045832,-0.760217772912435,-2.39259874443752));
#1076=CARTESIAN_POINT('',(3.99617128654377,-1.18231569296914,-2.21463076297039));
#1077=CARTESIAN_POINT('',(3.98424972956611,-1.38355223918779,-2.09489083463067));
#1078=CARTESIAN_POINT('',(3.96097485661899,-1.74219229417988,-1.80763669405149));
#1079=CARTESIAN_POINT('',(3.94924859348187,-1.90115260498163,-1.63985841002147));
#1080=CARTESIAN_POINT('',(3.92563046346262,-2.16978244744533,-1.26315516192777));
#1081=CARTESIAN_POINT('',(3.91423131560268,-2.27583172007485,-1.06017354388375));
#1082=CARTESIAN_POINT('',(3.89058371653022,-2.43157940456929,-0.625139632821603));
#1083=CARTESIAN_POINT('',(3.87887863412432,-2.4787308278808,-0.398250520359857));
#1084=CARTESIAN_POINT('',(3.85562355787722,-2.50980588681086,0.0598698971359474));
#1085=CARTESIAN_POINT('',(3.84365444570635,-2.49322776040924,0.293703103584787));
#1086=CARTESIAN_POINT('',(3.82034838270842,-2.39837138633109,0.741795707428184));
#1087=CARTESIAN_POINT('',(3.80859670580034,-2.31860142474097,0.962634697429696));
#1088=CARTESIAN_POINT('',(3.78511063579192,-2.1048044211136,1.36834808304287));
#1089=CARTESIAN_POINT('',(3.7734413563077,-1.96904629280579,1.55755358946449));
#1090=CARTESIAN_POINT('',(3.75003393818347,-1.65110426383922,1.89128823747146));
#1091=CARTESIAN_POINT('',(3.7383241957227,-1.47194552610625,2.03401734499262));
#1092=CARTESIAN_POINT('',(3.71477706507602,-1.072417754185,2.27019169940863));
#1093=CARTESIAN_POINT('',(3.70319861369542,-0.860457780673108,2.35851351455163));
#1094=CARTESIAN_POINT('',(3.6855451173567,-0.526646347090175,2.44660724734426));
#1095=CARTESIAN_POINT('',(3.67961648734058,-0.411902001393848,2.46851672679938));
#1096=CARTESIAN_POINT('',(3.66795689688838,-0.183425145180096,2.4959153241559));
#1097=CARTESIAN_POINT('',(3.6621846558292,-0.0690177183895749,2.50167276318294));
#1098=CARTESIAN_POINT('',(3.64463293568626,0.274684634096899,2.4954095034289));
#1099=CARTESIAN_POINT('',(3.63269326561631,0.506719148349078,2.45880132659736));
#1100=CARTESIAN_POINT('',(3.60948932274373,0.945100695857621,2.32578006992707));
#1101=CARTESIAN_POINT('',(3.59758912155694,1.15763525625644,2.22770961298977));
#1102=CARTESIAN_POINT('',(3.57415576028514,1.54435257444789,1.97933944338285));
#1103=CARTESIAN_POINT('',(3.56265254440011,1.71978335113089,1.82918274912836));
#1104=CARTESIAN_POINT('',(3.53894795364793,2.02635418076385,1.48238086827801));
#1105=CARTESIAN_POINT('',(3.52740412959616,2.1529609374166,1.29154790500037));
#1106=CARTESIAN_POINT('',(3.50399799463863,2.35313036685945,0.875279535643627));
#1107=CARTESIAN_POINT('',(3.49214876169161,2.42373497120026,0.654366143087237));
#1108=CARTESIAN_POINT('',(3.46881706551991,2.50236877590166,0.20208109567793));
#1109=CARTESIAN_POINT('',(3.45705849938643,2.51025875969557,-0.0322908686141099));
#1110=CARTESIAN_POINT('',(3.43360302081793,2.46261722699752,-0.487809526474471));
#1111=CARTESIAN_POINT('',(3.42185650809284,2.40631288044734,-0.715720334167688));
#1112=CARTESIAN_POINT('',(3.39853127430334,2.23593059304193,-1.14158296170144));
#1113=CARTESIAN_POINT('',(3.38665193936372,2.12072079724357,-1.34376269667989));
#1114=CARTESIAN_POINT('',(3.36327894598166,1.83919529497603,-1.70895159433725));
#1115=CARTESIAN_POINT('',(3.35170090476896,1.67587746633846,-1.86955296907338));
#1116=CARTESIAN_POINT('',(3.32799189198508,1.30334439889857,-2.14594663591895));
#1117=CARTESIAN_POINT('',(3.31655179405622,1.10152335083881,-2.25601139207622));
#1118=CARTESIAN_POINT('',(3.29891069973127,0.778810637185879,-2.37837954599583));
#1119=CARTESIAN_POINT('',(3.29292738416628,0.66697982352374,-2.41213261434603));
#1120=CARTESIAN_POINT('',(3.28118341911288,0.442537455371327,-2.46321059488892));
#1121=CARTESIAN_POINT('',(3.27538895561722,0.329343062804376,-2.48085886771706));
#1122=CARTESIAN_POINT('',(3.25798460491293,-0.0131080725460435,-2.51044587207634));
#1123=CARTESIAN_POINT('',(3.24601690277203,-0.247705997467338,-2.4982225850502));
#1124=CARTESIAN_POINT('',(3.22267197612991,-0.697589262497564,-2.41160601394263));
#1125=CARTESIAN_POINT('',(3.21099326543136,-0.919102090037245,-2.33625503586582));
#1126=CARTESIAN_POINT('',(3.1874486873532,-1.3297029506103,-2.12948968244917));
#1127=CARTESIAN_POINT('',(3.17585119999477,-1.51964639707899,-1.99857235231925));
#1128=CARTESIAN_POINT('',(3.15237055573878,-1.86086587915645,-1.68546575147683));
#1129=CARTESIAN_POINT('',(3.14066009679681,-2.00665229494517,-1.50885384546023));
#1130=CARTESIAN_POINT('',(3.117207367963,-2.2490238191064,-1.11587867658671));
#1131=CARTESIAN_POINT('',(3.10554377868812,-2.34235347318326,-0.903350904410051));
#1132=CARTESIAN_POINT('',(3.08205422610505,-2.46766738154831,-0.461822849017467));
#1133=CARTESIAN_POINT('',(3.07034593345181,-2.49995603351562,-0.229480562518893));
#1134=CARTESIAN_POINT('',(3.04701745639112,-2.50004387452425,0.228521604096641));
#1135=CARTESIAN_POINT('',(3.03505015610097,-2.4678116000124,0.461001436079995));
#1136=CARTESIAN_POINT('',(3.01180169326221,-2.34271695699474,0.90238222313658));
#1137=CARTESIAN_POINT('',(3.00001806023683,-2.24927640761952,1.11532396147794));
#1138=CARTESIAN_POINT('',(2.97646843192705,-2.00726522315931,1.50800471511724));
#1139=CARTESIAN_POINT('',(2.96507442742837,-1.86156019305739,1.68473543562034));
#1140=CARTESIAN_POINT('',(2.94135194920876,-1.52004157328781,1.99830264371728));
#1141=CARTESIAN_POINT('',(2.92971057351921,-1.33060443319049,2.12894430775672));
#1142=CARTESIAN_POINT('',(2.91223510710531,-1.02248803024927,2.28423865517287));
#1143=CARTESIAN_POINT('',(2.9063046350265,-0.914791008028802,2.32946592414697));
#1144=CARTESIAN_POINT('',(2.89451419182617,-0.696826968696155,2.40368181251803));
#1145=CARTESIAN_POINT('',(2.88865919981134,-0.586078880138426,2.4330302061041));
#1146=CARTESIAN_POINT('',(2.87116784191823,-0.248616196943143,2.49813685310765));
#1147=CARTESIAN_POINT('',(2.85942334101479,-0.0140036845867403,2.51043532655049));
#1148=CARTESIAN_POINT('',(2.84181999418598,0.328365225063013,2.48098703885429));
#1149=CARTESIAN_POINT('',(2.83597296183979,0.441595479848627,2.46338400715946));
#1150=CARTESIAN_POINT('',(2.82426366169228,0.666237574810718,2.41234218726575));
#1151=CARTESIAN_POINT('',(2.81837809091062,0.778050625722985,2.37862442454668));
#1152=CARTESIAN_POINT('',(2.80087301084212,1.1005825089348,2.25645426675984));
#1153=CARTESIAN_POINT('',(2.78909381820958,1.30293130636775,2.14616797605072));
#1154=CARTESIAN_POINT('',(2.76558483271831,1.67510703645683,1.87020945002201));
#1155=CARTESIAN_POINT('',(2.7540518129987,1.83850235350726,1.70972477465366));
#1156=CARTESIAN_POINT('',(2.73043815507182,2.12040017056732,1.34430384421616));
#1157=CARTESIAN_POINT('',(2.71886047316249,2.23546999106959,1.14250457942413));
#1158=CARTESIAN_POINT('',(2.69544986652321,2.40608405325199,0.716520986199438));
#1159=CARTESIAN_POINT('',(2.68351623390395,2.46242863518172,0.488761193798574));
#1160=CARTESIAN_POINT('',(2.6603202360973,2.51024623386251,0.0332585824320753));
#1161=CARTESIAN_POINT('',(2.64840108000254,2.50242419451147,-0.201263386643441));
#1162=CARTESIAN_POINT('',(2.62498844704665,2.42399761693626,-0.653352395853047));
#1163=CARTESIAN_POINT('',(2.61341265988149,2.35331524311121,-0.874722045804676));
#1164=CARTESIAN_POINT('',(2.58979096979782,2.15347880078212,-1.29064338430812));
#1165=CARTESIAN_POINT('',(2.57823733002184,2.02697890690132,-1.48156905921811));
#1166=CARTESIAN_POINT('',(2.55476279649416,1.72015168936272,-1.82887083519802));
#1167=CARTESIAN_POINT('',(2.5429956341209,1.5451918013195,-1.97870226798975));
#1168=CARTESIAN_POINT('',(2.52545111231113,1.25502613704046,-2.16520887846842));
#1169=CARTESIAN_POINT('',(2.51956226259693,1.15264353931409,-2.22141314761633));
#1170=CARTESIAN_POINT('',(2.50788010101226,0.943527849589667,-2.31797728594866));
#1171=CARTESIAN_POINT('',(2.50202546258457,0.83642807128424,-2.35870930129681));
#1172=CARTESIAN_POINT('',(2.48442800721556,0.507624775749131,-2.45861811448446));
#1173=CARTESIAN_POINT('',(2.47266465632364,0.275572166683809,-2.49530630081286));
#1174=CARTESIAN_POINT('',(2.45520184988326,-0.0680404639938535,-2.50169819997163));
#1175=CARTESIAN_POINT('',(2.44933102274668,-0.182473828570878,-2.49598904008981));
#1176=CARTESIAN_POINT('',(2.43754339214892,-0.411131817149154,-2.46864914787205));
#1177=CARTESIAN_POINT('',(2.43160381217809,-0.525866375190826,-2.44677114382064));
#1178=CARTESIAN_POINT('',(2.41410623649662,-0.859470143543183,-2.35885755642781));
#1179=CARTESIAN_POINT('',(2.40248349325553,-1.07200518320636,-2.27035712922401));
#1180=CARTESIAN_POINT('',(2.37878939753539,-1.47110571037044,-2.03459199741744));
#1181=CARTESIAN_POINT('',(2.36739404034958,-1.65033683594257,-1.8919825162894));
#1182=CARTESIAN_POINT('',(2.34382463922034,-1.96866808100784,-1.55806145605192));
#1183=CARTESIAN_POINT('',(2.33202215016398,-2.10424429679101,-1.36922641671866));
#1184=CARTESIAN_POINT('',(2.30878534287009,-2.31828859836847,-0.963412173211685));
#1185=CARTESIAN_POINT('',(2.29684349789934,-2.39808617796607,-0.742713641065581));
#1186=CARTESIAN_POINT('',(2.27350169941272,-2.49311136343415,-0.29468050341398));
#1187=CARTESIAN_POINT('',(2.26180237931755,-2.5097753536296,-0.0606690558808437));
#1188=CARTESIAN_POINT('',(2.23829664177645,-2.47888545334279,0.397215268127482));
#1189=CARTESIAN_POINT('',(2.2266026941401,-2.43170513273663,0.624568166989337));
#1190=CARTESIAN_POINT('',(2.20320302994472,-2.27624694390385,1.05923325956205));
#1191=CARTESIAN_POINT('',(2.19149891058728,-2.17032124993495,1.26227736350157));
#1192=CARTESIAN_POINT('',(2.16796716662802,-1.9015016789836,1.63949072432577));
#1193=CARTESIAN_POINT('',(2.15639690224331,-1.74295114371034,1.80692291850026));
#1194=CARTESIAN_POINT('',(2.13285428758726,-1.38419454060783,2.09448193988732));
#1195=CARTESIAN_POINT('',(2.12116161295996,-1.18319877663319,2.21416330584666));
#1196=CARTESIAN_POINT('',(2.09784653086448,-0.761093725576185,2.39232414836966));
#1197=CARTESIAN_POINT('',(2.08586176446075,-0.534144797818522,2.45299700334714));
#1198=CARTESIAN_POINT('',(2.06844386821902,-0.193032278788466,2.49516828695228));
#1199=CARTESIAN_POINT('',(2.06267282833392,-0.07863425906866,2.50141284684174));
#1200=CARTESIAN_POINT('',(2.05092344914038,0.151554871029755,2.49805538331546));
#1201=CARTESIAN_POINT('',(2.04493494275029,0.267953880794191,2.48825892143912));
#1202=CARTESIAN_POINT('',(2.02730395036417,0.608997277366847,2.43557986639239));
#1203=CARTESIAN_POINT('',(2.01585891099515,0.829378741621553,2.3697890887572));
#1204=CARTESIAN_POINT('',(1.99214272369443,1.25109004702731,2.1768194956118));
#1205=CARTESIAN_POINT('',(1.98054752100213,1.4441980483153,2.05364661859649));
#1206=CARTESIAN_POINT('',(1.95719546222153,1.79547895753001,1.75482983502603));
#1207=CARTESIAN_POINT('',(1.94533554900721,1.95011203674553,1.58103379651647));
#1208=CARTESIAN_POINT('',(1.92197127350757,2.20523488492689,1.19980995323782));
#1209=CARTESIAN_POINT('',(1.91024496864364,2.30763020407634,0.988576588253931));
#1210=CARTESIAN_POINT('',(1.88678781028907,2.44882792318706,0.552885731619616));
#1211=CARTESIAN_POINT('',(1.87500594532593,2.48978354164541,0.321954836665605));
#1212=CARTESIAN_POINT('',(1.85172213223698,2.50678555373946,-0.136759601724678));
#1213=CARTESIAN_POINT('',(1.83985789858082,2.4835833491084,-0.367601368063605));
#1214=CARTESIAN_POINT('',(1.81640975739225,2.37423789184414,-0.816279027479092));
#1215=CARTESIAN_POINT('',(1.80489174176934,2.29002822028908,-1.02925083213531));
#1216=CARTESIAN_POINT('',(1.78120294311353,2.06210662217672,-1.43223699294024));
#1217=CARTESIAN_POINT('',(1.76969729945507,1.92173879749016,-1.61546956851856));
#1218=CARTESIAN_POINT('',(1.74626567063511,1.59499014217743,-1.9387698107164));
#1219=CARTESIAN_POINT('',(1.73434436364898,1.40749010309368,-2.07880809500601));
#1220=CARTESIAN_POINT('',(1.7111322704133,1.00627714490236,-2.2999734332849));
#1221=CARTESIAN_POINT('',(1.69921504863865,0.78689521020287,-2.38396952854742));
#1222=CARTESIAN_POINT('',(1.68167257918235,0.452003649580968,-2.46146732600419));
#1223=CARTESIAN_POINT('',(1.67587625108988,0.338891469145385,-2.47959560020293));
#1224=CARTESIAN_POINT('',(1.66422286255957,0.10967373016767,-2.5002426764849));
#1225=CARTESIAN_POINT('',(1.65830997599139,-0.00712033784098497,-2.50263640174848));
#1226=CARTESIAN_POINT('',(1.64064160365088,-0.351899896426254,-2.48578460393601));
#1227=CARTESIAN_POINT('',(1.62903242301334,-0.577688356981994,-2.44337929199397));
#1228=CARTESIAN_POINT('',(1.60552871058986,-1.01745118273941,-2.2953473142598));
#1229=CARTESIAN_POINT('',(1.59383787189598,-1.22234275652027,-2.19294572231377));
#1230=CARTESIAN_POINT('',(1.57038540981688,-1.60271498580141,-1.93246925712142));
#1231=CARTESIAN_POINT('',(1.55874006611342,-1.77475161877881,-1.77562448857661));
#1232=CARTESIAN_POINT('',(1.53524667308528,-2.06816117859665,-1.42312858594601));
#1233=CARTESIAN_POINT('',(1.5234723211424,-2.19204058335708,-1.22368439415117));
#1234=CARTESIAN_POINT('',(1.50021388551906,-2.3778815675753,-0.805061902066668));
#1235=CARTESIAN_POINT('',(1.48823270514831,-2.44266351955976,-0.579736332125828));
#1236=CARTESIAN_POINT('',(1.46494468153573,-2.5073941241801,-0.125195809042783));
#1237=CARTESIAN_POINT('',(1.45325452383916,-2.50838377859167,0.106626323752656));
#1238=CARTESIAN_POINT('',(1.42962447264199,-2.4463792429965,0.56443507425984));
#1239=CARTESIAN_POINT('',(1.41822137453249,-2.3848028330708,0.785018297651192));
#1240=CARTESIAN_POINT('',(1.39459652590717,-2.20021483375293,1.20937709818041));
#1241=CARTESIAN_POINT('',(1.3828594969252,-2.07960801966161,1.40642341528268));
#1242=CARTESIAN_POINT('',(1.35958788772813,-1.78840507821819,1.76193178491668));
#1243=CARTESIAN_POINT('',(1.34768448836362,-1.61644993823505,1.92082069287441));
#1244=CARTESIAN_POINT('',(1.32431931739961,-1.24050206296269,2.18257122879871));
#1245=CARTESIAN_POINT('',(1.31260859114352,-1.03107603533907,2.28897550253295));
#1246=CARTESIAN_POINT('',(1.29500652094911,-0.706047569281187,2.40096407519433));
#1247=CARTESIAN_POINT('',(1.2891510945544,-0.595452615733171,2.43077549561615));
#1248=CARTESIAN_POINT('',(1.27743865901213,-0.36970730742408,2.4751868282028));
#1249=CARTESIAN_POINT('',(1.27154452675498,-0.253801470300708,2.48974566361556));
#1250=CARTESIAN_POINT('',(1.25404875250723,0.0909737468317939,2.50892773922736));
#1251=CARTESIAN_POINT('',(1.2423211493658,0.319694126286972,2.49031644161137));
#1252=CARTESIAN_POINT('',(1.2187189240761,0.772721038593253,2.38888729542808));
#1253=CARTESIAN_POINT('',(1.20723813333215,0.987186658230519,2.30836655804853));
#1254=CARTESIAN_POINT('',(1.18364254831865,1.39248757055626,2.08903614864642));
#1255=CARTESIAN_POINT('',(1.17199200097411,1.58006367540165,1.95088948407812));
#1256=CARTESIAN_POINT('',(1.14867621124549,1.90856523041724,1.63093524048405));
#1257=CARTESIAN_POINT('',(1.13668268844395,2.05257631736077,1.44546861810903));
#1258=CARTESIAN_POINT('',(1.11345828786359,2.28103947394255,1.04847889003272));
#1259=CARTESIAN_POINT('',(1.10160906428293,2.36892991860485,0.831198932588199));
#1260=CARTESIAN_POINT('',(1.07814417085082,2.48070289627105,0.385789794096978));
#1261=CARTESIAN_POINT('',(1.06661827388475,2.5058364723323,0.155520508496263));
#1262=CARTESIAN_POINT('',(1.04299224331236,2.4918850104251,-0.306450892399395));
#1263=CARTESIAN_POINT('',(1.03137977789381,2.45361376595092,-0.532233270306417));
#1264=CARTESIAN_POINT('',(1.00795315385756,2.31432763421692,-0.973334663918254));
#1265=CARTESIAN_POINT('',(0.9961774928673,2.21483044538273,-1.18207212055953));
#1266=CARTESIAN_POINT('',(0.972772631491476,1.96233233258954,-1.5658927857526));
#1267=CARTESIAN_POINT('',(0.961085054466898,1.80780791806698,-1.74192013984669));
#1268=CARTESIAN_POINT('',(0.937621239694943,1.4612084895928,-2.04140270210733));
#1269=CARTESIAN_POINT('',(0.925802319673397,1.26403840155582,-2.16904355165474));
#1270=CARTESIAN_POINT('',(0.90836783171141,0.952402052122054,-2.31431762805139));
#1271=CARTESIAN_POINT('',(0.902519524639818,0.845523199369284,-2.35548628366406));
#1272=CARTESIAN_POINT('',(0.890740860374582,0.625704389591918,-2.42316304239863));
#1273=CARTESIAN_POINT('',(0.884788003392017,0.511961136543376,-2.44972505539989));
#1274=CARTESIAN_POINT('',(0.867247374796742,0.170955171244336,-2.50475598391617));
#1275=CARTESIAN_POINT('',(0.855733983391168,-0.0582098479752206,-2.51008890711142));
#1276=CARTESIAN_POINT('',(0.831955903520422,-0.519575191642536,-2.45641534114952));
#1277=CARTESIAN_POINT('',(0.820522162080767,-0.741279573002026,-2.39865867666407));
#1278=CARTESIAN_POINT('',(0.80292566201989,-1.06064036407949,-2.2667833445671));
#1279=CARTESIAN_POINT('',(0.796937985647381,-1.16523258426921,-2.21482538897993));
#1280=CARTESIAN_POINT('',(0.785181968884724,-1.36359791174412,-2.09852786834006));
#1281=CARTESIAN_POINT('',(0.779371103407728,-1.45817071409864,-2.03393147342743));
#1282=CARTESIAN_POINT('',(0.761948401386227,-1.72817595627012,-1.82097889729243));
#1283=CARTESIAN_POINT('',(0.750047040057065,-1.89076105725013,-1.65150658818627));
#1284=CARTESIAN_POINT('',(0.726653575890294,-2.15935753113185,-1.28047898818391));
#1285=CARTESIAN_POINT('',(0.714985813310862,-2.26938458860275,-1.07360993036711));
#1286=CARTESIAN_POINT('',(0.691487349584154,-2.42700508115644,-0.642176789997401));
#1287=CARTESIAN_POINT('',(0.679783044925025,-2.4759653696637,-0.41598893154585));
#1288=CARTESIAN_POINT('',(0.6563681591059,-2.51026188937604,0.0451281474111721));
#1289=CARTESIAN_POINT('',(0.644685102136167,-2.49570690404335,0.273663653718544));
#1290=CARTESIAN_POINT('',(0.621145433160724,-2.40320283296341,0.726677982254078));
#1291=CARTESIAN_POINT('',(0.609578557938231,-2.32593808992353,0.944856434534416));
#1292=CARTESIAN_POINT('',(0.586054331241919,-2.11487034518173,1.35279898843439));
#1293=CARTESIAN_POINT('',(0.574295765270884,-1.9794894010805,1.54404479352221));
#1294=CARTESIAN_POINT('',(0.551051220495009,-1.66599464859252,1.87800810548149));
#1295=CARTESIAN_POINT('',(0.539042620192741,-1.48323252067911,2.02548234978884));
#1296=CARTESIAN_POINT('',(0.515770519758767,-1.09011259570515,2.26146235617381));
#1297=CARTESIAN_POINT('',(0.504030344644095,-0.875713667301538,2.35291034731351));
#1298=CARTESIAN_POINT('',(0.480464890372902,-0.431023687942695,2.47331358909985));
#1299=CARTESIAN_POINT('',(0.469055554954039,-0.203784540687739,2.50247904225729));
#1300=CARTESIAN_POINT('',(0.445360551031061,0.260639932395718,2.49719769373613));
#1301=CARTESIAN_POINT('',(0.433696183254555,0.487298217316064,2.46283688556526));
#1302=CARTESIAN_POINT('',(0.416198324042981,0.818559477933438,2.36499823476898));
#1303=CARTESIAN_POINT('',(0.410300948946557,0.928018878742674,2.32422181126888));
#1304=CARTESIAN_POINT('',(0.398541550538896,1.13748495454301,2.22920480114975));
#1305=CARTESIAN_POINT('',(0.392675734918428,1.23827809702752,2.17481086645746));
#1306=CARTESIAN_POINT('',(0.375135936044625,1.52896051128245,1.99118546516817));
#1307=CARTESIAN_POINT('',(0.363435489841901,1.70835425835493,1.83956020129974));
#1308=CARTESIAN_POINT('',(0.339983548386876,2.01416692680959,1.49852847727088));
#1309=CARTESIAN_POINT('',(0.328158013077579,2.14510573733773,1.3043366639338));
#1310=CARTESIAN_POINT('',(0.304881582548933,2.34688610358263,0.89157073418318));
#1311=CARTESIAN_POINT('',(0.293074279921875,2.41909439549688,0.67192195762355));
#1312=CARTESIAN_POINT('',(0.269552599328768,2.50130736083948,0.216698634216457));
#1313=CARTESIAN_POINT('',(0.258090025910179,2.51062753868916,-0.0121225082934711));
#1314=CARTESIAN_POINT('',(0.23441795330226,2.46586925887219,-0.472108452986023));
#1315=CARTESIAN_POINT('',(0.222816074685397,2.41172688670863,-0.697347126736917));
#1316=CARTESIAN_POINT('',(0.19948392572236,2.2443592843986,-1.12497599697741));
#1317=CARTESIAN_POINT('',(0.187510388107538,2.12961637821689,-1.32935424899717));
#1318=CARTESIAN_POINT('',(0.164284711515494,1.85264269545284,-1.69415574274672));
#1319=CARTESIAN_POINT('',(0.152427764396745,1.68626684274947,-1.85985896209811));
#1320=CARTESIAN_POINT('',(0.128980212848767,1.3198323993399,-2.13555933223725));
#1321=CARTESIAN_POINT('',(0.117380222133486,1.11626089546529,-2.2487907706429));
#1322=CARTESIAN_POINT('',(0.0938374593802849,0.686393646206641,-2.41494556446327));
#1323=CARTESIAN_POINT('',(0.0822128854390782,0.463455072153423,-2.46760708735195));
#1324=CARTESIAN_POINT('',(0.0587065555262994,0.00124309327221546,-2.51075163968351));
#1325=CARTESIAN_POINT('',(0.0470281047021352,-0.2280211726867,-2.50019910366661));
#1326=CARTESIAN_POINT('',(0.0235557201743431,-0.680740825266932,-2.41652253082475));
#1327=CARTESIAN_POINT('',(0.0118957629103103,-0.902691249225769,-2.34288469255814));
#1328=CARTESIAN_POINT('',(-2.84800726680476E-16,-1.11079561358387,-2.23967254411059));
#1329=CARTESIAN_POINT('',(0.,0.,0.));
#1330=CARTESIAN_POINT('',(-2.16840434497101E-16,0.,0.));
#1331=CARTESIAN_POINT('',(-2.16840434497101E-16,-1.60151314131119,1.35836506809015));
#1332=CARTESIAN_POINT('',(-5.0525515303719E-16,1.60151314128237,1.35836506812413));
#1333=CARTESIAN_POINT('',(-2.79694957763626E-16,1.11079561358387,-2.2396725441106));
#1334=CARTESIAN_POINT('',(-2.79694957763626E-16,1.2601283230297,-2.14834626163479));
#1335=CARTESIAN_POINT('',(-1.76780454672229E-16,1.39803955345879,-2.0426591118246));
#1336=CARTESIAN_POINT('',(-1.76780454672228E-16,1.65094867316658,-1.80247458088771));
#1337=CARTESIAN_POINT('',(-3.63551219541802E-16,1.76580973627114,-1.66695678111748));
#1338=CARTESIAN_POINT('',(-3.63551219541802E-16,2.05727587747833,-1.23484545285095));
#1339=CARTESIAN_POINT('',(-1.17699906601241E-16,2.18931013711676,-0.900800822869566));
#1340=CARTESIAN_POINT('',(-1.17699906601241E-16,2.26627751682949,-0.384749188335315));
#1341=CARTESIAN_POINT('',(-3.59421933923937E-16,2.27251765779306,-0.206798656958544));
#1342=CARTESIAN_POINT('',(-3.59421933923937E-16,2.24388049437469,0.140000922837014));
#1343=CARTESIAN_POINT('',(-2.18073310850876E-16,2.20960071242398,0.310510937156025));
#1344=CARTESIAN_POINT('',(-2.18073310850876E-16,2.09941334343101,0.645504523841867));
#1345=CARTESIAN_POINT('',(-1.93297597143687E-16,2.02563074475395,0.803162133961772));
#1346=CARTESIAN_POINT('',(-1.93297597143687E-16,1.84081709897835,1.0982538157021));
#1347=CARTESIAN_POINT('',(-1.57722213359007E-16,1.72890528924312,1.23649739925532));
#1348=CARTESIAN_POINT('',(-1.57722213359007E-16,1.60151314128237,1.35836506812413));
#1349=CARTESIAN_POINT('',(-3.03200122049933E-16,-1.60151314131487,1.35836506809305));
#1350=CARTESIAN_POINT('',(-3.03200122049933E-16,-1.72867294055421,1.23671967192179));
#1351=CARTESIAN_POINT('',(-1.11347159496834E-16,-1.83852880316218,1.10146681738575));
#1352=CARTESIAN_POINT('',(-1.11347159496834E-16,-2.02490828965389,0.804749324237743));
#1353=CARTESIAN_POINT('',(-3.47669351780784E-16,-2.09945509265833,0.644920019511702));
#1354=CARTESIAN_POINT('',(-3.47669351780784E-16,-2.20842833409565,0.314528071311311));
#1355=CARTESIAN_POINT('',(-3.34805038894359E-16,-2.24384128668083,0.140295198521342));
#1356=CARTESIAN_POINT('',(-3.34805038894359E-16,-2.27252561690091,-0.206714705080272));
#1357=CARTESIAN_POINT('',(-3.08282319733459E-16,-2.26668660417205,-0.381125462194651));
#1358=CARTESIAN_POINT('',(-3.08282319733459E-16,-2.21505704442323,-0.729045110158206));
#1359=CARTESIAN_POINT('',(-2.14261662588231E-16,-2.17006224354697,-0.897001199670916));
#1360=CARTESIAN_POINT('',(-2.14261662588231E-16,-2.04310305597255,-1.22134115066359));
#1361=CARTESIAN_POINT('',(-2.3903737629542E-16,-1.96040383638919,-1.37839860152842));
#1362=CARTESIAN_POINT('',(-2.3903737629542E-16,-1.66891444583755,-1.81073581992273));
#1363=CARTESIAN_POINT('',(-2.42213749847623E-16,-1.4095367221766,-2.05697369017753));
#1364=CARTESIAN_POINT('',(-2.42213749847623E-16,-1.11079561358387,-2.2396725441106));
#1365=CARTESIAN_POINT('',(-2.29621274840129E-16,0.,0.));
#1366=CARTESIAN_POINT('',(4.9,0.171931651362659,2.09294995335763));
#1367=CARTESIAN_POINT('',(4.88732314985402,0.381331054022107,2.07574821136861));
#1368=CARTESIAN_POINT('',(4.87440350867595,0.589787539797065,2.0263510195497));
#1369=CARTESIAN_POINT('',(4.84895032920025,0.978726770901107,1.86977049512807));
#1370=CARTESIAN_POINT('',(4.83617675008763,1.16386326301156,1.76048198636496));
#1371=CARTESIAN_POINT('',(4.81065740294116,1.48866868562306,1.49590777247421));
#1372=CARTESIAN_POINT('',(4.7978526382597,1.63318336705571,1.33665134857654));
#1373=CARTESIAN_POINT('',(4.77244049128975,1.86513771607088,0.987515082501934));
#1374=CARTESIAN_POINT('',(4.75949659270706,1.9557527164263,0.793175799359649));
#1375=CARTESIAN_POINT('',(4.73414585141527,2.07408642034088,0.390207710657101));
#1376=CARTESIAN_POINT('',(4.72124107633613,2.10293436541988,0.179046397486546));
#1377=CARTESIAN_POINT('',(4.69573256371391,2.09658948913124,-0.242287168007728));
#1378=CARTESIAN_POINT('',(4.68315140230064,2.06199091223764,-0.450562371211968));
#1379=CARTESIAN_POINT('',(4.65736016092767,1.93058171390688,-0.853034125009731));
#1380=CARTESIAN_POINT('',(4.64492892848263,1.83653969975368,-1.04022188093064));
#1381=CARTESIAN_POINT('',(4.61917896074874,1.59159017017832,-1.3862829294664));
#1382=CARTESIAN_POINT('',(4.60651719114441,1.44550208125864,-1.53785815306536));
#1383=CARTESIAN_POINT('',(4.58104112892657,1.1108087057513,-1.79459967265677));
#1384=CARTESIAN_POINT('',(4.56814784019137,0.924509530445863,-1.897218899586));
#1385=CARTESIAN_POINT('',(4.54275355619892,0.530252223741592,-2.04278976011939));
#1386=CARTESIAN_POINT('',(4.52992765333793,0.320473675406259,-2.08596517044554));
#1387=CARTESIAN_POINT('',(4.50439359412404,-0.0982434693997857,-2.10815139154202));
#1388=CARTESIAN_POINT('',(4.49164803843461,-0.312186485015825,-2.0872027920374));
#1389=CARTESIAN_POINT('',(4.46617541559454,-0.718312414212816,-1.98441507051903));
#1390=CARTESIAN_POINT('',(4.45328677791181,-0.916543715320571,-1.90101747785482));
#1391=CARTESIAN_POINT('',(4.42793617950444,-1.2741523102919,-1.68239582838907));
#1392=CARTESIAN_POINT('',(4.41493466811229,-1.43835120722768,-1.54441904289097));
#1393=CARTESIAN_POINT('',(4.38959121654524,-1.71565144036811,-1.22907465621108));
#1394=CARTESIAN_POINT('',(4.37677340058496,-1.83096475668225,-1.04973244552412));
#1395=CARTESIAN_POINT('',(4.35115707375663,-2.00297901112294,-0.665165564652515));
#1396=CARTESIAN_POINT('',(4.33863178003979,-2.05953761749661,-0.461618784028897));
#1397=CARTESIAN_POINT('',(4.31286165098542,-2.1102304679825,-0.041406178890297));
#1398=CARTESIAN_POINT('',(4.30036434429192,-2.10398454849697,0.167981935750597));
#1399=CARTESIAN_POINT('',(4.27468234074835,-2.02792557795334,0.585223684871982));
#1400=CARTESIAN_POINT('',(4.26195809097473,-1.95949102565595,0.784155752642153));
#1401=CARTESIAN_POINT('',(4.23649668865738,-1.76436003386497,1.15824824408586));
#1402=CARTESIAN_POINT('',(4.2236584508976,-1.63882307679726,1.32982302127179));
#1403=CARTESIAN_POINT('',(4.1981573195256,-1.34278281465528,1.62822131714768));
#1404=CARTESIAN_POINT('',(4.18543173069825,-1.17086376819553,1.75585866041619));
#1405=CARTESIAN_POINT('',(4.1598894914859,-0.800590842894304,1.95269452329476));
#1406=CARTESIAN_POINT('',(4.14709914024461,-0.597817161454468,2.02397935044315));
#1407=CARTESIAN_POINT('',(4.12168438196295,-0.186241435764951,2.10218740771463));
#1408=CARTESIAN_POINT('',(4.10870964212154,0.0286744707899835,2.11023528243846));
#1409=CARTESIAN_POINT('',(4.08341241654536,0.445118109422018,2.06295541425107));
#1410=CARTESIAN_POINT('',(4.07041978266718,0.65225368102418,2.00714644866871));
#1411=CARTESIAN_POINT('',(4.04501678250378,1.03667581855615,1.83830763966044));
#1412=CARTESIAN_POINT('',(4.03228388237128,1.21697748743794,1.72433079994184));
#1413=CARTESIAN_POINT('',(4.0066231344079,1.53514552021156,1.4483366819677));
#1414=CARTESIAN_POINT('',(3.99408511974128,1.67239699351758,1.28757543501865));
#1415=CARTESIAN_POINT('',(3.96838265509524,1.89562233099234,0.928104618582012));
#1416=CARTESIAN_POINT('',(3.95579773087289,1.97833778034497,0.735647979385291));
#1417=CARTESIAN_POINT('',(3.9301620110767,2.08549223852379,0.325146806490463));
#1418=CARTESIAN_POINT('',(3.91741331499055,2.10738163418196,0.11605669481154));
#1419=CARTESIAN_POINT('',(3.89192408596683,2.08834192549537,-0.305539703993297));
#1420=CARTESIAN_POINT('',(3.8791921465627,2.04695290236424,-0.5139724044696));
#1421=CARTESIAN_POINT('',(3.85360093384602,1.90447143686001,-0.909490166652723));
#1422=CARTESIAN_POINT('',(3.84090866739881,1.80250375273685,-1.09770222338075));
#1423=CARTESIAN_POINT('',(3.81539498103519,1.54986245622087,-1.43244417575083));
#1424=CARTESIAN_POINT('',(3.80252803463226,1.39613456459637,-1.58262075630849));
#1425=CARTESIAN_POINT('',(3.77718669009933,1.05600113739959,-1.82722242175656));
#1426=CARTESIAN_POINT('',(3.76415661497952,0.864550518328037,-1.92521755869316));
#1427=CARTESIAN_POINT('',(3.73886313986705,0.467077298883447,-2.05809354595691));
#1428=CARTESIAN_POINT('',(3.72594356578651,0.255687888650643,-2.09491824631611));
#1429=CARTESIAN_POINT('',(3.70042789744378,-0.164015651016081,-2.10408118222006));
#1430=CARTESIAN_POINT('',(3.68777130135733,-0.375662091016726,-2.07682711863763));
#1431=CARTESIAN_POINT('',(3.6621324741813,-0.780500142550891,-1.96090601886316));
#1432=CARTESIAN_POINT('',(3.6495223267548,-0.972879183976176,-1.8730306468559));
#1433=CARTESIAN_POINT('',(3.62388950464753,-1.32685421073254,-1.64140050387982));
#1434=CARTESIAN_POINT('',(3.61122565392664,-1.48307200256219,-1.5018406524403));
#1435=CARTESIAN_POINT('',(3.58561860960209,-1.75353661040806,-1.17479243531133));
#1436=CARTESIAN_POINT('',(3.57292515373822,-1.86154347936417,-0.994586835395916));
#1437=CARTESIAN_POINT('',(3.54733513359748,-2.02223511010911,-0.604245197041806));
#1438=CARTESIAN_POINT('',(3.53469757509488,-2.07264728128431,-0.397909173057682));
#1439=CARTESIAN_POINT('',(3.51548424064081,-2.10095739453365,-0.0838310324941803));
#1440=CARTESIAN_POINT('',(3.50900450638964,-2.10251055033103,0.0230447030644632));
#1441=CARTESIAN_POINT('',(3.49629689785923,-2.08966585034128,0.233191566121174));
#1442=CARTESIAN_POINT('',(3.48999698222624,-2.07543532219031,0.336991104593063));
#1443=CARTESIAN_POINT('',(3.47091164336215,-2.00959702385253,0.6445920620076));
#1444=CARTESIAN_POINT('',(3.45796127749498,-1.93361590033257,0.845583898902186));
#1445=CARTESIAN_POINT('',(3.43266372978302,-1.7284761481224,1.2108892540086));
#1446=CARTESIAN_POINT('',(3.41962660208085,-1.59625850776555,1.38053025723327));
#1447=CARTESIAN_POINT('',(3.39428558163984,-1.29200855707079,1.66871774222195));
#1448=CARTESIAN_POINT('',(3.38146398272588,-1.11586336615383,1.79133912773716));
#1449=CARTESIAN_POINT('',(3.36228943207592,-0.83342740122505,1.93039128093473));
#1450=CARTESIAN_POINT('',(3.35596620234975,-0.736264856023676,1.96950916602727));
#1451=CARTESIAN_POINT('',(3.3432780164027,-0.535882065572345,2.03319519601019));
#1452=CARTESIAN_POINT('',(3.33683608867168,-0.431860719418207,2.05780835142461));
#1453=CARTESIAN_POINT('',(3.31764388043669,-0.119964729778644,2.10711272415269));
#1454=CARTESIAN_POINT('',(3.30494070937979,0.0916427728086382,2.10862876878697));
#1455=CARTESIAN_POINT('',(3.27938441531755,0.510190610107588,2.04802813059835));
#1456=CARTESIAN_POINT('',(3.26668630102429,0.710718834315073,1.98744455606003));
#1457=CARTESIAN_POINT('',(3.241050790174,1.09405857032668,1.80501882803409));
#1458=CARTESIAN_POINT('',(3.22845527973525,1.26790787229591,1.68729890836797));
#1459=CARTESIAN_POINT('',(3.20275806317321,1.57838844527097,1.40116305069923));
#1460=CARTESIAN_POINT('',(3.1901776717083,1.71110218752028,1.23545275640392));
#1461=CARTESIAN_POINT('',(3.17098850993209,1.86934042842647,0.962610988411745));
#1462=CARTESIAN_POINT('',(3.16447587778181,1.9158509833157,0.866367155179482));
#1463=CARTESIAN_POINT('',(3.15173683835599,1.99287398494025,0.670470221556424));
#1464=CARTESIAN_POINT('',(3.14545050408507,2.02377858979466,0.570365990508885));
#1465=CARTESIAN_POINT('',(3.12640970376276,2.09391046050987,0.263680787940994));
#1466=CARTESIAN_POINT('',(3.11339566869262,2.10984392612896,0.0494327449842067));
#1467=CARTESIAN_POINT('',(3.08811526110136,2.07803176896947,-0.36833267035873));
#1468=CARTESIAN_POINT('',(3.07515604588104,2.0297513170697,-0.577935017217057));
#1469=CARTESIAN_POINT('',(3.04970188301349,1.87555234233468,-0.967575684086139));
#1470=CARTESIAN_POINT('',(3.03695589866949,1.7675841097099,-1.15311861247528));
#1471=CARTESIAN_POINT('',(3.01778377731231,1.57023689682126,-1.39834370513659));
#1472=CARTESIAN_POINT('',(3.01141638586083,1.49866028411498,-1.47481301801873));
#1473=CARTESIAN_POINT('',(2.99871290698167,1.34384491548926,-1.61713850007189));
#1474=CARTESIAN_POINT('',(2.99229224633339,1.25991900308877,-1.68335345436905));
#1475=CARTESIAN_POINT('',(2.97315949409446,0.998012648264377,-1.85964236901236));
#1476=CARTESIAN_POINT('',(2.96037061640094,0.806707860421806,-1.95036201687925));
#1477=CARTESIAN_POINT('',(2.93485313809478,0.401790149240175,-2.07201695092612));
#1478=CARTESIAN_POINT('',(2.92218009777242,0.194421735194214,-2.10173407305576));
#1479=CARTESIAN_POINT('',(2.89645475858213,-0.230231758337929,-2.09811326253186));
#1480=CARTESIAN_POINT('',(2.88396758864802,-0.437382473285991,-2.06477281900379));
#1481=CARTESIAN_POINT('',(2.85824040309505,-0.839713006757681,-1.93635541373907));
#1482=CARTESIAN_POINT('',(2.8456353025639,-1.02986312433927,-1.84217602215498));
#1483=CARTESIAN_POINT('',(2.82648330882402,-1.28851042884753,-1.66156507926121));
#1484=CARTESIAN_POINT('',(2.81997213519717,-1.37129474309577,-1.59393320636533));
#1485=CARTESIAN_POINT('',(2.80717767736419,-1.52376117963069,-1.44886997561776));
#1486=CARTESIAN_POINT('',(2.80088889010271,-1.59402289020594,-1.37116396283491));
#1487=CARTESIAN_POINT('',(2.78189089455182,-1.78705123520945,-1.12269596625577));
#1488=CARTESIAN_POINT('',(2.76887119688082,-1.89189429881823,-0.935212764523024));
#1489=CARTESIAN_POINT('',(2.74354509145827,-2.03936186075141,-0.543037893466259));
#1490=CARTESIAN_POINT('',(2.73067590190887,-2.08404695562651,-0.332630094159701));
#1491=CARTESIAN_POINT('',(2.70515411123387,-2.10868584144295,0.085665132316744));
#1492=CARTESIAN_POINT('',(2.69242131556021,-2.08909959934623,0.299481506065698));
#1493=CARTESIAN_POINT('',(2.67329017162949,-2.01368369035445,0.605049231316316));
#1494=CARTESIAN_POINT('',(2.66690625431455,-1.98106550333994,0.704584416090763));
#1495=CARTESIAN_POINT('',(2.65415068696763,-1.90076104455714,0.898981189689502));
#1496=CARTESIAN_POINT('',(2.64773842988952,-1.85261331137612,0.994431779070246));
#1497=CARTESIAN_POINT('',(2.62865332012293,-1.68959718674503,1.26473077190148));
#1498=CARTESIAN_POINT('',(2.61580930378671,-1.55437222668563,1.4277928299182));
#1499=CARTESIAN_POINT('',(2.59029454474041,-1.23870017788903,1.70888479821056));
#1500=CARTESIAN_POINT('',(2.57771836855518,-1.06324148387967,1.82335742648188));
#1501=CARTESIAN_POINT('',(2.55187639724661,-0.676599492034485,1.99933185967912));
#1502=CARTESIAN_POINT('',(2.53945174771005,-0.474865964128515,2.05648139571669));
#1503=CARTESIAN_POINT('',(2.51373813834664,-0.0558138647841801,2.10985739501855));
#1504=CARTESIAN_POINT('',(2.5010689316311,0.156206324269656,2.10472019917496));
#1505=CARTESIAN_POINT('',(2.48197005795828,0.466973002851408,2.05012148365583));
#1506=CARTESIAN_POINT('',(2.47547840525357,0.57056930423808,2.02373877134048));
#1507=CARTESIAN_POINT('',(2.46266209089409,0.769972541579913,1.95658126096985));
#1508=CARTESIAN_POINT('',(2.45633498072693,0.866458855779283,1.91578992334573));
#1509=CARTESIAN_POINT('',(2.43734600452075,1.14634404213235,1.77197721590126));
#1510=CARTESIAN_POINT('',(2.42438775124235,1.32048803987004,1.64626843791088));
#1511=CARTESIAN_POINT('',(2.39895087410561,1.61969026143668,1.35295672144697));
#1512=CARTESIAN_POINT('',(2.38617468852496,1.74900019236153,1.1810542952786));
#1513=CARTESIAN_POINT('',(2.36065579020401,1.94785714184503,0.812245945659326));
#1514=CARTESIAN_POINT('',(2.34786778803448,2.02034435762537,0.61010297015145));
#1515=CARTESIAN_POINT('',(2.32878372793666,2.0809208747864,0.301284835782168));
#1516=CARTESIAN_POINT('',(2.32241011193959,2.09335730556567,0.197278140552067));
#1517=CARTESIAN_POINT('',(2.3096047186708,2.10259302938728,-0.0128851184274906));
#1518=CARTESIAN_POINT('',(2.30317238072697,2.09922107516995,-0.119739205227112));
#1519=CARTESIAN_POINT('',(2.28412650046266,2.0655073792386,-0.433527006235238));
#1520=CARTESIAN_POINT('',(2.27129834994963,2.01169477566042,-0.638533352891292));
#1521=CARTESIAN_POINT('',(2.24571711495452,1.84417610034001,-1.02647709380616));
#1522=CARTESIAN_POINT('',(2.233230434676,1.73342290255017,-1.2043213549481));
#1523=CARTESIAN_POINT('',(2.20733938421142,1.45706109436649,-1.52712732028244));
#1524=CARTESIAN_POINT('',(2.19490869904328,1.29839963341566,-1.66396993635522));
#1525=CARTESIAN_POINT('',(2.16925230331152,0.94091736124832,-1.8892623101225));
#1526=CARTESIAN_POINT('',(2.1565026531369,0.746638648557579,-1.97403022003089));
#1527=CARTESIAN_POINT('',(2.13743858858994,0.441800481022178,-2.05569416019196));
#1528=CARTESIAN_POINT('',(2.13096917972306,0.336744613291318,-2.07549195933375));
#1529=CARTESIAN_POINT('',(2.11815705478622,0.127665341488527,-2.09875328907959));
#1530=CARTESIAN_POINT('',(2.11178686889603,0.0229839647410681,-2.10249281871989));
#1531=CARTESIAN_POINT('',(2.09277288295928,-0.291481342196464,-2.09022866901376));
#1532=CARTESIAN_POINT('',(2.0799173411257,-0.502379314689785,-2.04975747886102));
#1533=CARTESIAN_POINT('',(2.05440503907861,-0.897425213144347,-1.91010960020301));
#1534=CARTESIAN_POINT('',(2.04164691108444,-1.08720201184154,-1.80883385237862));
#1535=CARTESIAN_POINT('',(2.01616446014379,-1.42311610354823,-1.5584058123239));
#1536=CARTESIAN_POINT('',(2.003293069479,-1.57416045453944,-1.40571226966767));
#1537=CARTESIAN_POINT('',(1.98426564830824,-1.75938592188023,-1.15133105939263));
#1538=CARTESIAN_POINT('',(1.97791455585339,-1.81455745974238,-1.06228469598734));
#1539=CARTESIAN_POINT('',(1.96509739776206,-1.91163927756037,-0.875615681977015));
#1540=CARTESIAN_POINT('',(1.95862021746347,-1.9536718424898,-0.777321565847487));
#1541=CARTESIAN_POINT('',(1.9395744979361,-2.05551030641606,-0.478672455541022));
#1542=CARTESIAN_POINT('',(1.92682187620906,-2.09325594961048,-0.26999150471752));
#1543=CARTESIAN_POINT('',(1.90113242551039,-2.10509453990116,0.152292026310119));
#1544=CARTESIAN_POINT('',(1.88870983306114,-2.07971696466293,0.360409097292548));
#1545=CARTESIAN_POINT('',(1.86285091348018,-1.96542382887273,0.76956256627858));
#1546=CARTESIAN_POINT('',(1.85035097903866,-1.87935302116865,0.960569781972705));
#1547=CARTESIAN_POINT('',(1.82475053661709,-1.65027250059183,1.31577458479984));
#1548=CARTESIAN_POINT('',(1.811933097118,-1.50998908798219,1.47452185259509));
#1549=CARTESIAN_POINT('',(1.79288830557182,-1.26804179768437,1.67724191285182));
#1550=CARTESIAN_POINT('',(1.78644583785859,-1.18115229770713,1.73952268383991));
#1551=CARTESIAN_POINT('',(1.77366302061154,-1.00145098962465,1.84882552809947));
#1552=CARTESIAN_POINT('',(1.76727956906035,-0.908130871848027,1.89639258131313));
#1553=CARTESIAN_POINT('',(1.74818539031395,-0.617835675478802,2.01799531455288));
#1554=CARTESIAN_POINT('',(1.73541857465589,-0.409590073789773,2.07029708950621));
#1555=CARTESIAN_POINT('',(1.70989090312948,0.00750354074893316,2.11041175229888));
#1556=CARTESIAN_POINT('',(1.69709256695279,0.222288605599397,2.09868384565189));
#1557=CARTESIAN_POINT('',(1.67168191275614,0.632499817695868,2.01341254808701));
#1558=CARTESIAN_POINT('',(1.65872495619403,0.833900753103458,1.93871317636831));
#1559=CARTESIAN_POINT('',(1.63973000060526,1.1091492116543,1.78627764858918));
#1560=CARTESIAN_POINT('',(1.63340154550209,1.19675187520401,1.72883105057227));
#1561=CARTESIAN_POINT('',(1.62059347757019,1.36357392025995,1.6005430379137));
#1562=CARTESIAN_POINT('',(1.61408066509659,1.44315556924483,1.52916980405605));
#1563=CARTESIAN_POINT('',(1.59499423420607,1.66147325642509,1.30143757625981));
#1564=CARTESIAN_POINT('',(1.58233548144399,1.7838222380854,1.12808270073969));
#1565=CARTESIAN_POINT('',(1.55660909530771,1.97271001378309,0.750338295914643));
#1566=CARTESIAN_POINT('',(1.54416442776891,2.03757106892208,0.550810159369816));
#1567=CARTESIAN_POINT('',(1.5183625016259,2.1065901347933,0.131778968598265));
#1568=CARTESIAN_POINT('',(1.50577570470991,2.10918233653459,-0.0776977007583661));
#1569=CARTESIAN_POINT('',(1.48023491682436,2.05138022492811,-0.496514082606467));
#1570=CARTESIAN_POINT('',(1.46739906661578,1.99122286392985,-0.699521273049037));
#1571=CARTESIAN_POINT('',(1.44832930491192,1.85740024585336,-0.985463826340248));
#1572=CARTESIAN_POINT('',(1.44190587138034,1.80490911725818,-1.07859131161405));
#1573=CARTESIAN_POINT('',(1.42915567058466,1.68814048616757,-1.25349026243245));
#1574=CARTESIAN_POINT('',(1.42278361051671,1.62361451651685,-1.33599578037561));
#1575=CARTESIAN_POINT('',(1.40362019029355,1.41173191015935,-1.56877286677853));
#1576=CARTESIAN_POINT('',(1.39089407724106,1.24503933267125,-1.70404681467319));
#1577=CARTESIAN_POINT('',(1.36540724042812,0.883818221794847,-1.91644562597527));
#1578=CARTESIAN_POINT('',(1.35252850392794,0.684154576238355,-1.99645106222562));
#1579=CARTESIAN_POINT('',(1.32717963466787,0.276284508548055,-2.09225983051486));
#1580=CARTESIAN_POINT('',(1.31416036498942,0.0621435282524047,-2.10953277483133));
#1581=CARTESIAN_POINT('',(1.29517562183976,-0.251692027693061,-2.08749819394977));
#1582=CARTESIAN_POINT('',(1.28887195870944,-0.355361388670836,-2.07238863723977));
#1583=CARTESIAN_POINT('',(1.27609404050289,-0.560781562284426,-2.0264748751762));
#1584=CARTESIAN_POINT('',(1.26958381419906,-0.663043928642193,-1.99535128413101));
#1585=CARTESIAN_POINT('',(1.25041415702652,-0.957017206241375,-1.88104600170442));
#1586=CARTESIAN_POINT('',(1.23782055869831,-1.1411903135953,-1.7754589598018));
#1587=CARTESIAN_POINT('',(1.21210776922123,-1.47176080162995,-1.51277559227065));
#1588=CARTESIAN_POINT('',(1.19959367064891,-1.61485938195012,-1.35914970872234));
#1589=CARTESIAN_POINT('',(1.17387603128913,-1.85418367326811,-1.00849474960375));
#1590=CARTESIAN_POINT('',(1.1612144400631,-1.94494530193212,-0.819694870185695));
#1591=CARTESIAN_POINT('',(1.13569289924723,-2.06931809057964,-0.415493137989552));
#1592=CARTESIAN_POINT('',(1.12290160309275,-2.10043016972456,-0.20617445956409));
#1593=CARTESIAN_POINT('',(1.10375879138847,-2.09977820079583,0.109591098539265));
#1594=CARTESIAN_POINT('',(1.09734809014617,-2.09148869862654,0.216165468444352));
#1595=CARTESIAN_POINT('',(1.08463616052073,-2.05944202430749,0.423970558820482));
#1596=CARTESIAN_POINT('',(1.07828741515778,-2.03576429437611,0.525999244466603));
#1597=CARTESIAN_POINT('',(1.05911092191349,-1.94189773219757,0.826485975337986));
#1598=CARTESIAN_POINT('',(1.04634824182047,-1.84788155744063,1.01942983525104));
#1599=CARTESIAN_POINT('',(1.02091642660165,-1.61002552735661,1.36444906119255));
#1600=CARTESIAN_POINT('',(1.00795148349621,-1.46278253171857,1.52123308282179));
#1601=CARTESIAN_POINT('',(0.982659172832549,-1.13345149106644,1.78021643200251));
#1602=CARTESIAN_POINT('',(0.969639838707813,-0.946575386470636,1.88625979688245));
#1603=CARTESIAN_POINT('',(0.950616669984905,-0.652788102920491,1.99871532204745));
#1604=CARTESIAN_POINT('',(0.94432781691204,-0.552421039690935,2.02877105412144));
#1605=CARTESIAN_POINT('',(0.931578645236735,-0.346769993224056,2.07384463423218));
#1606=CARTESIAN_POINT('',(0.925084575521964,-0.240931638476551,2.08878000847361));
#1607=CARTESIAN_POINT('',(0.905873836075212,0.073762650225768,2.10920814153173));
#1608=CARTESIAN_POINT('',(0.893278785854207,0.285395691084715,2.09119526538835));
#1609=CARTESIAN_POINT('',(0.867628660347894,0.69584321608789,1.99257385235701));
#1610=CARTESIAN_POINT('',(0.855019049944457,0.890533212365669,1.91363020410536));
#1611=CARTESIAN_POINT('',(0.829366781511316,1.25536210571047,1.69678989386924));
#1612=CARTESIAN_POINT('',(0.816664740345263,1.41732606111416,1.56394483925733));
#1613=CARTESIAN_POINT('',(0.791122980190366,1.70073391620796,1.24989630370401));
#1614=CARTESIAN_POINT('',(0.778438375319093,1.81720881183678,1.073351535095));
#1615=CARTESIAN_POINT('',(0.752812032266867,1.99412820450307,0.691219276144275));
#1616=CARTESIAN_POINT('',(0.740160120850383,2.0536738195549,0.486293279621026));
#1617=CARTESIAN_POINT('',(0.714614011034967,2.1092959902986,0.0701978364340664));
#1618=CARTESIAN_POINT('',(0.701779288464409,2.10548613733778,-0.144350592957864));
#1619=CARTESIAN_POINT('',(0.676420865572769,2.03544864484474,-0.557546215491191));
#1620=CARTESIAN_POINT('',(0.663395961608929,1.96812679757339,-0.761812311153776));
#1621=CARTESIAN_POINT('',(0.638112896620265,1.77885910779639,-1.13557974768915));
#1622=CARTESIAN_POINT('',(0.625160106428426,1.65417037245691,-1.31060732821232));
#1623=CARTESIAN_POINT('',(0.599683835200539,1.36235485374302,-1.6118189856063));
#1624=CARTESIAN_POINT('',(0.586980483407202,1.1921094602373,-1.74156828573045));
#1625=CARTESIAN_POINT('',(0.561379910542294,0.8232674144233,-1.943300240158));
#1626=CARTESIAN_POINT('',(0.54871944504664,0.623706985564161,-2.01631268809153));
#1627=CARTESIAN_POINT('',(0.523137030464121,0.210077044287353,-2.10009402062477));
#1628=CARTESIAN_POINT('',(0.510437110372065,0.000121047532260886,-2.11068741497721));
#1629=CARTESIAN_POINT('',(0.484835669156739,-0.422003679227643,-2.06807018089668));
#1630=CARTESIAN_POINT('',(0.472168629392945,-0.624903024502204,-2.01600024303043));
#1631=CARTESIAN_POINT('',(0.446535341735959,-1.01447310865668,-1.85083902102349));
#1632=CARTESIAN_POINT('',(0.433947225527742,-1.1944716011391,-1.73999620074697));
#1633=CARTESIAN_POINT('',(0.408285026189327,-1.51619282252332,-1.46816501438716));
#1634=CARTESIAN_POINT('',(0.395613657540685,-1.65660031537235,-1.3075721821852));
#1635=CARTESIAN_POINT('',(0.370130781234716,-1.88265646529912,-0.953768446837994));
#1636=CARTESIAN_POINT('',(0.357212527070824,-1.96972239943666,-0.757699272532967));
#1637=CARTESIAN_POINT('',(0.331900487683657,-2.08061026263462,-0.353518674837694));
#1638=CARTESIAN_POINT('',(0.318860454956311,-2.10577727021146,-0.139932734903604));
#1639=CARTESIAN_POINT('',(0.293538350318021,-2.0919268718207,0.278784943982373));
#1640=CARTESIAN_POINT('',(0.280684627286589,-2.05274189092291,0.490115406235077));
#1641=CARTESIAN_POINT('',(0.255146722669038,-1.91531513028605,0.886301491523102));
#1642=CARTESIAN_POINT('',(0.242446864872813,-1.81569705221581,1.07583231087691));
#1643=CARTESIAN_POINT('',(0.216890496781181,-1.5664813877058,1.41432210211226));
#1644=CARTESIAN_POINT('',(0.204140052862273,-1.41630410870682,1.56479690341734));
#1645=CARTESIAN_POINT('',(0.17863518261025,-1.07674464050359,1.81524864865151));
#1646=CARTESIAN_POINT('',(0.165885220891445,-0.890747548618505,1.91351543384392));
#1647=CARTESIAN_POINT('',(0.140279714468485,-0.490194509471851,2.05296903381723));
#1648=CARTESIAN_POINT('',(0.127699777997626,-0.284274411116533,2.09140455789661));
#1649=CARTESIAN_POINT('',(0.101949613743176,0.138720520833088,2.10607254925042));
#1650=CARTESIAN_POINT('',(0.0894313013999346,0.348563533322779,2.08155509004924));
#1651=CARTESIAN_POINT('',(0.0637945336879122,0.755035140873243,1.97086023495297));
#1652=CARTESIAN_POINT('',(0.0510541514664022,0.950016587872513,1.88455584160761));
#1653=CARTESIAN_POINT('',(0.025630218349802,1.30431758061198,1.65916782944849));
#1654=CARTESIAN_POINT('',(0.0126446618646793,1.46595395188889,1.51818942486723));
#1655=CARTESIAN_POINT('',(-2.53262851229036E-16,1.60151314128237,1.35836506812413));
#1656=CARTESIAN_POINT('',(2.67815681944165E-12,-1.60151314131108,1.35836506809028));
#1657=CARTESIAN_POINT('',(0.0128081922345147,-1.73882548505595,1.196473741423));
#1658=CARTESIAN_POINT('',(0.0254377275593714,-1.84879367047843,1.01817043809155));
#1659=CARTESIAN_POINT('',(0.0511114425198318,-2.01466101953027,0.62916615721913));
#1660=CARTESIAN_POINT('',(0.0636793502971264,-2.06745176947508,0.424212321056837));
#1661=CARTESIAN_POINT('',(0.0829139955625246,-2.09975098695537,0.110109131730695));
#1662=CARTESIAN_POINT('',(0.0894066301166011,-2.1026275334241,0.00325474122674206));
#1663=CARTESIAN_POINT('',(0.102104098450921,-2.09243899001821,-0.206766077259147));
#1664=CARTESIAN_POINT('',(0.108397149661614,-2.07953581852626,-0.310713191136076));
#1665=CARTESIAN_POINT('',(0.12748199512064,-2.01753334577583,-0.619360015985112));
#1666=CARTESIAN_POINT('',(0.140439100350366,-1.94416427557384,-0.821054909499631));
#1667=CARTESIAN_POINT('',(0.165734572394717,-1.74359975352346,-1.1890188368331));
#1668=CARTESIAN_POINT('',(0.17875831825686,-1.61351851079958,-1.36030921577787));
#1669=CARTESIAN_POINT('',(0.204122092374371,-1.31300506642071,-1.65224115757254));
#1670=CARTESIAN_POINT('',(0.216932131151866,-1.13820174399383,-1.7772104724538));
#1671=CARTESIAN_POINT('',(0.236095027143867,-0.857752492479123,-1.9197019898941));
#1672=CARTESIAN_POINT('',(0.242433438148117,-0.761070880749446,-1.96006437563266));
#1673=CARTESIAN_POINT('',(0.255139296309571,-0.561242485227096,-2.02634846828602));
#1674=CARTESIAN_POINT('',(0.261574580194788,-0.457534588207391,-2.05224580354299));
#1675=CARTESIAN_POINT('',(0.280728229763491,-0.146678044087531,-2.10539509395419));
#1676=CARTESIAN_POINT('',(0.293504122653317,0.0656643850483877,-2.10955942775247));
#1677=CARTESIAN_POINT('',(0.319000141027049,0.484181784013089,-2.05429325820658));
#1678=CARTESIAN_POINT('',(0.331733611568383,0.686031488534741,-1.9960946333945));
#1679=CARTESIAN_POINT('',(0.357378341203389,1.07150410813287,-1.81849166480957));
#1680=CARTESIAN_POINT('',(0.369917223667246,1.2464520913042,-1.70325877624689));
#1681=CARTESIAN_POINT('',(0.39567693773158,1.56106269702086,-1.4204986908648));
#1682=CARTESIAN_POINT('',(0.408211450210693,1.69533151672299,-1.25705316272803));
#1683=CARTESIAN_POINT('',(0.433815231909229,1.91114727328813,-0.895459493959479));
#1684=CARTESIAN_POINT('',(0.446603563366059,1.99174450002407,-0.697863538618419));
#1685=CARTESIAN_POINT('',(0.471993497246551,2.09046857550663,-0.289828926659195));
#1686=CARTESIAN_POINT('',(0.485001716468125,2.10905800672417,-0.0760586019083488));
#1687=CARTESIAN_POINT('',(0.510295638181471,2.0825014605831,0.342196220494681));
#1688=CARTESIAN_POINT('',(0.523226419030018,2.03684997726022,0.55237847921903));
#1689=CARTESIAN_POINT('',(0.548701849233542,1.88760184702566,0.943842720623835));
#1690=CARTESIAN_POINT('',(0.561451085388259,1.78184256597501,1.13093280473362));
#1691=CARTESIAN_POINT('',(0.586985368592592,1.52303187874062,1.46094005184433));
#1692=CARTESIAN_POINT('',(0.599762422712269,1.36725161268702,1.60773495337148));
#1693=CARTESIAN_POINT('',(0.625220832630957,1.02144658579367,1.84684474849894));
#1694=CARTESIAN_POINT('',(0.638073738155996,0.830601841029212,1.94026581063061));
#1695=CARTESIAN_POINT('',(0.663542465582942,0.427949281381781,2.06673419838836));
#1696=CARTESIAN_POINT('',(0.676235496485951,0.22024680654742,2.09916492848786));
#1697=CARTESIAN_POINT('',(0.701975275725644,-0.204023773918781,2.10080373963484));
#1698=CARTESIAN_POINT('',(0.714417146219231,-0.411262975758068,2.07017428603083));
#1699=CARTESIAN_POINT('',(0.740189824676822,-0.815923803808096,1.94654235919796));
#1700=CARTESIAN_POINT('',(0.752763663801059,-1.00650868185859,1.85507172484009));
#1701=CARTESIAN_POINT('',(0.778314170427838,-1.35482897001336,1.61826737375825));
#1702=CARTESIAN_POINT('',(0.79118271552783,-1.51121363173676,1.4731956206396));
#1703=CARTESIAN_POINT('',(0.816524613835944,-1.77293847681475,1.14488476924469));
#1704=CARTESIAN_POINT('',(0.829517112671603,-1.87997466839113,0.958963000338496));
#1705=CARTESIAN_POINT('',(0.85487634199461,-2.03240461992712,0.568547492043936));
#1706=CARTESIAN_POINT('',(0.867716625333837,-2.07970831516907,0.358735229590508));
#1707=CARTESIAN_POINT('',(0.893240273559215,-2.1095924757488,-0.0591373604143559));
#1708=CARTESIAN_POINT('',(0.905996908165403,-2.09265665679917,-0.27340931333957));
#1709=CARTESIAN_POINT('',(0.931468939532379,-1.99728505879534,-0.681774838036425));
#1710=CARTESIAN_POINT('',(0.944336806740163,-1.91797529378085,-0.880650467189327));
#1711=CARTESIAN_POINT('',(0.969736920040261,-1.70540158734721,-1.24329397118628));
#1712=CARTESIAN_POINT('',(0.982629059748321,-1.57173726253549,-1.40859884535847));
#1713=CARTESIAN_POINT('',(1.00811278155998,-1.26013380522232,-1.69309524909962));
#1714=CARTESIAN_POINT('',(1.02071413257389,-1.08538937544482,-1.81022144095932));
#1715=CARTESIAN_POINT('',(1.04653234720542,-0.701561433019053,-1.99067408616719));
#1716=CARTESIAN_POINT('',(1.05894434264069,-0.50075839289892,-2.05037222636658));
#1717=CARTESIAN_POINT('',(1.08469319255769,-0.0815962841994988,-2.10905838731862));
#1718=CARTESIAN_POINT('',(1.097338071922,0.129658071726802,-2.10655154900498));
#1719=CARTESIAN_POINT('',(1.1228199213676,0.545466527846735,-2.03883224203906));
#1720=CARTESIAN_POINT('',(1.13573750113641,0.748377190080351,-1.97332602604765));
#1721=CARTESIAN_POINT('',(1.1610812575183,1.12425139847526,-1.78609709051215));
#1722=CARTESIAN_POINT('',(1.1739943264928,1.29970945973701,-1.66273088859912));
#1723=CARTESIAN_POINT('',(1.1994708093644,1.60266688419801,-1.37309050900752));
#1724=CARTESIAN_POINT('',(1.21222981051806,1.73408527078063,-1.20284035393065));
#1725=CARTESIAN_POINT('',(1.23773595128901,1.93751332878775,-0.836611465467772));
#1726=CARTESIAN_POINT('',(1.25055883130394,2.01258486246124,-0.635184777541319));
#1727=CARTESIAN_POINT('',(1.27596676916197,2.09843902091967,-0.224746981537095));
#1728=CARTESIAN_POINT('',(1.28891663359732,2.11045994605613,-0.0109206049058858));
#1729=CARTESIAN_POINT('',(1.3142758510983,2.07077589680161,0.407489421634794));
#1730=CARTESIAN_POINT('',(1.32712789628778,2.01932261673117,0.613858503972716));
#1731=CARTESIAN_POINT('',(1.35269933257933,1.85691293891094,1.00317517445698));
#1732=CARTESIAN_POINT('',(1.36522115694258,1.74783492212485,1.18322263100258));
#1733=CARTESIAN_POINT('',(1.39105376462336,1.4760848102608,1.5086803314265));
#1734=CARTESIAN_POINT('',(1.40349855366453,1.31924170818643,1.64754784064148));
#1735=CARTESIAN_POINT('',(1.42918537286999,0.963880553336588,1.87769722019302));
#1736=CARTESIAN_POINT('',(1.44190792146208,0.771417305210251,1.96451159647326));
#1737=CARTESIAN_POINT('',(1.46735106416293,0.365776314546408,2.07860485883504));
#1738=CARTESIAN_POINT('',(1.48026899921672,0.15426189230599,2.10482755824585));
#1739=CARTESIAN_POINT('',(1.50566624828175,-0.265570504320311,2.0936972294494));
#1740=CARTESIAN_POINT('',(1.51847561532154,-0.476655669605388,2.05589958558339));
#1741=CARTESIAN_POINT('',(1.54400620821033,-0.873564789274668,1.92114764979385));
#1742=CARTESIAN_POINT('',(1.55676811032441,-1.06453919974026,1.82226031088974));
#1743=CARTESIAN_POINT('',(1.58222988794819,-1.40351060267648,1.57608195745091));
#1744=CARTESIAN_POINT('',(1.59513954785237,-1.55658151256989,1.42513331367891));
#1745=CARTESIAN_POINT('',(1.62047665428307,-1.80759804812032,1.08928428955136));
#1746=CARTESIAN_POINT('',(1.6334639601044,-1.90875299027826,0.900448836192383));
#1747=CARTESIAN_POINT('',(1.65883881116284,-2.04931479023261,0.504435303116557));
#1748=CARTESIAN_POINT('',(1.67160783991044,-2.08976753607559,0.295525609719707));
#1749=CARTESIAN_POINT('',(1.69727445029426,-2.10680405669337,-0.125858680813113));
#1750=CARTESIAN_POINT('',(1.70975355234017,-2.08387056673089,-0.335258543663139));
#1751=CARTESIAN_POINT('',(1.73554131483923,-1.97486495783487,-0.744864570443726));
#1752=CARTESIAN_POINT('',(1.74806412479923,-1.89128744148833,-0.936948265452735));
#1753=CARTESIAN_POINT('',(1.77369625187753,-1.66616001493534,-1.29566625451814));
#1754=CARTESIAN_POINT('',(1.78647644826883,-1.52838963657612,-1.45548461471093));
#1755=CARTESIAN_POINT('',(1.8119078474846,-1.20870666080124,-1.7301556441512));
#1756=CARTESIAN_POINT('',(1.82474124809328,-1.02808328805164,-1.84313640670098));
#1757=CARTESIAN_POINT('',(1.85025693306281,-0.642715831006916,-2.01022969370437));
#1758=CARTESIAN_POINT('',(1.86298536654895,-0.435441408131705,-2.06502314582816));
#1759=CARTESIAN_POINT('',(1.88851693718959,-0.0187104743698799,-2.1103506179947));
#1760=CARTESIAN_POINT('',(1.90133217993334,0.196137454828098,-2.1012869574743));
#1761=CARTESIAN_POINT('',(1.9267199030899,0.607335824303546,-2.02114323474502));
#1762=CARTESIAN_POINT('',(1.939708871947,0.809823327227067,-1.9488792902569));
#1763=CARTESIAN_POINT('',(1.96501259441692,1.17909161168067,-1.75033919015077));
#1764=CARTESIAN_POINT('',(1.97797846169636,1.35053091292989,-1.62178838686453));
#1765=CARTESIAN_POINT('',(2.0034295238811,1.64502689294845,-1.32212625721762));
#1766=CARTESIAN_POINT('',(2.01610531705068,1.76991541796559,-1.14971395474679));
#1767=CARTESIAN_POINT('',(2.04178995709502,1.96312948957677,-0.774961529139265));
#1768=CARTESIAN_POINT('',(2.05430832707949,2.03073929333438,-0.575313386154288));
#1769=CARTESIAN_POINT('',(2.08003376156777,2.10473160885868,-0.158089925206128));
#1770=CARTESIAN_POINT('',(2.09264425744061,2.11003198801182,0.0513157567514766));
#1771=CARTESIAN_POINT('',(2.11822404455707,2.05728067816464,0.471661434266704));
#1772=CARTESIAN_POINT('',(2.1310035586738,1.99984906799134,0.674561695684234));
#1773=CARTESIAN_POINT('',(2.15648645815599,1.82588976310869,1.05856334199003));
#1774=CARTESIAN_POINT('',(2.16922386880064,1.7098567887613,1.23713744601149));
#1775=CARTESIAN_POINT('',(2.19481132255912,1.43095332221749,1.55128717136179));
#1776=CARTESIAN_POINT('',(2.20752162363879,1.26620006002297,1.68839399909176));
#1777=CARTESIAN_POINT('',(2.23300312752383,0.907489820828078,1.90536062551546));
#1778=CARTESIAN_POINT('',(2.24590222539259,0.708903813453896,1.98779595637414));
#1779=CARTESIAN_POINT('',(2.2712317603701,0.302288464222426,2.08865963366579));
#1780=CARTESIAN_POINT('',(2.28426954541911,0.0882020689611491,2.1085914614839));
#1781=CARTESIAN_POINT('',(2.30957574444418,-0.330326475827995,2.084423655541));
#1782=CARTESIAN_POINT('',(2.32244834380936,-0.540060540627991,2.04020861426302));
#1783=CARTESIAN_POINT('',(2.34800254340125,-0.933438419517637,1.89283102632666));
#1784=CARTESIAN_POINT('',(2.36063077727101,-1.11950166297774,1.78917264372982));
#1785=CARTESIAN_POINT('',(2.38628982074909,-1.45273253891467,1.53100976249651));
#1786=CARTESIAN_POINT('',(2.39888702651381,-1.59836152678356,1.37844165934562));
#1787=CARTESIAN_POINT('',(2.42452864952529,-1.84142684443808,1.03150770966784));
#1788=CARTESIAN_POINT('',(2.43720524648185,-1.93461033248017,0.843907001835604));
#1789=CARTESIAN_POINT('',(2.46277812061457,-2.0641984593928,0.440432612923471));
#1790=CARTESIAN_POINT('',(2.4754895256981,-2.09772511852032,0.232374831313259));
#1791=CARTESIAN_POINT('',(2.50108915212408,-2.10205358271148,-0.189260324708479));
#1792=CARTESIAN_POINT('',(2.51372772878367,-2.07222280598693,-0.40003178817496));
#1793=CARTESIAN_POINT('',(2.53931657270171,-1.95191540835233,-0.802595183040331));
#1794=CARTESIAN_POINT('',(2.55207672949814,-1.86043041409339,-0.996364946826544));
#1795=CARTESIAN_POINT('',(2.57750032305201,-1.62676031941708,-1.34446840651553));
#1796=CARTESIAN_POINT('',(2.59048165287709,-1.48152371181919,-1.50298559139663));
#1797=CARTESIAN_POINT('',(2.61576433879568,-1.15544640796041,-1.76601862814631));
#1798=CARTESIAN_POINT('',(2.62878012497118,-0.969749021687174,-1.87443781768052));
#1799=CARTESIAN_POINT('',(2.65415745391059,-0.580144171666253,-2.02912863995751));
#1800=CARTESIAN_POINT('',(2.66694388571627,-0.37128202770723,-2.07755931471776));
#1801=CARTESIAN_POINT('',(2.69253441260908,0.0474824248536077,-2.10994039479767));
#1802=CARTESIAN_POINT('',(2.70518322752855,0.260000889980726,-2.09446965749026));
#1803=CARTESIAN_POINT('',(2.7307730196612,0.670960590271516,-2.00105359629387));
#1804=CARTESIAN_POINT('',(2.74346549123223,0.867484811114385,-1.92413735918068));
#1805=CARTESIAN_POINT('',(2.76904776893416,1.23413741060987,-1.71223226410499));
#1806=CARTESIAN_POINT('',(2.7817489679726,1.39779163444987,-1.58148739395438));
#1807=CARTESIAN_POINT('',(2.80736064434359,1.68561968988977,-1.27027953287084));
#1808=CARTESIAN_POINT('',(2.81996313070434,1.80373482989397,-1.09590565058498));
#1809=CARTESIAN_POINT('',(2.84564307742252,1.98561966199004,-0.71539016590619));
#1810=CARTESIAN_POINT('',(2.85825815300791,2.04748655435645,-0.51180649595129));
#1811=CARTESIAN_POINT('',(2.88381507854853,2.10830024392349,-0.0960060468957689));
#1812=CARTESIAN_POINT('',(2.89665297255526,2.10712586535287,0.118207798782457));
#1813=CARTESIAN_POINT('',(2.92200615141324,2.04216970460529,0.532442854890921));
#1814=CARTESIAN_POINT('',(2.93503417720365,1.97739534840931,0.737418713719811));
#1815=CARTESIAN_POINT('',(2.96032197762377,1.79276960195811,1.11348815779509));
#1816=CARTESIAN_POINT('',(2.97325661422509,1.67015404792946,1.29015825579536));
#1817=CARTESIAN_POINT('',(2.99874609445047,1.38223978410875,1.59478401297451));
#1818=CARTESIAN_POINT('',(3.01146322091408,1.21327619853195,1.72686176518702));
#1819=CARTESIAN_POINT('',(3.03702641265055,0.847338506573282,1.9329014835907));
#1820=CARTESIAN_POINT('',(3.04975028642007,0.648058890186869,2.00858271775113));
#1821=CARTESIAN_POINT('',(3.07527192756294,0.236147831077501,2.09728850210841));
#1822=CARTESIAN_POINT('',(3.08804716657196,0.0253965834868494,2.11048883654555));
#1823=CARTESIAN_POINT('',(3.11359072742448,-0.39630783958922,2.07310110991151));
#1824=CARTESIAN_POINT('',(3.1262332576453,-0.599858228260452,2.02364053540738));
#1825=CARTESIAN_POINT('',(3.15195794700971,-0.992244079616405,1.86290166058808));
#1826=CARTESIAN_POINT('',(3.16446528043051,-1.17279431947165,1.75472019826447));
#1827=CARTESIAN_POINT('',(3.19016542260939,-1.49833748465347,1.48643004277516));
#1828=CARTESIAN_POINT('',(3.20281519223409,-1.64026543251427,1.32804047318904));
#1829=CARTESIAN_POINT('',(3.22830497512222,-1.87089957187821,0.976676496837769));
#1830=CARTESIAN_POINT('',(3.24122249787517,-1.96020029037335,0.782032829654587));
#1831=CARTESIAN_POINT('',(3.26653763574136,-2.07612374348497,0.379039215352822));
#1832=CARTESIAN_POINT('',(3.27956046246805,-2.10389096549071,0.1658967170201));
#1833=CARTESIAN_POINT('',(3.30490778830674,-2.09520657226802,-0.25295915661698));
#1834=CARTESIAN_POINT('',(3.31774293361347,-2.05859041607231,-0.464889439170819));
#1835=CARTESIAN_POINT('',(3.3432737179646,-1.92612444960285,-0.86253191038909));
#1836=CARTESIAN_POINT('',(3.35600688384395,-1.82865236888279,-1.0536173447722));
#1837=CARTESIAN_POINT('',(3.38151886882074,-1.58387011786843,-1.39478831553356));
#1838=CARTESIAN_POINT('',(3.39433483269184,-1.4350790677191,-1.54755116536274));
#1839=CARTESIAN_POINT('',(3.41978444159844,-1.09913955094932,-1.80173771330902));
#1840=CARTESIAN_POINT('',(3.43259325633737,-0.913529906781537,-1.90269401850315));
#1841=CARTESIAN_POINT('',(3.45815719881632,-0.515550769545238,-2.04670193791213));
#1842=CARTESIAN_POINT('',(3.47070986118133,-0.310135041160942,-2.08777269837984));
#1843=CARTESIAN_POINT('',(3.49653314505414,0.113563238901358,-2.10762472338564));
#1844=CARTESIAN_POINT('',(3.50899336187609,0.322764111835194,-2.08574564256434));
#1845=CARTESIAN_POINT('',(3.53465731598316,0.731217041436032,-1.97985686242174));
#1846=CARTESIAN_POINT('',(3.54738185206671,0.926628801787041,-1.896190026317));
#1847=CARTESIAN_POINT('',(3.57281471981288,1.28405440758443,-1.67492741053705));
#1848=CARTESIAN_POINT('',(3.58578840132366,1.44709919224891,-1.53618764115123));
#1849=CARTESIAN_POINT('',(3.61109532380751,1.7222791456241,-1.21972254450819));
#1850=CARTESIAN_POINT('',(3.62403029781042,1.8373832017874,-1.03822045807216));
#1851=CARTESIAN_POINT('',(3.64949292641452,2.00626214467988,-0.654821316539551));
#1852=CARTESIAN_POINT('',(3.66225760962499,2.06250031111197,-0.447218035192444));
#1853=CARTESIAN_POINT('',(3.68777968356759,2.11020387118491,-0.0308403368104917));
#1854=CARTESIAN_POINT('',(3.70057581206239,2.10246721649215,0.18357453026773));
#1855=CARTESIAN_POINT('',(3.72600948814091,2.02452564507147,0.596124078556805));
#1856=CARTESIAN_POINT('',(3.73890549539473,1.95406495820617,0.797482445281459));
#1857=CARTESIAN_POINT('',(3.76432314129457,1.75680296934615,1.16961166132948));
#1858=CARTESIAN_POINT('',(3.77710286795721,1.63105121188175,1.33956196074888));
#1859=CARTESIAN_POINT('',(3.80275122162309,1.33109768071374,1.63796619832792));
#1860=CARTESIAN_POINT('',(3.81520577129681,1.1622004719564,1.76190173166977));
#1861=CARTESIAN_POINT('',(3.84105212505384,0.786326013958004,1.95874935835332));
#1862=CARTESIAN_POINT('',(3.8535428053502,0.58756599907471,2.02714094393484));
#1863=CARTESIAN_POINT('',(3.87915643216841,0.172471561424028,2.10351795103956));
#1864=CARTESIAN_POINT('',(3.8919614134899,-0.039887533264722,2.11011900468545));
#1865=CARTESIAN_POINT('',(3.91734274946744,-0.457374058437513,2.06034031167501));
#1866=CARTESIAN_POINT('',(3.93031013729945,-0.6636738756672,2.0033754219585));
#1867=CARTESIAN_POINT('',(3.95567374141732,-1.04672970676492,1.83257551427666));
#1868=CARTESIAN_POINT('',(3.96851684046061,-1.22765491279722,1.71660801294622));
#1869=CARTESIAN_POINT('',(3.99403836959411,-1.54255406406659,1.44028004723316));
#1870=CARTESIAN_POINT('',(4.00679898864829,-1.68115050844251,1.27579004802425));
#1871=CARTESIAN_POINT('',(4.03226371973501,-1.90009442936783,0.918448930621378));
#1872=CARTESIAN_POINT('',(4.04514882487776,-1.98357432651997,0.720756584178412));
#1873=CARTESIAN_POINT('',(4.07052277548657,-2.08698951594098,0.313897949687659));
#1874=CARTESIAN_POINT('',(4.08346480558533,-2.10808465891296,0.101531474063361));
#1875=CARTESIAN_POINT('',(4.10888947949381,-2.08628173077289,-0.318995468953595));
#1876=CARTESIAN_POINT('',(4.12157725694561,-2.04396060937325,-0.526262800110858));
#1877=CARTESIAN_POINT('',(4.14731705166987,-1.89798153678283,-0.92325164147239));
#1878=CARTESIAN_POINT('',(4.1597295190347,-1.79716870963326,-1.10689759991562));
#1879=CARTESIAN_POINT('',(4.18555856887038,-1.53937320462254,-1.44408026247642));
#1880=CARTESIAN_POINT('',(4.19811543895894,-1.38814012556389,-1.58985046292555));
#1881=CARTESIAN_POINT('',(4.22366030413386,-1.04395171559315,-1.83431794358973));
#1882=CARTESIAN_POINT('',(4.23651932717959,-0.85430704085134,-1.92986221277742));
#1883=CARTESIAN_POINT('',(4.25555233125179,-0.554629208548623,-2.02816138685098));
#1884=CARTESIAN_POINT('',(4.26198938750631,-0.450838807279079,-2.05373416257048));
#1885=CARTESIAN_POINT('',(4.27477773987082,-0.243213367780202,-2.08852265929553));
#1886=CARTESIAN_POINT('',(4.28116141844736,-0.138880591307131,-2.09802478311046));
#1887=CARTESIAN_POINT('',(4.30027191362293,0.17566080576538,-2.10312303921285));
#1888=CARTESIAN_POINT('',(4.31302544735419,0.388600316349136,-2.07433641401861));
#1889=CARTESIAN_POINT('',(4.33853780055114,0.790705114291396,-1.95669803153774));
#1890=CARTESIAN_POINT('',(4.35135792451698,0.985772067123627,-1.86605383607033));
#1891=CARTESIAN_POINT('',(4.37676035696146,1.33504562011871,-1.63448973066086));
#1892=CARTESIAN_POINT('',(4.38972936686546,1.49417970352706,-1.49046084125303));
#1893=CARTESIAN_POINT('',(4.40872571351509,1.69323949967473,-1.24657595964967));
#1894=CARTESIAN_POINT('',(4.41504445255048,1.75322673612105,-1.16071077587022));
#1895=CARTESIAN_POINT('',(4.42783153356816,1.86039031580871,-0.979796594358269));
#1896=CARTESIAN_POINT('',(4.434346514878,1.90778616040374,-0.883985064953039));
#1897=CARTESIAN_POINT('',(4.45347332710587,2.02602631721015,-0.591208827339532));
#1898=CARTESIAN_POINT('',(4.46607949157361,2.07514632059087,-0.385317690125472));
#1899=CARTESIAN_POINT('',(4.49184357902952,2.11030817434114,0.0360746932687942));
#1900=CARTESIAN_POINT('',(4.50428049871455,2.09642254798503,0.245114579569448));
#1901=CARTESIAN_POINT('',(4.53005107886763,2.00494957424498,0.659731658746514));
#1902=CARTESIAN_POINT('',(4.54268579830075,1.92940285414559,0.855561498648076));
#1903=CARTESIAN_POINT('',(4.56818910445712,1.72046357469286,1.22253259249361));
#1904=CARTESIAN_POINT('',(4.58105709125939,1.58891301274912,1.3890929859416));
#1905=CARTESIAN_POINT('',(4.60012349046905,1.35866490265858,1.6047073420729));
#1906=CARTESIAN_POINT('',(4.60654107986745,1.27535100659537,1.67169232491016));
#1907=CARTESIAN_POINT('',(4.61928920598914,1.10182983333453,1.79082283812815));
#1908=CARTESIAN_POINT('',(4.6256552947195,1.01125567008852,1.8434640798177));
#1909=CARTESIAN_POINT('',(4.64481521222229,0.728216939440147,1.98083100353607));
#1910=CARTESIAN_POINT('',(4.65755992984297,0.523047345923013,2.04457968654275));
#1911=CARTESIAN_POINT('',(4.68303295493082,0.108843135855338,2.10761424185678));
#1912=CARTESIAN_POINT('',(4.69593690601772,-0.106255729827561,2.10774995977196));
#1913=CARTESIAN_POINT('',(4.72126729334722,-0.520609322913211,2.04520563903382));
#1914=CARTESIAN_POINT('',(4.73428032857242,-0.725695913962558,1.98176713671523));
#1915=CARTESIAN_POINT('',(4.75328319915264,-1.00904478866197,1.84467815631907));
#1916=CARTESIAN_POINT('',(4.75958194711579,-1.09966792409127,1.79214622801523));
#1917=CARTESIAN_POINT('',(4.7723425701456,-1.27319795454801,1.67332740801051));
#1918=CARTESIAN_POINT('',(4.7788507668546,-1.35660078404027,1.60645796231512));
#1919=CARTESIAN_POINT('',(4.79805593044424,-1.58729414745557,1.39096684979567));
#1920=CARTESIAN_POINT('',(4.8106063872048,-1.71878193177952,1.22493522153374));
#1921=CARTESIAN_POINT('',(4.83633310178326,-1.92841847041272,0.857834383163037));
#1922=CARTESIAN_POINT('',(4.84884459502567,-2.00405648794946,0.66246330049475));
#1923=CARTESIAN_POINT('',(4.87456090978914,-2.09611150601966,0.24782369888028));
#1924=CARTESIAN_POINT('',(4.88725723095955,-2.11024114341946,0.0385566161936285));
#1925=CARTESIAN_POINT('',(4.9,-2.09294995335764,-0.171931651362609));
#1926=CARTESIAN_POINT('',(-1.2,0.,0.));
#1927=CARTESIAN_POINT('',(-1.16567433137371,0.,-1.9682308546376));
#1928=CARTESIAN_POINT('',(-1.14900766470705,0.25764081639576,-1.9682308546376));
#1929=CARTESIAN_POINT('',(-1.11567433137371,0.772813362145822,-1.86573650007559));
#1930=CARTESIAN_POINT('',(-1.06567433137371,1.42798661082691,-1.42798661082691));
#1931=CARTESIAN_POINT('',(-1.01567433137371,1.86573650007559,-0.772813362145822));
#1932=CARTESIAN_POINT('',(-0.965674331373713,2.01947803191861,1.11022302462516E-16));
#1933=CARTESIAN_POINT('',(-0.915674331373713,1.86573650007559,0.772813362145821));
#1934=CARTESIAN_POINT('',(-0.865674331373713,1.42798661082691,1.42798661082691));
#1935=CARTESIAN_POINT('',(-0.815674331373713,0.772813362145822,1.86573650007559));
#1936=CARTESIAN_POINT('',(-0.765674331373713,2.77555756156289E-16,2.01947803191861));
#1937=CARTESIAN_POINT('',(-0.715674331373713,-0.772813362145822,1.86573650007559));
#1938=CARTESIAN_POINT('',(-0.665674331373713,-1.42798661082691,1.42798661082691));
#1939=CARTESIAN_POINT('',(-0.615674331373713,-1.86573650007559,0.772813362145824));
#1940=CARTESIAN_POINT('',(-0.565674331373713,-2.01947803191861,2.22044604925031E-16));
#1941=CARTESIAN_POINT('',(-0.515674331373713,-1.86573650007559,-0.772813362145823));
#1942=CARTESIAN_POINT('',(-0.465674331373713,-1.42798661082691,-1.42798661082691));
#1943=CARTESIAN_POINT('',(-0.415674331373713,-0.772813362145824,-1.86573650007559));
#1944=CARTESIAN_POINT('',(-0.365674331373713,-4.99600361081321E-16,-2.01947803191861));
#1945=CARTESIAN_POINT('',(-0.315674331373713,0.772813362145823,-1.86573650007559));
#1946=CARTESIAN_POINT('',(-0.265674331373713,1.42798661082691,-1.42798661082691));
#1947=CARTESIAN_POINT('',(-0.215674331373713,1.86573650007559,-0.772813362145824));
#1948=CARTESIAN_POINT('',(-0.165674331373713,2.01947803191861,-9.99200722162641E-16));
#1949=CARTESIAN_POINT('',(-0.115674331373713,1.86573650007559,0.772813362145824));
#1950=CARTESIAN_POINT('',(-0.0656743313737129,1.42798661082691,1.42798661082691));
#1951=CARTESIAN_POINT('',(-0.0156743313737129,0.772813362145824,1.86573650007559));
#1952=CARTESIAN_POINT('',(0.0343256686262872,8.88178419700125E-16,2.01947803191861));
#1953=CARTESIAN_POINT('',(0.084325668626287,-0.772813362145822,1.86573650007559));
#1954=CARTESIAN_POINT('',(0.134325668626287,-1.42798661082691,1.42798661082691));
#1955=CARTESIAN_POINT('',(0.184325668626287,-1.86573650007559,0.772813362145825));
#1956=CARTESIAN_POINT('',(0.234325668626287,-2.01947803191861,6.66133814775094E-16));
#1957=CARTESIAN_POINT('',(0.284325668626287,-1.86573650007559,-0.772813362145824));
#1958=CARTESIAN_POINT('',(0.334325668626287,-1.42798661082691,-1.42798661082691));
#1959=CARTESIAN_POINT('',(0.384325668626287,-0.772813362145824,-1.86573650007559));
#1960=CARTESIAN_POINT('',(0.434325668626287,-1.16573417585641E-15,-2.01947803191861));
#1961=CARTESIAN_POINT('',(0.484325668626287,0.772813362145822,-1.86573650007559));
#1962=CARTESIAN_POINT('',(0.534325668626287,1.42798661082691,-1.42798661082691));
#1963=CARTESIAN_POINT('',(0.584325668626287,1.86573650007559,-0.772813362145826));
#1964=CARTESIAN_POINT('',(0.634325668626287,2.01947803191861,-9.99200722162641E-16));
#1965=CARTESIAN_POINT('',(0.684325668626287,1.86573650007559,0.772813362145823));
#1966=CARTESIAN_POINT('',(0.734325668626287,1.42798661082691,1.42798661082691));
#1967=CARTESIAN_POINT('',(0.784325668626287,0.772813362145824,1.86573650007559));
#1968=CARTESIAN_POINT('',(0.834325668626287,-4.44089209850063E-16,2.01947803191861));
#1969=CARTESIAN_POINT('',(0.884325668626288,-0.772813362145815,1.8657365000756));
#1970=CARTESIAN_POINT('',(0.934325668626287,-1.42798661082691,1.42798661082691));
#1971=CARTESIAN_POINT('',(0.984325668626286,-1.86573650007559,0.772813362145824));
#1972=CARTESIAN_POINT('',(1.03432566862629,-2.01947803191861,7.54951656745106E-15));
#1973=CARTESIAN_POINT('',(1.08432566862629,-1.86573650007559,-0.772813362145825));
#1974=CARTESIAN_POINT('',(1.13432566862629,-1.42798661082691,-1.4279866108269));
#1975=CARTESIAN_POINT('',(1.18432566862629,-0.772813362145818,-1.8657365000756));
#1976=CARTESIAN_POINT('',(1.23432566862629,-1.72084568816899E-15,-2.0194780319186));
#1977=CARTESIAN_POINT('',(1.28432566862629,0.772813362145815,-1.8657365000756));
#1978=CARTESIAN_POINT('',(1.33432566862629,1.42798661082691,-1.42798661082691));
#1979=CARTESIAN_POINT('',(1.38432566862629,1.86573650007559,-0.772813362145828));
#1980=CARTESIAN_POINT('',(1.43432566862629,2.01947803191861,4.55191440096314E-15));
#1981=CARTESIAN_POINT('',(1.48432566862629,1.86573650007559,0.772813362145821));
#1982=CARTESIAN_POINT('',(1.53432566862629,1.42798661082691,1.42798661082691));
#1983=CARTESIAN_POINT('',(1.58432566862629,0.772813362145818,1.8657365000756));
#1984=CARTESIAN_POINT('',(1.63432566862629,2.1094237467878E-15,2.0194780319186));
#1985=CARTESIAN_POINT('',(1.68432566862629,-0.772813362145815,1.8657365000756));
#1986=CARTESIAN_POINT('',(1.73432566862629,-1.42798661082691,1.42798661082691));
#1987=CARTESIAN_POINT('',(1.78432566862629,-1.86573650007559,0.772813362145824));
#1988=CARTESIAN_POINT('',(1.83432566862629,-2.01947803191861,8.21565038222616E-15));
#1989=CARTESIAN_POINT('',(1.88432566862629,-1.86573650007559,-0.772813362145824));
#1990=CARTESIAN_POINT('',(1.93432566862629,-1.42798661082691,-1.4279866108269));
#1991=CARTESIAN_POINT('',(1.98432566862629,-0.772813362145818,-1.8657365000756));
#1992=CARTESIAN_POINT('',(2.03432566862629,-2.33146835171283E-15,-2.0194780319186));
#1993=CARTESIAN_POINT('',(2.08432566862629,0.772813362145815,-1.8657365000756));
#1994=CARTESIAN_POINT('',(2.13432566862629,1.42798661082691,-1.42798661082691));
#1995=CARTESIAN_POINT('',(2.18432566862629,1.86573650007559,-0.772813362145828));
#1996=CARTESIAN_POINT('',(2.23432566862629,2.01947803191861,3.99680288865056E-15));
#1997=CARTESIAN_POINT('',(2.28432566862629,1.86573650007559,0.772813362145821));
#1998=CARTESIAN_POINT('',(2.33432566862629,1.42798661082691,1.42798661082691));
#1999=CARTESIAN_POINT('',(2.38432566862629,0.772813362145819,1.86573650007559));
#2000=CARTESIAN_POINT('',(2.43432566862629,2.72004641033163E-15,2.0194780319186));
#2001=CARTESIAN_POINT('',(2.48432566862629,-0.772813362145814,1.8657365000756));
#2002=CARTESIAN_POINT('',(2.53432566862629,-1.42798661082691,1.42798661082691));
#2003=CARTESIAN_POINT('',(2.58432566862629,-1.86573650007559,0.772813362145825));
#2004=CARTESIAN_POINT('',(2.63432566862629,-2.01947803191861,8.43769498715119E-15));
#2005=CARTESIAN_POINT('',(2.68432566862629,-1.86573650007559,-0.772813362145824));
#2006=CARTESIAN_POINT('',(2.73432566862629,-1.42798661082692,-1.4279866108269));
#2007=CARTESIAN_POINT('',(2.78432566862629,-0.772813362145819,-1.86573650007559));
#2008=CARTESIAN_POINT('',(2.83432566862629,-3.99680288865056E-15,-2.01947803191861));
#2009=CARTESIAN_POINT('',(2.88432566862629,0.772813362145817,-1.86573650007559));
#2010=CARTESIAN_POINT('',(2.93432566862629,1.4279866108269,-1.42798661082692));
#2011=CARTESIAN_POINT('',(2.98432566862629,1.8657365000756,-0.772813362145813));
#2012=CARTESIAN_POINT('',(3.03432566862629,2.01947803191861,-4.44089209850063E-16));
#2013=CARTESIAN_POINT('',(3.08432566862629,1.86573650007559,0.77281336214582));
#2014=CARTESIAN_POINT('',(3.13432566862629,1.42798661082691,1.42798661082691));
#2015=CARTESIAN_POINT('',(3.18432566862629,0.772813362145829,1.86573650007559));
#2016=CARTESIAN_POINT('',(3.23432566862629,1.9151347174784E-14,2.01947803191861));
#2017=CARTESIAN_POINT('',(3.28432566862629,-0.772813362145831,1.86573650007559));
#2018=CARTESIAN_POINT('',(3.33432566862629,-1.42798661082691,1.42798661082691));
#2019=CARTESIAN_POINT('',(3.38432566862629,-1.86573650007559,0.772813362145825));
#2020=CARTESIAN_POINT('',(3.43432566862629,-2.0194780319186,4.88498130835069E-15));
#2021=CARTESIAN_POINT('',(3.48432566862629,-1.8657365000756,-0.772813362145807));
#2022=CARTESIAN_POINT('',(3.53432566862629,-1.42798661082691,-1.42798661082691));
#2023=CARTESIAN_POINT('',(3.58432566862629,-0.772813362145822,-1.86573650007559));
#2024=CARTESIAN_POINT('',(3.63432566862629,-3.71924713249427E-15,-2.01947803191861));
#2025=CARTESIAN_POINT('',(3.68432566862629,0.772813362145817,-1.86573650007559));
#2026=CARTESIAN_POINT('',(3.73432566862629,1.4279866108269,-1.42798661082692));
#2027=CARTESIAN_POINT('',(3.78432566862629,1.8657365000756,-0.772813362145814));
#2028=CARTESIAN_POINT('',(3.83432566862629,2.01947803191861,-6.66133814775094E-16));
#2029=CARTESIAN_POINT('',(3.88432566862629,1.86573650007559,0.77281336214582));
#2030=CARTESIAN_POINT('',(3.93432566862629,1.42798661082691,1.42798661082691));
#2031=CARTESIAN_POINT('',(3.98432566862629,0.772813362145836,1.86573650007559));
#2032=CARTESIAN_POINT('',(4.03432566862629,-1.16573417585641E-14,2.01947803191861));
#2033=CARTESIAN_POINT('',(4.08432566862629,-0.772813362145823,1.86573650007559));
#2034=CARTESIAN_POINT('',(4.13432566862629,-1.42798661082691,1.42798661082691));
#2035=CARTESIAN_POINT('',(4.18432566862629,-1.86573650007559,0.772813362145826));
#2036=CARTESIAN_POINT('',(4.23432566862629,-2.01947803191861,5.44009282066327E-15));
#2037=CARTESIAN_POINT('',(4.28432566862629,-1.8657365000756,-0.772813362145807));
#2038=CARTESIAN_POINT('',(4.33432566862629,-1.42798661082691,-1.42798661082692));
#2039=CARTESIAN_POINT('',(4.38432566862629,-0.772813362145822,-1.86573650007559));
#2040=CARTESIAN_POINT('',(4.43432566862629,-4.49640324973188E-15,-2.01947803191861));
#2041=CARTESIAN_POINT('',(4.48432566862629,0.772813362145817,-1.8657365000756));
#2042=CARTESIAN_POINT('',(4.53432566862629,1.4279866108269,-1.42798661082692));
#2043=CARTESIAN_POINT('',(4.58432566862629,1.8657365000756,-0.772813362145813));
#2044=CARTESIAN_POINT('',(4.63432566862629,2.0194780319186,-1.33226762955019E-15));
#2045=CARTESIAN_POINT('',(4.68432566862629,1.86573650007559,0.772813362145819));
#2046=CARTESIAN_POINT('',(4.73432566862629,1.42798661082691,1.42798661082691));
#2047=CARTESIAN_POINT('',(4.78432566862629,0.77281336214583,1.86573650007559));
#2048=CARTESIAN_POINT('',(4.83432566862629,2.02615701994091E-14,2.01947803191861));
#2049=CARTESIAN_POINT('',(4.88432566862629,-0.77281336214583,1.86573650007559));
#2050=CARTESIAN_POINT('',(4.93432566862629,-1.42798661082691,1.42798661082691));
#2051=CARTESIAN_POINT('',(4.98432566862629,-1.86573650007559,0.772813362145826));
#2052=CARTESIAN_POINT('',(5.03432566862629,-2.0194780319186,6.10622663543836E-15));
#2053=CARTESIAN_POINT('',(5.08432566862629,-1.8657365000756,-0.772813362145807));
#2054=CARTESIAN_POINT('',(5.13432566862629,-1.42798661082691,-1.42798661082692));
#2055=CARTESIAN_POINT('',(5.17897653392392,-0.842905561357537,-1.8189048376048));
#2056=CARTESIAN_POINT('',(5.20696073255488,-0.420965754300984,-1.9304596481833));
#2057=CARTESIAN_POINT('',(5.21827826451917,-0.247405026987145,-1.95252364352018));
#2058=CARTESIAN_POINT('',(-0.852883769460099,0.,-2.51));
#2059=CARTESIAN_POINT('',(-0.836217102793432,0.328558231687932,-2.51));
#2060=CARTESIAN_POINT('',(-0.802883769460099,0.985535581060266,-2.37929336599694));
#2061=CARTESIAN_POINT('',(-0.752883769460099,1.82104979440305,-1.82104979440305));
#2062=CARTESIAN_POINT('',(-0.702883769460099,2.37929336599694,-0.985535581060266));
#2063=CARTESIAN_POINT('',(-0.652883769460099,2.57535331700153,0.));
#2064=CARTESIAN_POINT('',(-0.602883769460099,2.37929336599694,0.985535581060266));
#2065=CARTESIAN_POINT('',(-0.552883769460099,1.82104979440305,1.82104979440305));
#2066=CARTESIAN_POINT('',(-0.502883769460099,0.985535581060266,2.37929336599694));
#2067=CARTESIAN_POINT('',(-0.452883769460099,2.77555756156289E-16,2.57535331700153));
#2068=CARTESIAN_POINT('',(-0.402883769460099,-0.985535581060266,2.37929336599694));
#2069=CARTESIAN_POINT('',(-0.352883769460099,-1.82104979440305,1.82104979440305));
#2070=CARTESIAN_POINT('',(-0.302883769460099,-2.37929336599694,0.985535581060269));
#2071=CARTESIAN_POINT('',(-0.252883769460099,-2.57535331700153,3.33066907387547E-16));
#2072=CARTESIAN_POINT('',(-0.202883769460099,-2.37929336599694,-0.985535581060268));
#2073=CARTESIAN_POINT('',(-0.152883769460099,-1.82104979440305,-1.82104979440305));
#2074=CARTESIAN_POINT('',(-0.102883769460099,-0.985535581060269,-2.37929336599694));
#2075=CARTESIAN_POINT('',(-0.052883769460099,-4.99600361081321E-16,-2.57535331700153));
#2076=CARTESIAN_POINT('',(-0.00288376946009894,0.985535581060267,-2.37929336599694));
#2077=CARTESIAN_POINT('',(0.0471162305399009,1.82104979440305,-1.82104979440305));
#2078=CARTESIAN_POINT('',(0.0971162305399012,2.37929336599694,-0.985535581060269));
#2079=CARTESIAN_POINT('',(0.147116230539901,2.57535331700153,-9.43689570931383E-16));
#2080=CARTESIAN_POINT('',(0.197116230539901,2.37929336599694,0.985535581060268));
#2081=CARTESIAN_POINT('',(0.247116230539901,1.82104979440305,1.82104979440305));
#2082=CARTESIAN_POINT('',(0.297116230539901,0.985535581060268,2.37929336599694));
#2083=CARTESIAN_POINT('',(0.347116230539901,8.88178419700125E-16,2.57535331700153));
#2084=CARTESIAN_POINT('',(0.397116230539901,-0.985535581060266,2.37929336599694));
#2085=CARTESIAN_POINT('',(0.447116230539901,-1.82104979440305,1.82104979440305));
#2086=CARTESIAN_POINT('',(0.497116230539901,-2.37929336599694,0.98553558106027));
#2087=CARTESIAN_POINT('',(0.547116230539901,-2.57535331700153,1.0547118733939E-15));
#2088=CARTESIAN_POINT('',(0.597116230539901,-2.37929336599694,-0.985535581060268));
#2089=CARTESIAN_POINT('',(0.647116230539901,-1.82104979440305,-1.82104979440304));
#2090=CARTESIAN_POINT('',(0.697116230539901,-0.985535581060268,-2.37929336599694));
#2091=CARTESIAN_POINT('',(0.747116230539901,-1.16573417585641E-15,-2.57535331700153));
#2092=CARTESIAN_POINT('',(0.797116230539901,0.985535581060266,-2.37929336599694));
#2093=CARTESIAN_POINT('',(0.847116230539901,1.82104979440305,-1.82104979440305));
#2094=CARTESIAN_POINT('',(0.897116230539901,2.37929336599694,-0.985535581060271));
#2095=CARTESIAN_POINT('',(0.947116230539901,2.57535331700153,-1.33226762955019E-15));
#2096=CARTESIAN_POINT('',(0.997116230539901,2.37929336599694,0.985535581060268));
#2097=CARTESIAN_POINT('',(1.0471162305399,1.82104979440305,1.82104979440304));
#2098=CARTESIAN_POINT('',(1.0971162305399,0.985535581060269,2.37929336599694));
#2099=CARTESIAN_POINT('',(1.1471162305399,-4.44089209850063E-16,2.57535331700153));
#2100=CARTESIAN_POINT('',(1.1971162305399,-0.985535581060258,2.37929336599695));
#2101=CARTESIAN_POINT('',(1.2471162305399,-1.82104979440305,1.82104979440305));
#2102=CARTESIAN_POINT('',(1.2971162305399,-2.37929336599694,0.985535581060268));
#2103=CARTESIAN_POINT('',(1.3471162305399,-2.57535331700153,9.60342916300761E-15));
#2104=CARTESIAN_POINT('',(1.3971162305399,-2.37929336599694,-0.98553558106027));
#2105=CARTESIAN_POINT('',(1.4471162305399,-1.82104979440305,-1.82104979440304));
#2106=CARTESIAN_POINT('',(1.4971162305399,-0.985535581060261,-2.37929336599695));
#2107=CARTESIAN_POINT('',(1.5471162305399,-1.72084568816899E-15,-2.57535331700153));
#2108=CARTESIAN_POINT('',(1.5971162305399,0.985535581060257,-2.37929336599695));
#2109=CARTESIAN_POINT('',(1.6471162305399,1.82104979440305,-1.82104979440305));
#2110=CARTESIAN_POINT('',(1.6971162305399,2.37929336599694,-0.985535581060273));
#2111=CARTESIAN_POINT('',(1.7471162305399,2.57535331700153,5.88418203051333E-15));
#2112=CARTESIAN_POINT('',(1.7971162305399,2.37929336599694,0.985535581060265));
#2113=CARTESIAN_POINT('',(1.8471162305399,1.82104979440305,1.82104979440304));
#2114=CARTESIAN_POINT('',(1.8971162305399,0.985535581060261,2.37929336599695));
#2115=CARTESIAN_POINT('',(1.9471162305399,2.1094237467878E-15,2.57535331700153));
#2116=CARTESIAN_POINT('',(1.9971162305399,-0.985535581060257,2.37929336599695));
#2117=CARTESIAN_POINT('',(2.0471162305399,-1.82104979440305,1.82104979440305));
#2118=CARTESIAN_POINT('',(2.0971162305399,-2.37929336599694,0.985535581060269));
#2119=CARTESIAN_POINT('',(2.1471162305399,-2.57535331700153,1.0325074129014E-14));
#2120=CARTESIAN_POINT('',(2.1971162305399,-2.37929336599694,-0.985535581060269));
#2121=CARTESIAN_POINT('',(2.2471162305399,-1.82104979440305,-1.82104979440304));
#2122=CARTESIAN_POINT('',(2.2971162305399,-0.985535581060261,-2.37929336599695));
#2123=CARTESIAN_POINT('',(2.3471162305399,-2.33146835171283E-15,-2.57535331700153));
#2124=CARTESIAN_POINT('',(2.3971162305399,0.985535581060257,-2.37929336599695));
#2125=CARTESIAN_POINT('',(2.4471162305399,1.82104979440305,-1.82104979440305));
#2126=CARTESIAN_POINT('',(2.4971162305399,2.37929336599694,-0.985535581060274));
#2127=CARTESIAN_POINT('',(2.5471162305399,2.57535331700153,5.05151476204446E-15));
#2128=CARTESIAN_POINT('',(2.5971162305399,2.37929336599694,0.985535581060265));
#2129=CARTESIAN_POINT('',(2.6471162305399,1.82104979440306,1.82104979440304));
#2130=CARTESIAN_POINT('',(2.6971162305399,0.985535581060262,2.37929336599695));
#2131=CARTESIAN_POINT('',(2.7471162305399,2.72004641033163E-15,2.57535331700153));
#2132=CARTESIAN_POINT('',(2.7971162305399,-0.985535581060256,2.37929336599695));
#2133=CARTESIAN_POINT('',(2.8471162305399,-1.82104979440305,1.82104979440305));
#2134=CARTESIAN_POINT('',(2.8971162305399,-2.37929336599694,0.985535581060269));
#2135=CARTESIAN_POINT('',(2.9471162305399,-2.57535331700153,1.08246744900953E-14));
#2136=CARTESIAN_POINT('',(2.9971162305399,-2.37929336599694,-0.985535581060269));
#2137=CARTESIAN_POINT('',(3.0471162305399,-1.82104979440306,-1.82104979440304));
#2138=CARTESIAN_POINT('',(3.0971162305399,-0.985535581060262,-2.37929336599695));
#2139=CARTESIAN_POINT('',(3.1471162305399,-3.99680288865056E-15,-2.57535331700153));
#2140=CARTESIAN_POINT('',(3.1971162305399,0.98553558106026,-2.37929336599694));
#2141=CARTESIAN_POINT('',(3.2471162305399,1.82104979440304,-1.82104979440306));
#2142=CARTESIAN_POINT('',(3.2971162305399,2.37929336599695,-0.985535581060254));
#2143=CARTESIAN_POINT('',(3.3471162305399,2.57535331700153,-4.44089209850063E-16));
#2144=CARTESIAN_POINT('',(3.3971162305399,2.37929336599694,0.985535581060264));
#2145=CARTESIAN_POINT('',(3.4471162305399,1.82104979440305,1.82104979440305));
#2146=CARTESIAN_POINT('',(3.4971162305399,0.985535581060274,2.37929336599694));
#2147=CARTESIAN_POINT('',(3.5471162305399,1.9151347174784E-14,2.57535331700153));
#2148=CARTESIAN_POINT('',(3.5971162305399,-0.985535581060277,2.37929336599694));
#2149=CARTESIAN_POINT('',(3.6471162305399,-1.82104979440305,1.82104979440305));
#2150=CARTESIAN_POINT('',(3.6971162305399,-2.37929336599694,0.98553558106027));
#2151=CARTESIAN_POINT('',(3.7471162305399,-2.57535331700153,6.38378239159465E-15));
#2152=CARTESIAN_POINT('',(3.7971162305399,-2.37929336599695,-0.985535581060248));
#2153=CARTESIAN_POINT('',(3.8471162305399,-1.82104979440304,-1.82104979440306));
#2154=CARTESIAN_POINT('',(3.8971162305399,-0.985535581060266,-2.37929336599694));
#2155=CARTESIAN_POINT('',(3.9471162305399,-3.71924713249427E-15,-2.57535331700153));
#2156=CARTESIAN_POINT('',(3.9971162305399,0.985535581060259,-2.37929336599695));
#2157=CARTESIAN_POINT('',(4.0471162305399,1.82104979440304,-1.82104979440306));
#2158=CARTESIAN_POINT('',(4.0971162305399,2.37929336599695,-0.985535581060255));
#2159=CARTESIAN_POINT('',(4.1471162305399,2.57535331700153,-9.99200722162641E-16));
#2160=CARTESIAN_POINT('',(4.1971162305399,2.37929336599694,0.985535581060263));
#2161=CARTESIAN_POINT('',(4.2471162305399,1.82104979440305,1.82104979440304));
#2162=CARTESIAN_POINT('',(4.2971162305399,0.985535581060284,2.37929336599694));
#2163=CARTESIAN_POINT('',(4.3471162305399,-1.16573417585641E-14,2.57535331700153));
#2164=CARTESIAN_POINT('',(4.3971162305399,-0.985535581060267,2.37929336599694));
#2165=CARTESIAN_POINT('',(4.4471162305399,-1.82104979440305,1.82104979440305));
#2166=CARTESIAN_POINT('',(4.4971162305399,-2.37929336599694,0.985535581060271));
#2167=CARTESIAN_POINT('',(4.5471162305399,-2.57535331700153,6.88338275267597E-15));
#2168=CARTESIAN_POINT('',(4.5971162305399,-2.37929336599695,-0.985535581060247));
#2169=CARTESIAN_POINT('',(4.6471162305399,-1.82104979440304,-1.82104979440306));
#2170=CARTESIAN_POINT('',(4.6971162305399,-0.985535581060267,-2.37929336599694));
#2171=CARTESIAN_POINT('',(4.7471162305399,-4.49640324973188E-15,-2.57535331700153));
#2172=CARTESIAN_POINT('',(4.7971162305399,0.985535581060259,-2.37929336599695));
#2173=CARTESIAN_POINT('',(4.8471162305399,1.82104979440304,-1.82104979440306));
#2174=CARTESIAN_POINT('',(4.8971162305399,2.37929336599695,-0.985535581060255));
#2175=CARTESIAN_POINT('',(4.9471162305399,2.57535331700153,-1.72084568816899E-15));
#2176=CARTESIAN_POINT('',(4.9971162305399,2.37929336599694,0.985535581060263));
#2177=CARTESIAN_POINT('',(5.0471162305399,1.82104979440305,1.82104979440304));
#2178=CARTESIAN_POINT('',(5.0971162305399,0.985535581060276,2.37929336599694));
#2179=CARTESIAN_POINT('',(5.1471162305399,2.02615701994091E-14,2.57535331700153));
#2180=CARTESIAN_POINT('',(5.1971162305399,-0.985535581060276,2.37929336599694));
#2181=CARTESIAN_POINT('',(5.2471162305399,-1.82104979440304,1.82104979440305));
#2182=CARTESIAN_POINT('',(5.2971162305399,-2.37929336599694,0.985535581060272));
#2183=CARTESIAN_POINT('',(5.3471162305399,-2.57535331700153,7.54951656745106E-15));
#2184=CARTESIAN_POINT('',(5.3971162305399,-2.37929336599695,-0.985535581060247));
#2185=CARTESIAN_POINT('',(5.4471162305399,-1.82104979440304,-1.82104979440306));
#2186=CARTESIAN_POINT('',(5.49176709583753,-1.0749211425186,-2.31957096477316));
#2187=CARTESIAN_POINT('',(5.51975129446849,-0.536839487505147,-2.46183200792889));
#2188=CARTESIAN_POINT('',(5.53106882643279,-0.315504970504118,-2.48996927046854));
#2189=CARTESIAN_POINT('',(-1.5471162305399,0.,-2.51));
#2190=CARTESIAN_POINT('',(-1.53044956387323,0.328558231687932,-2.51));
#2191=CARTESIAN_POINT('',(-1.4971162305399,0.985535581060266,-2.37929336599694));
#2192=CARTESIAN_POINT('',(-1.4471162305399,1.82104979440305,-1.82104979440305));
#2193=CARTESIAN_POINT('',(-1.3971162305399,2.37929336599694,-0.985535581060266));
#2194=CARTESIAN_POINT('',(-1.3471162305399,2.57535331700153,0.));
#2195=CARTESIAN_POINT('',(-1.2971162305399,2.37929336599694,0.985535581060266));
#2196=CARTESIAN_POINT('',(-1.2471162305399,1.82104979440305,1.82104979440305));
#2197=CARTESIAN_POINT('',(-1.1971162305399,0.985535581060266,2.37929336599694));
#2198=CARTESIAN_POINT('',(-1.1471162305399,2.77555756156289E-16,2.57535331700153));
#2199=CARTESIAN_POINT('',(-1.0971162305399,-0.985535581060266,2.37929336599694));
#2200=CARTESIAN_POINT('',(-1.0471162305399,-1.82104979440305,1.82104979440305));
#2201=CARTESIAN_POINT('',(-0.997116230539901,-2.37929336599694,0.985535581060269));
#2202=CARTESIAN_POINT('',(-0.947116230539901,-2.57535331700153,3.33066907387547E-16));
#2203=CARTESIAN_POINT('',(-0.897116230539901,-2.37929336599694,-0.985535581060268));
#2204=CARTESIAN_POINT('',(-0.847116230539901,-1.82104979440305,-1.82104979440305));
#2205=CARTESIAN_POINT('',(-0.797116230539901,-0.985535581060269,-2.37929336599694));
#2206=CARTESIAN_POINT('',(-0.747116230539901,-4.99600361081321E-16,-2.57535331700153));
#2207=CARTESIAN_POINT('',(-0.697116230539901,0.985535581060267,-2.37929336599694));
#2208=CARTESIAN_POINT('',(-0.647116230539901,1.82104979440305,-1.82104979440305));
#2209=CARTESIAN_POINT('',(-0.597116230539901,2.37929336599694,-0.985535581060269));
#2210=CARTESIAN_POINT('',(-0.547116230539902,2.57535331700153,-9.43689570931383E-16));
#2211=CARTESIAN_POINT('',(-0.497116230539901,2.37929336599694,0.985535581060268));
#2212=CARTESIAN_POINT('',(-0.447116230539901,1.82104979440305,1.82104979440305));
#2213=CARTESIAN_POINT('',(-0.397116230539901,0.985535581060268,2.37929336599694));
#2214=CARTESIAN_POINT('',(-0.347116230539901,8.88178419700125E-16,2.57535331700153));
#2215=CARTESIAN_POINT('',(-0.297116230539901,-0.985535581060266,2.37929336599694));
#2216=CARTESIAN_POINT('',(-0.247116230539901,-1.82104979440305,1.82104979440305));
#2217=CARTESIAN_POINT('',(-0.197116230539901,-2.37929336599694,0.98553558106027));
#2218=CARTESIAN_POINT('',(-0.147116230539901,-2.57535331700153,1.0547118733939E-15));
#2219=CARTESIAN_POINT('',(-0.0971162305399012,-2.37929336599694,-0.985535581060268));
#2220=CARTESIAN_POINT('',(-0.0471162305399013,-1.82104979440305,-1.82104979440304));
#2221=CARTESIAN_POINT('',(0.00288376946009872,-0.985535581060268,-2.37929336599694));
#2222=CARTESIAN_POINT('',(0.0528837694600988,-1.16573417585641E-15,-2.57535331700153));
#2223=CARTESIAN_POINT('',(0.102883769460099,0.985535581060266,-2.37929336599694));
#2224=CARTESIAN_POINT('',(0.152883769460099,1.82104979440305,-1.82104979440305));
#2225=CARTESIAN_POINT('',(0.202883769460099,2.37929336599694,-0.985535581060271));
#2226=CARTESIAN_POINT('',(0.252883769460099,2.57535331700153,-1.33226762955019E-15));
#2227=CARTESIAN_POINT('',(0.302883769460099,2.37929336599694,0.985535581060268));
#2228=CARTESIAN_POINT('',(0.352883769460099,1.82104979440305,1.82104979440304));
#2229=CARTESIAN_POINT('',(0.402883769460099,0.985535581060269,2.37929336599694));
#2230=CARTESIAN_POINT('',(0.452883769460098,-4.44089209850063E-16,2.57535331700153));
#2231=CARTESIAN_POINT('',(0.502883769460099,-0.985535581060258,2.37929336599695));
#2232=CARTESIAN_POINT('',(0.552883769460099,-1.82104979440305,1.82104979440305));
#2233=CARTESIAN_POINT('',(0.602883769460098,-2.37929336599694,0.985535581060268));
#2234=CARTESIAN_POINT('',(0.652883769460099,-2.57535331700153,9.60342916300761E-15));
#2235=CARTESIAN_POINT('',(0.702883769460099,-2.37929336599694,-0.98553558106027));
#2236=CARTESIAN_POINT('',(0.752883769460099,-1.82104979440305,-1.82104979440304));
#2237=CARTESIAN_POINT('',(0.802883769460098,-0.985535581060261,-2.37929336599695));
#2238=CARTESIAN_POINT('',(0.852883769460099,-1.72084568816899E-15,-2.57535331700153));
#2239=CARTESIAN_POINT('',(0.902883769460099,0.985535581060257,-2.37929336599695));
#2240=CARTESIAN_POINT('',(0.952883769460099,1.82104979440305,-1.82104979440305));
#2241=CARTESIAN_POINT('',(1.0028837694601,2.37929336599694,-0.985535581060273));
#2242=CARTESIAN_POINT('',(1.0528837694601,2.57535331700153,5.88418203051333E-15));
#2243=CARTESIAN_POINT('',(1.1028837694601,2.37929336599694,0.985535581060265));
#2244=CARTESIAN_POINT('',(1.1528837694601,1.82104979440305,1.82104979440304));
#2245=CARTESIAN_POINT('',(1.2028837694601,0.985535581060261,2.37929336599695));
#2246=CARTESIAN_POINT('',(1.2528837694601,2.1094237467878E-15,2.57535331700153));
#2247=CARTESIAN_POINT('',(1.3028837694601,-0.985535581060257,2.37929336599695));
#2248=CARTESIAN_POINT('',(1.3528837694601,-1.82104979440305,1.82104979440305));
#2249=CARTESIAN_POINT('',(1.4028837694601,-2.37929336599694,0.985535581060269));
#2250=CARTESIAN_POINT('',(1.4528837694601,-2.57535331700153,1.0325074129014E-14));
#2251=CARTESIAN_POINT('',(1.5028837694601,-2.37929336599694,-0.985535581060269));
#2252=CARTESIAN_POINT('',(1.5528837694601,-1.82104979440305,-1.82104979440304));
#2253=CARTESIAN_POINT('',(1.6028837694601,-0.985535581060261,-2.37929336599695));
#2254=CARTESIAN_POINT('',(1.6528837694601,-2.33146835171283E-15,-2.57535331700153));
#2255=CARTESIAN_POINT('',(1.7028837694601,0.985535581060257,-2.37929336599695));
#2256=CARTESIAN_POINT('',(1.7528837694601,1.82104979440305,-1.82104979440305));
#2257=CARTESIAN_POINT('',(1.8028837694601,2.37929336599694,-0.985535581060274));
#2258=CARTESIAN_POINT('',(1.8528837694601,2.57535331700153,5.05151476204446E-15));
#2259=CARTESIAN_POINT('',(1.9028837694601,2.37929336599694,0.985535581060265));
#2260=CARTESIAN_POINT('',(1.9528837694601,1.82104979440306,1.82104979440304));
#2261=CARTESIAN_POINT('',(2.0028837694601,0.985535581060262,2.37929336599695));
#2262=CARTESIAN_POINT('',(2.0528837694601,2.72004641033163E-15,2.57535331700153));
#2263=CARTESIAN_POINT('',(2.1028837694601,-0.985535581060256,2.37929336599695));
#2264=CARTESIAN_POINT('',(2.1528837694601,-1.82104979440305,1.82104979440305));
#2265=CARTESIAN_POINT('',(2.2028837694601,-2.37929336599694,0.985535581060269));
#2266=CARTESIAN_POINT('',(2.2528837694601,-2.57535331700153,1.08246744900953E-14));
#2267=CARTESIAN_POINT('',(2.3028837694601,-2.37929336599694,-0.985535581060269));
#2268=CARTESIAN_POINT('',(2.3528837694601,-1.82104979440306,-1.82104979440304));
#2269=CARTESIAN_POINT('',(2.4028837694601,-0.985535581060262,-2.37929336599695));
#2270=CARTESIAN_POINT('',(2.4528837694601,-3.99680288865056E-15,-2.57535331700153));
#2271=CARTESIAN_POINT('',(2.5028837694601,0.98553558106026,-2.37929336599694));
#2272=CARTESIAN_POINT('',(2.5528837694601,1.82104979440304,-1.82104979440306));
#2273=CARTESIAN_POINT('',(2.6028837694601,2.37929336599695,-0.985535581060254));
#2274=CARTESIAN_POINT('',(2.6528837694601,2.57535331700153,-4.44089209850063E-16));
#2275=CARTESIAN_POINT('',(2.7028837694601,2.37929336599694,0.985535581060264));
#2276=CARTESIAN_POINT('',(2.7528837694601,1.82104979440305,1.82104979440305));
#2277=CARTESIAN_POINT('',(2.8028837694601,0.985535581060274,2.37929336599694));
#2278=CARTESIAN_POINT('',(2.8528837694601,1.9151347174784E-14,2.57535331700153));
#2279=CARTESIAN_POINT('',(2.9028837694601,-0.985535581060277,2.37929336599694));
#2280=CARTESIAN_POINT('',(2.9528837694601,-1.82104979440305,1.82104979440305));
#2281=CARTESIAN_POINT('',(3.0028837694601,-2.37929336599694,0.98553558106027));
#2282=CARTESIAN_POINT('',(3.0528837694601,-2.57535331700153,6.38378239159465E-15));
#2283=CARTESIAN_POINT('',(3.1028837694601,-2.37929336599695,-0.985535581060248));
#2284=CARTESIAN_POINT('',(3.1528837694601,-1.82104979440304,-1.82104979440306));
#2285=CARTESIAN_POINT('',(3.2028837694601,-0.985535581060266,-2.37929336599694));
#2286=CARTESIAN_POINT('',(3.2528837694601,-3.71924713249427E-15,-2.57535331700153));
#2287=CARTESIAN_POINT('',(3.3028837694601,0.985535581060259,-2.37929336599695));
#2288=CARTESIAN_POINT('',(3.3528837694601,1.82104979440304,-1.82104979440306));
#2289=CARTESIAN_POINT('',(3.4028837694601,2.37929336599695,-0.985535581060255));
#2290=CARTESIAN_POINT('',(3.4528837694601,2.57535331700153,-9.99200722162641E-16));
#2291=CARTESIAN_POINT('',(3.5028837694601,2.37929336599694,0.985535581060263));
#2292=CARTESIAN_POINT('',(3.5528837694601,1.82104979440305,1.82104979440304));
#2293=CARTESIAN_POINT('',(3.6028837694601,0.985535581060284,2.37929336599694));
#2294=CARTESIAN_POINT('',(3.6528837694601,-1.16573417585641E-14,2.57535331700153));
#2295=CARTESIAN_POINT('',(3.7028837694601,-0.985535581060267,2.37929336599694));
#2296=CARTESIAN_POINT('',(3.7528837694601,-1.82104979440305,1.82104979440305));
#2297=CARTESIAN_POINT('',(3.8028837694601,-2.37929336599694,0.985535581060271));
#2298=CARTESIAN_POINT('',(3.8528837694601,-2.57535331700153,6.88338275267597E-15));
#2299=CARTESIAN_POINT('',(3.9028837694601,-2.37929336599695,-0.985535581060247));
#2300=CARTESIAN_POINT('',(3.9528837694601,-1.82104979440304,-1.82104979440306));
#2301=CARTESIAN_POINT('',(4.0028837694601,-0.985535581060267,-2.37929336599694));
#2302=CARTESIAN_POINT('',(4.0528837694601,-4.49640324973188E-15,-2.57535331700153));
#2303=CARTESIAN_POINT('',(4.1028837694601,0.985535581060259,-2.37929336599695));
#2304=CARTESIAN_POINT('',(4.1528837694601,1.82104979440304,-1.82104979440306));
#2305=CARTESIAN_POINT('',(4.2028837694601,2.37929336599695,-0.985535581060255));
#2306=CARTESIAN_POINT('',(4.2528837694601,2.57535331700153,-1.72084568816899E-15));
#2307=CARTESIAN_POINT('',(4.3028837694601,2.37929336599694,0.985535581060263));
#2308=CARTESIAN_POINT('',(4.3528837694601,1.82104979440305,1.82104979440304));
#2309=CARTESIAN_POINT('',(4.4028837694601,0.985535581060276,2.37929336599694));
#2310=CARTESIAN_POINT('',(4.4528837694601,2.02615701994091E-14,2.57535331700153));
#2311=CARTESIAN_POINT('',(4.5028837694601,-0.985535581060276,2.37929336599694));
#2312=CARTESIAN_POINT('',(4.5528837694601,-1.82104979440304,1.82104979440305));
#2313=CARTESIAN_POINT('',(4.6028837694601,-2.37929336599694,0.985535581060272));
#2314=CARTESIAN_POINT('',(4.6528837694601,-2.57535331700153,7.54951656745106E-15));
#2315=CARTESIAN_POINT('',(4.7028837694601,-2.37929336599695,-0.985535581060247));
#2316=CARTESIAN_POINT('',(4.7528837694601,-1.82104979440304,-1.82104979440306));
#2317=CARTESIAN_POINT('',(4.79753463475773,-1.0749211425186,-2.31957096477316));
#2318=CARTESIAN_POINT('',(4.82551883338869,-0.536839487505147,-2.46183200792889));
#2319=CARTESIAN_POINT('',(4.83683636535298,-0.315504970504118,-2.48996927046854));
#2320=CARTESIAN_POINT('',(-1.23432566862629,0.,-1.9682308546376));
#2321=CARTESIAN_POINT('',(-1.21765900195962,0.25764081639576,-1.9682308546376));
#2322=CARTESIAN_POINT('',(-1.18432566862629,0.772813362145822,-1.86573650007559));
#2323=CARTESIAN_POINT('',(-1.13432566862629,1.42798661082691,-1.42798661082691));
#2324=CARTESIAN_POINT('',(-1.08432566862629,1.86573650007559,-0.772813362145822));
#2325=CARTESIAN_POINT('',(-1.03432566862629,2.01947803191861,1.11022302462516E-16));
#2326=CARTESIAN_POINT('',(-0.984325668626287,1.86573650007559,0.772813362145821));
#2327=CARTESIAN_POINT('',(-0.934325668626287,1.42798661082691,1.42798661082691));
#2328=CARTESIAN_POINT('',(-0.884325668626287,0.772813362145822,1.86573650007559));
#2329=CARTESIAN_POINT('',(-0.834325668626287,2.77555756156289E-16,2.01947803191861));
#2330=CARTESIAN_POINT('',(-0.784325668626287,-0.772813362145822,1.86573650007559));
#2331=CARTESIAN_POINT('',(-0.734325668626287,-1.42798661082691,1.42798661082691));
#2332=CARTESIAN_POINT('',(-0.684325668626287,-1.86573650007559,0.772813362145824));
#2333=CARTESIAN_POINT('',(-0.634325668626287,-2.01947803191861,2.22044604925031E-16));
#2334=CARTESIAN_POINT('',(-0.584325668626288,-1.86573650007559,-0.772813362145823));
#2335=CARTESIAN_POINT('',(-0.534325668626287,-1.42798661082691,-1.42798661082691));
#2336=CARTESIAN_POINT('',(-0.484325668626287,-0.772813362145824,-1.86573650007559));
#2337=CARTESIAN_POINT('',(-0.434325668626287,-4.99600361081321E-16,-2.01947803191861));
#2338=CARTESIAN_POINT('',(-0.384325668626287,0.772813362145823,-1.86573650007559));
#2339=CARTESIAN_POINT('',(-0.334325668626287,1.42798661082691,-1.42798661082691));
#2340=CARTESIAN_POINT('',(-0.284325668626287,1.86573650007559,-0.772813362145824));
#2341=CARTESIAN_POINT('',(-0.234325668626288,2.01947803191861,-9.99200722162641E-16));
#2342=CARTESIAN_POINT('',(-0.184325668626287,1.86573650007559,0.772813362145824));
#2343=CARTESIAN_POINT('',(-0.134325668626287,1.42798661082691,1.42798661082691));
#2344=CARTESIAN_POINT('',(-0.0843256686262872,0.772813362145824,1.86573650007559));
#2345=CARTESIAN_POINT('',(-0.0343256686262872,8.88178419700125E-16,2.01947803191861));
#2346=CARTESIAN_POINT('',(0.0156743313737127,-0.772813362145822,1.86573650007559));
#2347=CARTESIAN_POINT('',(0.0656743313737129,-1.42798661082691,1.42798661082691));
#2348=CARTESIAN_POINT('',(0.115674331373713,-1.86573650007559,0.772813362145825));
#2349=CARTESIAN_POINT('',(0.165674331373713,-2.01947803191861,6.66133814775094E-16));
#2350=CARTESIAN_POINT('',(0.215674331373713,-1.86573650007559,-0.772813362145824));
#2351=CARTESIAN_POINT('',(0.265674331373713,-1.42798661082691,-1.42798661082691));
#2352=CARTESIAN_POINT('',(0.315674331373713,-0.772813362145824,-1.86573650007559));
#2353=CARTESIAN_POINT('',(0.365674331373713,-1.16573417585641E-15,-2.01947803191861));
#2354=CARTESIAN_POINT('',(0.415674331373713,0.772813362145822,-1.86573650007559));
#2355=CARTESIAN_POINT('',(0.465674331373713,1.42798661082691,-1.42798661082691));
#2356=CARTESIAN_POINT('',(0.515674331373713,1.86573650007559,-0.772813362145826));
#2357=CARTESIAN_POINT('',(0.565674331373713,2.01947803191861,-9.99200722162641E-16));
#2358=CARTESIAN_POINT('',(0.615674331373713,1.86573650007559,0.772813362145823));
#2359=CARTESIAN_POINT('',(0.665674331373713,1.42798661082691,1.42798661082691));
#2360=CARTESIAN_POINT('',(0.715674331373713,0.772813362145824,1.86573650007559));
#2361=CARTESIAN_POINT('',(0.765674331373712,-4.44089209850063E-16,2.01947803191861));
#2362=CARTESIAN_POINT('',(0.815674331373713,-0.772813362145815,1.8657365000756));
#2363=CARTESIAN_POINT('',(0.865674331373713,-1.42798661082691,1.42798661082691));
#2364=CARTESIAN_POINT('',(0.915674331373712,-1.86573650007559,0.772813362145824));
#2365=CARTESIAN_POINT('',(0.965674331373713,-2.01947803191861,7.54951656745106E-15));
#2366=CARTESIAN_POINT('',(1.01567433137371,-1.86573650007559,-0.772813362145825));
#2367=CARTESIAN_POINT('',(1.06567433137371,-1.42798661082691,-1.4279866108269));
#2368=CARTESIAN_POINT('',(1.11567433137371,-0.772813362145818,-1.8657365000756));
#2369=CARTESIAN_POINT('',(1.16567433137371,-1.72084568816899E-15,-2.0194780319186));
#2370=CARTESIAN_POINT('',(1.21567433137371,0.772813362145815,-1.8657365000756));
#2371=CARTESIAN_POINT('',(1.26567433137371,1.42798661082691,-1.42798661082691));
#2372=CARTESIAN_POINT('',(1.31567433137371,1.86573650007559,-0.772813362145828));
#2373=CARTESIAN_POINT('',(1.36567433137371,2.01947803191861,4.55191440096314E-15));
#2374=CARTESIAN_POINT('',(1.41567433137371,1.86573650007559,0.772813362145821));
#2375=CARTESIAN_POINT('',(1.46567433137371,1.42798661082691,1.42798661082691));
#2376=CARTESIAN_POINT('',(1.51567433137371,0.772813362145818,1.8657365000756));
#2377=CARTESIAN_POINT('',(1.56567433137371,2.1094237467878E-15,2.0194780319186));
#2378=CARTESIAN_POINT('',(1.61567433137371,-0.772813362145815,1.8657365000756));
#2379=CARTESIAN_POINT('',(1.66567433137371,-1.42798661082691,1.42798661082691));
#2380=CARTESIAN_POINT('',(1.71567433137371,-1.86573650007559,0.772813362145824));
#2381=CARTESIAN_POINT('',(1.76567433137371,-2.01947803191861,8.21565038222616E-15));
#2382=CARTESIAN_POINT('',(1.81567433137371,-1.86573650007559,-0.772813362145824));
#2383=CARTESIAN_POINT('',(1.86567433137371,-1.42798661082691,-1.4279866108269));
#2384=CARTESIAN_POINT('',(1.91567433137371,-0.772813362145818,-1.8657365000756));
#2385=CARTESIAN_POINT('',(1.96567433137371,-2.33146835171283E-15,-2.0194780319186));
#2386=CARTESIAN_POINT('',(2.01567433137371,0.772813362145815,-1.8657365000756));
#2387=CARTESIAN_POINT('',(2.06567433137371,1.42798661082691,-1.42798661082691));
#2388=CARTESIAN_POINT('',(2.11567433137371,1.86573650007559,-0.772813362145828));
#2389=CARTESIAN_POINT('',(2.16567433137371,2.01947803191861,3.99680288865056E-15));
#2390=CARTESIAN_POINT('',(2.21567433137371,1.86573650007559,0.772813362145821));
#2391=CARTESIAN_POINT('',(2.26567433137371,1.42798661082691,1.42798661082691));
#2392=CARTESIAN_POINT('',(2.31567433137371,0.772813362145819,1.86573650007559));
#2393=CARTESIAN_POINT('',(2.36567433137371,2.72004641033163E-15,2.0194780319186));
#2394=CARTESIAN_POINT('',(2.41567433137371,-0.772813362145814,1.8657365000756));
#2395=CARTESIAN_POINT('',(2.46567433137371,-1.42798661082691,1.42798661082691));
#2396=CARTESIAN_POINT('',(2.51567433137371,-1.86573650007559,0.772813362145825));
#2397=CARTESIAN_POINT('',(2.56567433137371,-2.01947803191861,8.43769498715119E-15));
#2398=CARTESIAN_POINT('',(2.61567433137371,-1.86573650007559,-0.772813362145824));
#2399=CARTESIAN_POINT('',(2.66567433137371,-1.42798661082692,-1.4279866108269));
#2400=CARTESIAN_POINT('',(2.71567433137371,-0.772813362145819,-1.86573650007559));
#2401=CARTESIAN_POINT('',(2.76567433137371,-3.99680288865056E-15,-2.01947803191861));
#2402=CARTESIAN_POINT('',(2.81567433137371,0.772813362145817,-1.86573650007559));
#2403=CARTESIAN_POINT('',(2.86567433137371,1.4279866108269,-1.42798661082692));
#2404=CARTESIAN_POINT('',(2.91567433137371,1.8657365000756,-0.772813362145813));
#2405=CARTESIAN_POINT('',(2.96567433137371,2.01947803191861,-4.44089209850063E-16));
#2406=CARTESIAN_POINT('',(3.01567433137371,1.86573650007559,0.77281336214582));
#2407=CARTESIAN_POINT('',(3.06567433137371,1.42798661082691,1.42798661082691));
#2408=CARTESIAN_POINT('',(3.11567433137371,0.772813362145829,1.86573650007559));
#2409=CARTESIAN_POINT('',(3.16567433137371,1.9151347174784E-14,2.01947803191861));
#2410=CARTESIAN_POINT('',(3.21567433137371,-0.772813362145831,1.86573650007559));
#2411=CARTESIAN_POINT('',(3.26567433137371,-1.42798661082691,1.42798661082691));
#2412=CARTESIAN_POINT('',(3.31567433137371,-1.86573650007559,0.772813362145825));
#2413=CARTESIAN_POINT('',(3.36567433137371,-2.0194780319186,4.88498130835069E-15));
#2414=CARTESIAN_POINT('',(3.41567433137371,-1.8657365000756,-0.772813362145807));
#2415=CARTESIAN_POINT('',(3.46567433137371,-1.42798661082691,-1.42798661082691));
#2416=CARTESIAN_POINT('',(3.51567433137371,-0.772813362145822,-1.86573650007559));
#2417=CARTESIAN_POINT('',(3.56567433137371,-3.71924713249427E-15,-2.01947803191861));
#2418=CARTESIAN_POINT('',(3.61567433137371,0.772813362145817,-1.86573650007559));
#2419=CARTESIAN_POINT('',(3.66567433137371,1.4279866108269,-1.42798661082692));
#2420=CARTESIAN_POINT('',(3.71567433137371,1.8657365000756,-0.772813362145814));
#2421=CARTESIAN_POINT('',(3.76567433137371,2.01947803191861,-6.66133814775094E-16));
#2422=CARTESIAN_POINT('',(3.81567433137371,1.86573650007559,0.77281336214582));
#2423=CARTESIAN_POINT('',(3.86567433137371,1.42798661082691,1.42798661082691));
#2424=CARTESIAN_POINT('',(3.91567433137371,0.772813362145836,1.86573650007559));
#2425=CARTESIAN_POINT('',(3.96567433137371,-1.16573417585641E-14,2.01947803191861));
#2426=CARTESIAN_POINT('',(4.01567433137371,-0.772813362145823,1.86573650007559));
#2427=CARTESIAN_POINT('',(4.06567433137371,-1.42798661082691,1.42798661082691));
#2428=CARTESIAN_POINT('',(4.11567433137371,-1.86573650007559,0.772813362145826));
#2429=CARTESIAN_POINT('',(4.16567433137371,-2.01947803191861,5.44009282066327E-15));
#2430=CARTESIAN_POINT('',(4.21567433137371,-1.8657365000756,-0.772813362145807));
#2431=CARTESIAN_POINT('',(4.26567433137371,-1.42798661082691,-1.42798661082692));
#2432=CARTESIAN_POINT('',(4.31567433137371,-0.772813362145822,-1.86573650007559));
#2433=CARTESIAN_POINT('',(4.36567433137371,-4.49640324973188E-15,-2.01947803191861));
#2434=CARTESIAN_POINT('',(4.41567433137371,0.772813362145817,-1.8657365000756));
#2435=CARTESIAN_POINT('',(4.46567433137371,1.4279866108269,-1.42798661082692));
#2436=CARTESIAN_POINT('',(4.51567433137371,1.8657365000756,-0.772813362145813));
#2437=CARTESIAN_POINT('',(4.56567433137371,2.0194780319186,-1.33226762955019E-15));
#2438=CARTESIAN_POINT('',(4.61567433137371,1.86573650007559,0.772813362145819));
#2439=CARTESIAN_POINT('',(4.66567433137371,1.42798661082691,1.42798661082691));
#2440=CARTESIAN_POINT('',(4.71567433137371,0.77281336214583,1.86573650007559));
#2441=CARTESIAN_POINT('',(4.76567433137371,2.02615701994091E-14,2.01947803191861));
#2442=CARTESIAN_POINT('',(4.81567433137371,-0.77281336214583,1.86573650007559));
#2443=CARTESIAN_POINT('',(4.86567433137371,-1.42798661082691,1.42798661082691));
#2444=CARTESIAN_POINT('',(4.91567433137371,-1.86573650007559,0.772813362145826));
#2445=CARTESIAN_POINT('',(4.96567433137371,-2.0194780319186,6.10622663543836E-15));
#2446=CARTESIAN_POINT('',(5.01567433137371,-1.8657365000756,-0.772813362145807));
#2447=CARTESIAN_POINT('',(5.06567433137371,-1.42798661082691,-1.42798661082692));
#2448=CARTESIAN_POINT('',(5.11032519667134,-0.842905561357537,-1.8189048376048));
#2449=CARTESIAN_POINT('',(5.1383093953023,-0.420965754300984,-1.9304596481833));
#2450=CARTESIAN_POINT('',(5.1496269272666,-0.247405026987145,-1.95252364352018));
#2451=CARTESIAN_POINT('',(5.,0.,0.));
#2452=CARTESIAN_POINT('',(5.,0.,-2.));
#2453=CARTESIAN_POINT('',(5.,0.,2.));
#2454=CARTESIAN_POINT('',(4.5,0.,0.));
#2455=CARTESIAN_POINT('',(4.5,-0.798236532700534,2.36913875445535));
#2456=CARTESIAN_POINT('',(4.5,-2.36913875445535,0.798236532700525));
#2457=CARTESIAN_POINT('',(4.5,-2.36913875445535,0.798236532700525));
#2458=CARTESIAN_POINT('',(4.50777854037082,-2.43826819082762,0.568701087748667));
#2459=CARTESIAN_POINT('',(4.51533771430709,-2.47344412684706,0.33493284810362));
#2460=CARTESIAN_POINT('',(4.52691479196286,-2.47584473338492,-0.0219795186321399));
#2461=CARTESIAN_POINT('',(4.5308621956038,-2.46788479285264,-0.14217336439644));
#2462=CARTESIAN_POINT('',(4.538660287863,-2.43519207815096,-0.37690826508861));
#2463=CARTESIAN_POINT('',(4.54253326100685,-2.41052697771289,-0.492449244251609));
#2464=CARTESIAN_POINT('',(4.55417013300881,-2.31154465789755,-0.833582757477171));
#2465=CARTESIAN_POINT('',(4.56209428433058,-2.21099035130573,-1.05389445559019));
#2466=CARTESIAN_POINT('',(4.5778339768974,-1.95406864504467,-1.45061764518535));
#2467=CARTESIAN_POINT('',(4.58574170880598,-1.79386924298291,-1.63294220845682));
#2468=CARTESIAN_POINT('',(4.59768868947481,-1.52289555474249,-1.86167794399113));
#2469=CARTESIAN_POINT('',(4.60167964509693,-1.4271741821324,-1.93112756213603));
#2470=CARTESIAN_POINT('',(4.60969604427533,-1.22471446757357,-2.05615338832328));
#2471=CARTESIAN_POINT('',(4.61372602053143,-1.11775560699692,-2.1116220761075));
#2472=CARTESIAN_POINT('',(4.62171655764091,-0.89982547952459,-2.20466961760409));
#2473=CARTESIAN_POINT('',(4.62573900320715,-0.787994104490726,-2.24281196325761));
#2474=CARTESIAN_POINT('',(4.63384568695408,-0.558594703916005,-2.30232124610243));
#2475=CARTESIAN_POINT('',(4.63795247021968,-0.439986549036146,-2.32374978826231));
#2476=CARTESIAN_POINT('',(4.6501112525187,-0.0850186476805104,-2.36035586097694));
#2477=CARTESIAN_POINT('',(4.65821861092597,0.1525367865727,-2.34899768193126));
#2478=CARTESIAN_POINT('',(4.67478745156019,0.621161310217109,-2.25341730020744));
#2479=CARTESIAN_POINT('',(4.68281548311705,0.842936928796359,-2.17162560184872));
#2480=CARTESIAN_POINT('',(4.69961946678784,1.26091576681984,-1.93881364803788));
#2481=CARTESIAN_POINT('',(4.70780354234604,1.44836074849342,-1.7925096148621));
#2482=CARTESIAN_POINT('',(4.72042296201364,1.69254578825542,-1.53164257284151));
#2483=CARTESIAN_POINT('',(4.72471542850614,1.76764703678832,-1.43748222788179));
#2484=CARTESIAN_POINT('',(4.73315312411303,1.90045401326176,-1.24132212703242));
#2485=CARTESIAN_POINT('',(4.73733627655414,1.95893380912838,-1.13855691014522));
#2486=CARTESIAN_POINT('',(4.74577733841327,2.05978980647422,-0.923510769803909));
#2487=CARTESIAN_POINT('',(4.75008918513477,2.10222553191738,-0.810440499446175));
#2488=CARTESIAN_POINT('',(4.75865890564862,2.16763581746104,-0.582264698765639));
#2489=CARTESIAN_POINT('',(4.76292019072823,2.19112780031633,-0.466386395316959));
#2490=CARTESIAN_POINT('',(4.77146059782487,2.21969226441952,-0.231052704653351));
#2491=CARTESIAN_POINT('',(4.7757792765521,2.22465329908825,-0.110487488547272));
#2492=CARTESIAN_POINT('',(4.78443005738345,2.21510578355117,0.127234028304699));
#2493=CARTESIAN_POINT('',(4.7887655820691,2.20084008684592,0.244657138564083));
#2494=CARTESIAN_POINT('',(4.80177468379508,2.13000248957989,0.592680474026422));
#2495=CARTESIAN_POINT('',(4.81050696218777,2.04398388100862,0.819707207724695));
#2496=CARTESIAN_POINT('',(4.82809557363783,1.80632185707705,1.22893467502872));
#2497=CARTESIAN_POINT('',(4.83692620696077,1.65172326706678,1.41653666345738));
#2498=CARTESIAN_POINT('',(4.85470112855213,1.29463231305261,1.72687928286582));
#2499=CARTESIAN_POINT('',(4.86373926654105,1.08723215404806,1.85402562189569));
#2500=CARTESIAN_POINT('',(4.88162999972885,0.648297616135886,2.03053601324488));
#2501=CARTESIAN_POINT('',(4.890850735449,0.411067915040766,2.08248547133663));
#2502=CARTESIAN_POINT('',(4.9,0.171931651362659,2.09294995335763));
#2503=CARTESIAN_POINT('',(4.9,0.171931651362659,2.09294995335763));
#2504=CARTESIAN_POINT('',(4.9,0.,0.));
#2505=CARTESIAN_POINT('',(4.9,-2.09294995335764,-0.171931651362609));
#2506=CARTESIAN_POINT('',(4.9,-2.09294995335763,-0.171931651362609));
#2507=CARTESIAN_POINT('',(4.88175233238677,-2.1216011911879,-0.046035664665812));
#2508=CARTESIAN_POINT('',(4.863851379046,-2.1383749500044,0.0808768023302666));
#2509=CARTESIAN_POINT('',(4.82822955173661,-2.1492703921368,0.336572747845264));
#2510=CARTESIAN_POINT('',(4.81047377152405,-2.14301331934518,0.466548655432228));
#2511=CARTESIAN_POINT('',(4.77592472639174,-2.10792615172772,0.720629440926701));
#2512=CARTESIAN_POINT('',(4.75901009619228,-2.0794072564574,0.845109867540633));
#2513=CARTESIAN_POINT('',(4.72499191963509,-2.00142659586461,1.08906511492451));
#2514=CARTESIAN_POINT('',(4.70791942306023,-1.95126373192902,1.20927007179264));
#2515=CARTESIAN_POINT('',(4.67482719393807,-1.83283442146166,1.4364113089382));
#2516=CARTESIAN_POINT('',(4.65867656523493,-1.76442085080022,1.54427507064631));
#2517=CARTESIAN_POINT('',(4.62622464493368,-1.61000996490807,1.74895636183271));
#2518=CARTESIAN_POINT('',(4.60978709551116,-1.52342791285449,1.84619281271292));
#2519=CARTESIAN_POINT('',(4.56190246027311,-1.24544465026273,2.11134041564177));
#2520=CARTESIAN_POINT('',(4.5311349825966,-1.03180136202886,2.25758875109723));
#2521=CARTESIAN_POINT('',(4.5,-0.798236532700532,2.36913875445534));
#2522=CARTESIAN_POINT('',(4.5,0.,0.));
#2523=CARTESIAN_POINT('',(-4.59242549680257E-16,0.,0.));
#2524=CARTESIAN_POINT('',(-2.42213749847623E-16,-1.11079561358387,-2.2396725441106));
#2525=CARTESIAN_POINT('',(-3.25434736915358E-16,1.11079561358387,-2.2396725441106));
#2526=CARTESIAN_POINT('',(4.19104367688006E-15,1.11079561358387,-2.2396725441106));
#2527=CARTESIAN_POINT('',(0.0118957590985103,1.31889991125831,-2.13646042873572));
#2528=CARTESIAN_POINT('',(0.0234247185682377,1.5080554326049,-2.00719037507182));
#2529=CARTESIAN_POINT('',(0.0409343151935971,1.76405425011911,-1.77521088889018));
#2530=CARTESIAN_POINT('',(0.0468933771238601,1.84495244195505,-1.69096782130551));
#2531=CARTESIAN_POINT('',(0.0586738629133587,1.99238421768937,-1.51447245431171));
#2532=CARTESIAN_POINT('',(0.064515591753141,2.05957390573454,-1.42172168192972));
#2533=CARTESIAN_POINT('',(0.0819887362038168,2.24174893178626,-1.13009317449575));
#2534=CARTESIAN_POINT('',(0.0937810559497143,2.33753119030835,-0.915642354395056));
#2535=CARTESIAN_POINT('',(0.117228536745227,2.46499097884066,-0.475681049717826));
#2536=CARTESIAN_POINT('',(0.128931790329652,2.49865907846475,-0.243844401160924));
#2537=CARTESIAN_POINT('',(0.152311876115556,2.50126073507687,0.215527301135091));
#2538=CARTESIAN_POINT('',(0.164116652735469,2.47094507645371,0.44486184126685));
#2539=CARTESIAN_POINT('',(0.187558706521667,2.34742604819795,0.890540609353614));
#2540=CARTESIAN_POINT('',(0.199148180095122,2.25650883915393,1.10072311381552));
#2541=CARTESIAN_POINT('',(0.22275907197739,2.01645183690566,1.49577588692536));
#2542=CARTESIAN_POINT('',(0.234279987561143,1.86996692588766,1.67509845862642));
#2543=CARTESIAN_POINT('',(0.25776916817329,1.53352588454162,1.9877196762741));
#2544=CARTESIAN_POINT('',(0.26964026317296,1.34147096742752,2.12200537558986));
#2545=CARTESIAN_POINT('',(0.292837906086065,0.933589156319191,2.33042109020804));
#2546=CARTESIAN_POINT('',(0.304808670702271,0.711762888484013,2.4074794041404));
#2547=CARTESIAN_POINT('',(0.328154687065557,0.262008293321663,2.49678095655466));
#2548=CARTESIAN_POINT('',(0.339791623137515,0.0293816964481785,2.51042105917474));
#2549=CARTESIAN_POINT('',(0.363395611378086,-0.429907281064649,2.47351104871634));
#2550=CARTESIAN_POINT('',(0.374902771090947,-0.653624153957957,2.4241867496266));
#2551=CARTESIAN_POINT('',(0.398459323754739,-1.08886663455135,2.26236057777341));
#2552=CARTESIAN_POINT('',(0.41018395112304,-1.29069244750695,2.15339783486524));
#2553=CARTESIAN_POINT('',(0.427714089500019,-1.56938381029139,1.94943242081092));
#2554=CARTESIAN_POINT('',(0.433596347214057,-1.65863827566007,1.87407283408042));
#2555=CARTESIAN_POINT('',(0.445290349789964,-1.82371362822669,1.71385487108537));
#2556=CARTESIAN_POINT('',(0.451161126367776,-1.90020597531062,1.62860383233776));
#2557=CARTESIAN_POINT('',(0.468756433167209,-2.11174855571846,1.35759007165887));
#2558=CARTESIAN_POINT('',(0.480475049541675,-2.22937793925508,1.15426765444533));
#2559=CARTESIAN_POINT('',(0.503828713456229,-2.40200387432244,0.729956986319014));
#2560=CARTESIAN_POINT('',(0.515750270433891,-2.4596306854684,0.502992344557432));
#2561=CARTESIAN_POINT('',(0.539025143381006,-2.51010814963098,0.0462761789399492));
#2562=CARTESIAN_POINT('',(0.550751406518126,-2.50387290096496,-0.184762897140949));
#2563=CARTESIAN_POINT('',(0.574369536537377,-2.42745346297807,-0.641082301598161));
#2564=CARTESIAN_POINT('',(0.585768684397319,-2.35891194421916,-0.859600139989534));
#2565=CARTESIAN_POINT('',(0.609416283469777,-2.16142675952115,-1.27734581240781));
#2566=CARTESIAN_POINT('',(0.621121365875678,-2.03433302068821,-1.47112173357308));
#2567=CARTESIAN_POINT('',(0.644376442122775,-1.73236635177215,-1.8170351722796));
#2568=CARTESIAN_POINT('',(0.656345554293652,-1.55529880022763,-1.97065771262822));
#2569=CARTESIAN_POINT('',(0.679651617291573,-1.17137589610101,-2.22043344605601));
#2570=CARTESIAN_POINT('',(0.691403294199656,-0.958813267945194,-2.32018431266111));
#2571=CARTESIAN_POINT('',(0.714889364208073,-0.520753270697688,-2.45588968778406));
#2572=CARTESIAN_POINT('',(0.726558643692295,-0.290969280941488,-2.49368269128498));
#2573=CARTESIAN_POINT('',(0.749966061816525,0.169835716487622,-2.50484975930116));
#2574=CARTESIAN_POINT('',(0.761675804277298,0.397444794648351,-2.47909012074228));
#2575=CARTESIAN_POINT('',(0.78522293492397,0.846954078996134,-2.36358181149434));
#2576=CARTESIAN_POINT('',(0.796801386304578,1.05928536802084,-2.27615643129828));
#2577=CARTESIAN_POINT('',(0.814454882643295,1.35761737218264,-2.1024077788119));
#2578=CARTESIAN_POINT('',(0.820383512659421,1.4542462186223,-2.03676361536221));
#2579=CARTESIAN_POINT('',(0.83204310311162,1.63517748698103,-1.89457981497508));
#2580=CARTESIAN_POINT('',(0.8378153441708,1.720146878461,-1.81775267185169));
#2581=CARTESIAN_POINT('',(0.855367064313738,1.95875234916955,-1.57028961425432));
#2582=CARTESIAN_POINT('',(0.867306734383687,2.09693963758213,-1.38033054567283));
#2583=CARTESIAN_POINT('',(0.890510677256267,2.31286196993897,-0.976287748048976));
#2584=CARTESIAN_POINT('',(0.902410878443062,2.39380031369906,-0.756656834020043));
#2585=CARTESIAN_POINT('',(0.925844239714861,2.49162652062101,-0.307582164751091));
#2586=CARTESIAN_POINT('',(0.937347455599885,2.50949799569449,-0.0773570561818189));
#2587=CARTESIAN_POINT('',(0.96105204635207,2.48105034656443,0.384647218043162));
#2588=CARTESIAN_POINT('',(0.972595870403839,2.43563556033008,0.609110996623913));
#2589=CARTESIAN_POINT('',(0.996002005361364,2.28283053450976,1.04499834433481));
#2590=CARTESIAN_POINT('',(1.00785123830839,2.17654617109059,1.25113269677874));
#2591=CARTESIAN_POINT('',(1.03118293448009,1.91233484357307,1.62654901736601));
#2592=CARTESIAN_POINT('',(1.04294150061357,1.75218789934628,1.79785408368106));
#2593=CARTESIAN_POINT('',(1.06639697918207,1.39639991657931,2.08626676477421));
#2594=CARTESIAN_POINT('',(1.07814349190716,1.19542945369784,2.20761085714388));
#2595=CARTESIAN_POINT('',(1.10146872569665,0.773820631096368,2.38826273810849));
#2596=CARTESIAN_POINT('',(1.11334806063628,0.549392341606469,2.44975977186212));
#2597=CARTESIAN_POINT('',(1.13672105401834,0.0920962039285881,2.50891872607937));
#2598=CARTESIAN_POINT('',(1.14829909523103,-0.136949261333505,2.50699790310489));
#2599=CARTESIAN_POINT('',(1.17200810801492,-0.595809755639989,2.43901708100545));
#2600=CARTESIAN_POINT('',(1.18344820594378,-0.816346322757678,2.37413558478467));
#2601=CARTESIAN_POINT('',(1.20108930026873,-1.13106602239461,2.23247058802342));
#2602=CARTESIAN_POINT('',(1.20707261583372,-1.234009372597,2.17726128485359));
#2603=CARTESIAN_POINT('',(1.21881658088712,-1.42883167951434,2.05467415075865));
#2604=CARTESIAN_POINT('',(1.22461104438278,-1.52135141548374,1.98711284157528));
#2605=CARTESIAN_POINT('',(1.24201539508707,-1.78442210693249,1.76588449296142));
#2606=CARTESIAN_POINT('',(1.25398309722796,-1.94166472135206,1.59135554025271));
#2607=CARTESIAN_POINT('',(1.27732802387008,-2.19853306400401,1.21199286801422));
#2608=CARTESIAN_POINT('',(1.28900673456864,-2.30188509890997,1.00207845797394));
#2609=CARTESIAN_POINT('',(1.3125513126468,-2.44601856826688,0.56553462158637));
#2610=CARTESIAN_POINT('',(1.32414880000523,-2.48775633539714,0.338651790636713));
#2611=CARTESIAN_POINT('',(1.34762944426122,-2.50763514435715,-0.124026619703165));
#2612=CARTESIAN_POINT('',(1.35933990320318,-2.48583823118362,-0.351996659294878));
#2613=CARTESIAN_POINT('',(1.382792632037,-2.37934537273616,-0.801254614344198));
#2614=CARTESIAN_POINT('',(1.39445622131187,-2.29505957512313,-1.01752847452431));
#2615=CARTESIAN_POINT('',(1.41794577389495,-2.07146240745286,-1.41834627095845));
#2616=CARTESIAN_POINT('',(1.42965406654819,-1.93000312587478,-1.60546860205945));
#2617=CARTESIAN_POINT('',(1.45298254360888,-1.60620880103568,-1.92938715284431));
#2618=CARTESIAN_POINT('',(1.46494984389903,-1.41902907547076,-2.07098355864845));
#2619=CARTESIAN_POINT('',(1.48819830673778,-1.0184704574897,-2.29463163589373));
#2620=CARTESIAN_POINT('',(1.49998193976316,-0.801825464209858,-2.37913173697156));
#2621=CARTESIAN_POINT('',(1.52353156807295,-0.353030490815267,-2.48567121105656));
#2622=CARTESIAN_POINT('',(1.53492557257162,-0.125033985065484,-2.50760968713024));
#2623=CARTESIAN_POINT('',(1.55864805079124,0.338181646078134,-2.48784505439278));
#2624=CARTESIAN_POINT('',(1.57028942648079,0.564511538997322,-2.44627037456917));
#2625=CARTESIAN_POINT('',(1.58776489289468,0.892192423049765,-2.33820886279254));
#2626=CARTESIAN_POINT('',(1.5936953649735,1.00032622636159,-2.29403607665298));
#2627=CARTESIAN_POINT('',(1.60548580817383,1.20692863456748,-2.19239078432503));
#2628=CARTESIAN_POINT('',(1.61134080018865,1.30599180711174,-2.13483250802405));
#2629=CARTESIAN_POINT('',(1.62883215808177,1.59065131039307,-1.9422477079358));
#2630=CARTESIAN_POINT('',(1.64057665898521,1.76524374280117,-1.78504794346706));
#2631=CARTESIAN_POINT('',(1.65818000581401,1.98651203655765,-1.52213348186197));
#2632=CARTESIAN_POINT('',(1.66402703816021,2.05413069447119,-1.42962037778673));
#2633=CARTESIAN_POINT('',(1.67573633830772,2.17688462618789,-1.23468241212814));
#2634=CARTESIAN_POINT('',(1.68162190908938,2.23210633404803,-1.13177658693783));
#2635=CARTESIAN_POINT('',(1.69912698915788,2.37378346878628,-0.81732475814018));
#2636=CARTESIAN_POINT('',(1.71090618179042,2.43888149158373,-0.596258367278075));
#2637=CARTESIAN_POINT('',(1.73441516728169,2.50691732904165,-0.137958239657894));
#2638=CARTESIAN_POINT('',(1.7459481870013,2.50897546351266,0.0910594992720836));
#2639=CARTESIAN_POINT('',(1.76956184492817,2.44991570365767,0.548782975216787));
#2640=CARTESIAN_POINT('',(1.78113952683751,2.38858872547184,0.772843254176769));
#2641=CARTESIAN_POINT('',(1.80455013347678,2.20801519836343,1.19470150195513));
#2642=CARTESIAN_POINT('',(1.81648376609605,2.08680634064078,1.39559363160905));
#2643=CARTESIAN_POINT('',(1.8396797639027,1.79852950358261,1.75149476524174));
#2644=CARTESIAN_POINT('',(1.85159891999745,1.62716641184426,1.91179582284444));
#2645=CARTESIAN_POINT('',(1.87501155295335,1.25203524290357,2.17601506212778));
#2646=CARTESIAN_POINT('',(1.8865873401185,1.04552327643183,2.28256705691543));
#2647=CARTESIAN_POINT('',(1.91020903020217,0.61011677403677,2.43536215231232));
#2648=CARTESIAN_POINT('',(1.92176266997815,0.385663001822797,2.48091805896131));
#2649=CARTESIAN_POINT('',(1.94523720350584,-0.0768760452648742,2.5095378937007));
#2650=CARTESIAN_POINT('',(1.9570043658791,-0.306538190697791,2.49176939259164));
#2651=CARTESIAN_POINT('',(1.97454888768887,-0.643596388582585,2.41847137271803));
#2652=CARTESIAN_POINT('',(1.98043773740307,-0.75573423755652,2.38581836343634));
#2653=CARTESIAN_POINT('',(1.99211989898774,-0.971882516847389,2.30623239821393));
#2654=CARTESIAN_POINT('',(1.99797453741543,-1.07641538061481,2.25930330297467));
#2655=CARTESIAN_POINT('',(2.01557199278443,-1.37956061986946,2.09745046233061));
#2656=CARTESIAN_POINT('',(2.02733534367636,-1.56958905867383,1.95930695421073));
#2657=CARTESIAN_POINT('',(2.04479815011674,-1.8170796351672,1.72085588819704));
#2658=CARTESIAN_POINT('',(2.05066897725331,-1.89395925758628,1.63590229444334));
#2659=CARTESIAN_POINT('',(2.06245660785108,-2.03631264869838,1.45488445696309));
#2660=CARTESIAN_POINT('',(2.0683961878219,-2.10197214770251,1.35828478791179));
#2661=CARTESIAN_POINT('',(2.08589376350337,-2.27570134072996,1.06022700727656));
#2662=CARTESIAN_POINT('',(2.09751650674447,-2.36340705630184,0.847362787277256));
#2663=CARTESIAN_POINT('',(2.1212106024646,-2.47890262196693,0.398444974676643));
#2664=CARTESIAN_POINT('',(2.13260595965042,-2.50479803509156,0.170869299217761));
#2665=CARTESIAN_POINT('',(2.15617536077966,-2.49377437106586,-0.290342728906371));
#2666=CARTESIAN_POINT('',(2.16797784983601,-2.45611469577558,-0.519736127292445));
#2667=CARTESIAN_POINT('',(2.1912146571299,-2.32051286940949,-0.95804230789808));
#2668=CARTESIAN_POINT('',(2.20315650210065,-2.2208808503868,-1.17052514623224));
#2669=CARTESIAN_POINT('',(2.22649830058727,-1.97126653358507,-1.55452536908997));
#2670=CARTESIAN_POINT('',(2.23819762068245,-1.81757867262794,-1.73177967098477));
#2671=CARTESIAN_POINT('',(2.26170335822355,-1.47196310415967,-2.0337103235271));
#2672=CARTESIAN_POINT('',(2.2733973058599,-1.27783880301287,-2.16111157539557));
#2673=CARTESIAN_POINT('',(2.29679697005528,-0.860558628994998,-2.3585406703842));
#2674=CARTESIAN_POINT('',(2.30850108941271,-0.64208398971211,-2.42721375665248));
#2675=CARTESIAN_POINT('',(2.33203283337198,-0.185269722783797,-2.5038597405101));
#2676=CARTESIAN_POINT('',(2.34360309775668,0.0452348757583995,-2.51014002174735));
#2677=CARTESIAN_POINT('',(2.36714571241273,0.502249036621786,-2.4597957289123));
#2678=CARTESIAN_POINT('',(2.37883838704004,0.729002009769569,-2.40229776666757));
#2679=CARTESIAN_POINT('',(2.40215346913552,1.153454093635,-2.22980316258201));
#2680=CARTESIAN_POINT('',(2.41413823553925,1.35683340662397,-2.11222822397009));
#2681=CARTESIAN_POINT('',(2.43155613178098,1.6278559825863,-1.90084484922485));
#2682=CARTESIAN_POINT('',(2.43732717166607,1.71316316872785,-1.82436880437003));
#2683=CARTESIAN_POINT('',(2.44907655085962,1.87355737834886,-1.65922642429499));
#2684=CARTESIAN_POINT('',(2.45506505724971,1.94893676285231,-1.56999275054276));
#2685=CARTESIAN_POINT('',(2.47269604963582,2.15284114419769,-1.2915889350973));
#2686=CARTESIAN_POINT('',(2.48414108900484,2.26215326701463,-1.08923460226961));
#2687=CARTESIAN_POINT('',(2.50785727630557,2.42389808289418,-0.654589570638255));
#2688=CARTESIAN_POINT('',(2.51945247899787,2.47334968351052,-0.430945216830354));
#2689=CARTESIAN_POINT('',(2.54280453777847,2.5104474225226,0.0287432701717669));
#2690=CARTESIAN_POINT('',(2.55466445099279,2.49689716405819,0.26097772645429));
#2691=CARTESIAN_POINT('',(2.57802872649242,2.40773029531054,0.710942787171291));
#2692=CARTESIAN_POINT('',(2.58975503135636,2.33077017504992,0.932711756496594));
#2693=CARTESIAN_POINT('',(2.61321218971093,2.1225320804941,1.34063358039496));
#2694=CARTESIAN_POINT('',(2.62499405467406,1.98819927422623,1.53288637774201));
#2695=CARTESIAN_POINT('',(2.64827786776302,1.67586142225781,1.86926870580149));
#2696=CARTESIAN_POINT('',(2.66014210141918,1.4962252076654,2.01609204792772));
#2697=CARTESIAN_POINT('',(2.68359024260775,1.1016432778023,2.25603614914383));
#2698=CARTESIAN_POINT('',(2.69510825823065,0.891504240730274,2.34708472661971));
#2699=CARTESIAN_POINT('',(2.71879705688647,0.445385086096656,2.4708740660451));
#2700=CARTESIAN_POINT('',(2.73030270054493,0.216565048674661,2.50118402207455));
#2701=CARTESIAN_POINT('',(2.75373432936489,-0.243088934857899,2.49874562577668));
#2702=CARTESIAN_POINT('',(2.76565563635102,-0.474693504413678,2.46518509711474));
#2703=CARTESIAN_POINT('',(2.7888677295867,-0.914781418311104,2.33787220413818));
#2704=CARTESIAN_POINT('',(2.80078495136135,-1.12930208056025,2.24213995899568));
#2705=CARTESIAN_POINT('',(2.81832742081764,-1.42090539214685,2.06013508362649));
#2706=CARTESIAN_POINT('',(2.82412374891012,-1.51370640758478,1.99297131942284));
#2707=CARTESIAN_POINT('',(2.83577713744043,-1.69038751283483,1.84548958947411));
#2708=CARTESIAN_POINT('',(2.8416900240086,-1.77466600969229,1.764596331349));
#2709=CARTESIAN_POINT('',(2.85935839634912,-2.00654595307407,1.50888434695048));
#2710=CARTESIAN_POINT('',(2.87096757698666,-2.13621742101417,1.3192427117453));
#2711=CARTESIAN_POINT('',(2.89447128941013,-2.34250228193272,0.903609020250191));
#2712=CARTESIAN_POINT('',(2.90616212810401,-2.41497364309182,0.686319938952429));
#2713=CARTESIAN_POINT('',(2.92961459018311,-2.49975275091456,0.23317148137568));
#2714=CARTESIAN_POINT('',(2.94125993388658,-2.51049502127372,0.000617212153192022));
#2715=CARTESIAN_POINT('',(2.96475332691472,-2.46871466759531,-0.456106920349538));
#2716=CARTESIAN_POINT('',(2.9765276788576,-2.41528229426437,-0.684731227991396));
#2717=CARTESIAN_POINT('',(2.99978611448094,-2.2506809115173,-1.11215145106465));
#2718=CARTESIAN_POINT('',(3.01176729485169,-2.13715943058412,-1.31728844709127));
#2719=CARTESIAN_POINT('',(3.03505531846427,-1.86152219386538,-1.68446858276473));
#2720=CARTESIAN_POINT('',(3.04674547616084,-1.69829898308206,-1.84909137623895));
#2721=CARTESIAN_POINT('',(3.070375527358,-1.33073548352823,-2.12896722062547));
#2722=CARTESIAN_POINT('',(3.08177862546751,-1.13121849343263,-2.2414020166819));
#2723=CARTESIAN_POINT('',(3.10540347409283,-0.700628081878904,-2.41094557614899));
#2724=CARTESIAN_POINT('',(3.11714050307479,-0.476013398746776,-2.46499646707857));
#2725=CARTESIAN_POINT('',(3.14041211227187,-0.0187194452139013,-2.51046727141924));
#2726=CARTESIAN_POINT('',(3.15231551163637,0.215222624600308,-2.50122805014952));
#2727=CARTESIAN_POINT('',(3.17568068260039,0.666143495509357,-2.42047833710306));
#2728=CARTESIAN_POINT('',(3.18739140885647,0.889469243303683,-2.34763095631816));
#2729=CARTESIAN_POINT('',(3.20499347905089,1.19848695487614,-2.19698900303423));
#2730=CARTESIAN_POINT('',(3.2108489054456,1.29776925403203,-2.13986641895249));
#2731=CARTESIAN_POINT('',(3.22256134098787,1.488798846792,-2.01164393505964));
#2732=CARTESIAN_POINT('',(3.22845547324502,1.58105130144757,-1.93998078289715));
#2733=CARTESIAN_POINT('',(3.24595124749277,1.83840797120937,-1.70975166462003));
#2734=CARTESIAN_POINT('',(3.25767885063419,1.98697752776674,-1.53486175856078));
#2735=CARTESIAN_POINT('',(3.2812810759239,2.23559469244236,-1.14280211973284));
#2736=CARTESIAN_POINT('',(3.29276186666785,2.33030802699203,-0.934215266328737));
#2737=CARTESIAN_POINT('',(3.31635745168135,2.46180903071001,-0.492534222993462));
#2738=CARTESIAN_POINT('',(3.32800799902588,2.49676092312021,-0.262213443954168));
#2739=CARTESIAN_POINT('',(3.35132378875451,2.50280478498728,0.196314048542454));
#2740=CARTESIAN_POINT('',(3.36331731155605,2.47349129476597,0.429289971051429));
#2741=CARTESIAN_POINT('',(3.38654171213641,2.35432501325207,0.871551947105855));
#2742=CARTESIAN_POINT('',(3.39839093571707,2.26283281134934,1.08734000785301));
#2743=CARTESIAN_POINT('',(3.42185582914918,2.02691641958093,1.4813272605438));
#2744=CARTESIAN_POINT('',(3.43338172611525,1.88186356830206,1.66192435595943));
#2745=CARTESIAN_POINT('',(3.45700775668764,1.54533528469245,1.97872229292496));
#2746=CARTESIAN_POINT('',(3.46862022210619,1.35862117770983,2.1113126869233));
#2747=CARTESIAN_POINT('',(3.49204684614244,0.948225222821709,2.32472830526271));
#2748=CARTESIAN_POINT('',(3.5038225071327,0.730270414809367,2.40197283940774));
#2749=CARTESIAN_POINT('',(3.52722736850852,0.280325091898946,2.49483190673243));
#2750=CARTESIAN_POINT('',(3.5389149455331,0.0465896947769337,2.51003678111891));
#2751=CARTESIAN_POINT('',(3.56237876030505,-0.410259262074159,2.47672012551107));
#2752=CARTESIAN_POINT('',(3.5741976803266,-0.639935278643645,2.42755552948436));
#2753=CARTESIAN_POINT('',(3.59163216828859,-0.963019739143165,2.30991963808621));
#2754=CARTESIAN_POINT('',(3.59748047536018,-1.06770513624615,2.26345551209534));
#2755=CARTESIAN_POINT('',(3.60925913962542,-1.27099520230202,2.15587483609935));
#2756=CARTESIAN_POINT('',(3.61521199660798,-1.37020600736201,2.09422839006967));
#2757=CARTESIAN_POINT('',(3.63275262520326,-1.65024638057889,1.89201350231052));
#2758=CARTESIAN_POINT('',(3.64426601660883,-1.8160614658347,1.73374030936453));
#2759=CARTESIAN_POINT('',(3.66804409647958,-2.1043430864842,1.36955280379079));
#2760=CARTESIAN_POINT('',(3.67947783791923,-2.2202716288459,1.17194400319636));
#2761=CARTESIAN_POINT('',(3.69707433798011,-2.35284386826488,0.852871880583386));
#2762=CARTESIAN_POINT('',(3.70306201435262,-2.39006191368811,0.742174189695596));
#2763=CARTESIAN_POINT('',(3.71481803111527,-2.44809261641828,0.519673956006165));
#2764=CARTESIAN_POINT('',(3.72062889659227,-2.46928913739605,0.407124337262553));
#2765=CARTESIAN_POINT('',(3.73805159861377,-2.50963146443523,0.06562158891098));
#2766=CARTESIAN_POINT('',(3.74995295994293,-2.50476147286579,-0.169178457504214));
#2767=CARTESIAN_POINT('',(3.7733464241097,-2.43233172898131,-0.621460977557809));
#2768=CARTESIAN_POINT('',(3.78501418668914,-2.36385409383306,-0.84554036960941));
#2769=CARTESIAN_POINT('',(3.80851265041584,-2.17023931378771,-1.26206418793213));
#2770=CARTESIAN_POINT('',(3.82021695507497,-2.04492049726689,-1.45662330847763));
#2771=CARTESIAN_POINT('',(3.8436318408941,-1.74311278547514,-1.80693362358878));
#2772=CARTESIAN_POINT('',(3.85531489786383,-1.57122185039448,-1.9582407010118));
#2773=CARTESIAN_POINT('',(3.87885456683928,-1.18548209076434,-2.21315994874596));
#2774=CARTESIAN_POINT('',(3.89042144206177,-0.976572203897988,-2.31280098811204));
#2775=CARTESIAN_POINT('',(3.91394566875808,-0.53886582410408,-2.4520125007126));
#2776=CARTESIAN_POINT('',(3.92570423472912,-0.307905834835605,-2.49151492274625));
#2777=CARTESIAN_POINT('',(3.94894877950499,0.149916153068971,-2.50598837994953));
#2778=CARTESIAN_POINT('',(3.96095737980726,0.383428531260734,-2.48103607815797));
#2779=CARTESIAN_POINT('',(3.98422948024123,0.828269358768619,-2.3699213761286));
#2780=CARTESIAN_POINT('',(3.9959696553559,1.04453578958271,-2.28298193463604));
#2781=CARTESIAN_POINT('',(4.0195351096271,1.44411703825701,-2.05367658344967));
#2782=CARTESIAN_POINT('',(4.03094444504596,1.62542246993605,-1.91361733117864));
#2783=CARTESIAN_POINT('',(4.05463944896894,1.95008568684924,-1.5814851595592));
#2784=CARTESIAN_POINT('',(4.06630381674545,2.08606053666385,-1.39691678881525));
#2785=CARTESIAN_POINT('',(4.08380167595702,2.25111524695061,-1.09349733164811));
#2786=CARTESIAN_POINT('',(4.08969905105344,2.29968144595797,-0.987264561501844));
#2787=CARTESIAN_POINT('',(4.1014584494611,2.38060915640162,-0.771962506691582));
#2788=CARTESIAN_POINT('',(4.10732426508157,2.41341835087319,-0.662228672067332));
#2789=CARTESIAN_POINT('',(4.12486406395538,2.48911909071478,-0.32684239932622));
#2790=CARTESIAN_POINT('',(4.1365645101581,2.50875437349162,-0.0927766119882581));
#2791=CARTESIAN_POINT('',(4.16001645161313,2.48385074046812,0.364611444309369));
#2792=CARTESIAN_POINT('',(4.17184198692242,2.43912411325151,0.594513513215837));
#2793=CARTESIAN_POINT('',(4.19511841745107,2.28993479056415,1.02906336646737));
#2794=CARTESIAN_POINT('',(4.20692572007813,2.18567862404997,1.23543747872246));
#2795=CARTESIAN_POINT('',(4.23044740067123,1.92192047040974,1.61546232295311));
#2796=CARTESIAN_POINT('',(4.24190997408982,1.7667098498215,1.78385366546009));
#2797=CARTESIAN_POINT('',(4.26558204669774,1.40980178590605,2.07746396302988));
#2798=CARTESIAN_POINT('',(4.2771839253146,1.21224955380498,2.19844731811822));
#2799=CARTESIAN_POINT('',(4.30051607427764,0.791523513282405,2.38247982555207));
#2800=CARTESIAN_POINT('',(4.31248961189246,0.565870778298059,2.44586158642814));
#2801=CARTESIAN_POINT('',(4.33571528848451,0.112067198988084,2.50796522715276));
#2802=CARTESIAN_POINT('',(4.34757223560325,-0.122748164751962,2.50748960354833));
#2803=CARTESIAN_POINT('',(4.37101978715123,-0.576806045848238,2.44333092505413));
#2804=CARTESIAN_POINT('',(4.38261977786651,-0.800819554634429,2.3794508521482));
#2805=CARTESIAN_POINT('',(4.40616254061972,-1.22227078303228,2.19297798662443));
#2806=CARTESIAN_POINT('',(4.41778711456092,-1.41714948047555,2.07257392906554));
#2807=CARTESIAN_POINT('',(4.4412934444737,-1.77449051061303,1.77624850997787));
#2808=CARTESIAN_POINT('',(4.45297189529787,-1.92914305798005,1.60667242305832));
#2809=CARTESIAN_POINT('',(4.47644427982566,-2.19009592221302,1.22738301465949));
#2810=CARTESIAN_POINT('',(4.48810423708969,-2.29496875729132,1.01837055000073));
#2811=CARTESIAN_POINT('',(4.5,-2.36913875445536,0.798236532700492));
#2812=CARTESIAN_POINT('',(4.5,-0.798236532700494,2.36913875445536));
#2813=CARTESIAN_POINT('',(4.48810424090149,-0.578102585938646,2.44330872785282));
#2814=CARTESIAN_POINT('',(4.47657528143176,-0.352941702545461,2.4856541481458));
#2815=CARTESIAN_POINT('',(4.4590656848064,-0.00788893493021675,2.50263838021061));
#2816=CARTESIAN_POINT('',(4.45310662287614,0.108883569459777,2.50027319588646));
#2817=CARTESIAN_POINT('',(4.44132613708664,0.337934648693209,2.47972213342124));
#2818=CARTESIAN_POINT('',(4.43548440824686,0.451029632847352,2.46164771735219));
#2819=CARTESIAN_POINT('',(4.41801126379618,0.786059324325228,2.38425241844233));
#2820=CARTESIAN_POINT('',(4.40621894405028,1.00542723796778,2.30034107383644));
#2821=CARTESIAN_POINT('',(4.38277146325477,1.40665454076453,2.07936913263928));
#2822=CARTESIAN_POINT('',(4.37106820967035,1.59439474864054,1.93924280787098));
#2823=CARTESIAN_POINT('',(4.34768812388444,1.921059243452,1.616257611125));
#2824=CARTESIAN_POINT('',(4.33588334726453,2.06178684415089,1.43265719484895));
#2825=CARTESIAN_POINT('',(4.31244129347833,2.28958818081067,1.03017357321871));
#2826=CARTESIAN_POINT('',(4.30085181990487,2.37392147996087,0.817263923985348));
#2827=CARTESIAN_POINT('',(4.27724092802261,2.48352004059231,0.368173495031757));
#2828=CARTESIAN_POINT('',(4.26572001243886,2.50673977313961,0.137792814639797));
#2829=CARTESIAN_POINT('',(4.24223083182671,2.48989661427582,-0.321163510106924));
#2830=CARTESIAN_POINT('',(4.23035973682704,2.44904760862677,-0.551921172961076));
#2831=CARTESIAN_POINT('',(4.20716209391393,2.30800377918176,-0.987709332630775));
#2832=CARTESIAN_POINT('',(4.19519132929773,2.20563737727857,-1.19905264719071));
#2833=CARTESIAN_POINT('',(4.17184531293444,1.95075858645206,-1.58022290458242));
#2834=CARTESIAN_POINT('',(4.16020837686248,1.79591175137721,-1.75435975777474));
#2835=CARTESIAN_POINT('',(4.13660438862191,1.44504608216484,-2.05302678960949));
#2836=CARTESIAN_POINT('',(4.12509722890905,1.2519768179125,-2.17634096113456));
#2837=CARTESIAN_POINT('',(4.10154067624526,0.829785524933606,-2.36967548713175));
#2838=CARTESIAN_POINT('',(4.08981604887696,0.610024829567156,-2.43533959368408));
#2839=CARTESIAN_POINT('',(4.07228591049998,0.268734949678828,-2.48817881876174));
#2840=CARTESIAN_POINT('',(4.06640365278594,0.152335237160901,-2.49800398167056));
#2841=CARTESIAN_POINT('',(4.05470965021004,-0.0776818721474092,-2.50143867477548));
#2842=CARTESIAN_POINT('',(4.04883887363222,-0.192051717080965,-2.49524534450576));
#2843=CARTESIAN_POINT('',(4.03124356683279,-0.533270578167966,-2.45319286965093));
#2844=CARTESIAN_POINT('',(4.01952495045832,-0.760217772912435,-2.39259874443752));
#2845=CARTESIAN_POINT('',(3.99617128654377,-1.18231569296914,-2.21463076297039));
#2846=CARTESIAN_POINT('',(3.98424972956611,-1.38355223918779,-2.09489083463067));
#2847=CARTESIAN_POINT('',(3.96097485661899,-1.74219229417988,-1.80763669405149));
#2848=CARTESIAN_POINT('',(3.94924859348187,-1.90115260498163,-1.63985841002147));
#2849=CARTESIAN_POINT('',(3.92563046346262,-2.16978244744533,-1.26315516192777));
#2850=CARTESIAN_POINT('',(3.91423131560268,-2.27583172007485,-1.06017354388375));
#2851=CARTESIAN_POINT('',(3.89058371653022,-2.43157940456929,-0.625139632821603));
#2852=CARTESIAN_POINT('',(3.87887863412432,-2.4787308278808,-0.398250520359857));
#2853=CARTESIAN_POINT('',(3.85562355787722,-2.50980588681086,0.0598698971359474));
#2854=CARTESIAN_POINT('',(3.84365444570635,-2.49322776040924,0.293703103584787));
#2855=CARTESIAN_POINT('',(3.82034838270842,-2.39837138633109,0.741795707428184));
#2856=CARTESIAN_POINT('',(3.80859670580034,-2.31860142474097,0.962634697429696));
#2857=CARTESIAN_POINT('',(3.78511063579192,-2.1048044211136,1.36834808304287));
#2858=CARTESIAN_POINT('',(3.7734413563077,-1.96904629280579,1.55755358946449));
#2859=CARTESIAN_POINT('',(3.75003393818347,-1.65110426383922,1.89128823747146));
#2860=CARTESIAN_POINT('',(3.7383241957227,-1.47194552610625,2.03401734499262));
#2861=CARTESIAN_POINT('',(3.71477706507602,-1.072417754185,2.27019169940863));
#2862=CARTESIAN_POINT('',(3.70319861369542,-0.860457780673108,2.35851351455163));
#2863=CARTESIAN_POINT('',(3.6855451173567,-0.526646347090175,2.44660724734426));
#2864=CARTESIAN_POINT('',(3.67961648734058,-0.411902001393848,2.46851672679938));
#2865=CARTESIAN_POINT('',(3.66795689688838,-0.183425145180096,2.4959153241559));
#2866=CARTESIAN_POINT('',(3.6621846558292,-0.0690177183895749,2.50167276318294));
#2867=CARTESIAN_POINT('',(3.64463293568626,0.274684634096899,2.4954095034289));
#2868=CARTESIAN_POINT('',(3.63269326561631,0.506719148349078,2.45880132659736));
#2869=CARTESIAN_POINT('',(3.60948932274373,0.945100695857621,2.32578006992707));
#2870=CARTESIAN_POINT('',(3.59758912155694,1.15763525625644,2.22770961298977));
#2871=CARTESIAN_POINT('',(3.57415576028514,1.54435257444789,1.97933944338285));
#2872=CARTESIAN_POINT('',(3.56265254440011,1.71978335113089,1.82918274912836));
#2873=CARTESIAN_POINT('',(3.53894795364793,2.02635418076385,1.48238086827801));
#2874=CARTESIAN_POINT('',(3.52740412959616,2.1529609374166,1.29154790500037));
#2875=CARTESIAN_POINT('',(3.50399799463863,2.35313036685945,0.875279535643627));
#2876=CARTESIAN_POINT('',(3.49214876169161,2.42373497120026,0.654366143087237));
#2877=CARTESIAN_POINT('',(3.46881706551991,2.50236877590166,0.20208109567793));
#2878=CARTESIAN_POINT('',(3.45705849938643,2.51025875969557,-0.0322908686141099));
#2879=CARTESIAN_POINT('',(3.43360302081793,2.46261722699752,-0.487809526474471));
#2880=CARTESIAN_POINT('',(3.42185650809284,2.40631288044734,-0.715720334167688));
#2881=CARTESIAN_POINT('',(3.39853127430334,2.23593059304193,-1.14158296170144));
#2882=CARTESIAN_POINT('',(3.38665193936372,2.12072079724357,-1.34376269667989));
#2883=CARTESIAN_POINT('',(3.36327894598166,1.83919529497603,-1.70895159433725));
#2884=CARTESIAN_POINT('',(3.35170090476896,1.67587746633846,-1.86955296907338));
#2885=CARTESIAN_POINT('',(3.32799189198508,1.30334439889857,-2.14594663591895));
#2886=CARTESIAN_POINT('',(3.31655179405622,1.10152335083881,-2.25601139207622));
#2887=CARTESIAN_POINT('',(3.29891069973127,0.778810637185879,-2.37837954599583));
#2888=CARTESIAN_POINT('',(3.29292738416628,0.66697982352374,-2.41213261434603));
#2889=CARTESIAN_POINT('',(3.28118341911288,0.442537455371327,-2.46321059488892));
#2890=CARTESIAN_POINT('',(3.27538895561722,0.329343062804376,-2.48085886771706));
#2891=CARTESIAN_POINT('',(3.25798460491293,-0.0131080725460435,-2.51044587207634));
#2892=CARTESIAN_POINT('',(3.24601690277203,-0.247705997467338,-2.4982225850502));
#2893=CARTESIAN_POINT('',(3.22267197612991,-0.697589262497564,-2.41160601394263));
#2894=CARTESIAN_POINT('',(3.21099326543136,-0.919102090037245,-2.33625503586582));
#2895=CARTESIAN_POINT('',(3.1874486873532,-1.3297029506103,-2.12948968244917));
#2896=CARTESIAN_POINT('',(3.17585119999477,-1.51964639707899,-1.99857235231925));
#2897=CARTESIAN_POINT('',(3.15237055573878,-1.86086587915645,-1.68546575147683));
#2898=CARTESIAN_POINT('',(3.14066009679681,-2.00665229494517,-1.50885384546023));
#2899=CARTESIAN_POINT('',(3.117207367963,-2.2490238191064,-1.11587867658671));
#2900=CARTESIAN_POINT('',(3.10554377868812,-2.34235347318326,-0.903350904410051));
#2901=CARTESIAN_POINT('',(3.08205422610505,-2.46766738154831,-0.461822849017467));
#2902=CARTESIAN_POINT('',(3.07034593345181,-2.49995603351562,-0.229480562518893));
#2903=CARTESIAN_POINT('',(3.04701745639112,-2.50004387452425,0.228521604096641));
#2904=CARTESIAN_POINT('',(3.03505015610097,-2.4678116000124,0.461001436079995));
#2905=CARTESIAN_POINT('',(3.01180169326221,-2.34271695699474,0.90238222313658));
#2906=CARTESIAN_POINT('',(3.00001806023683,-2.24927640761952,1.11532396147794));
#2907=CARTESIAN_POINT('',(2.97646843192705,-2.00726522315931,1.50800471511724));
#2908=CARTESIAN_POINT('',(2.96507442742837,-1.86156019305739,1.68473543562034));
#2909=CARTESIAN_POINT('',(2.94135194920876,-1.52004157328781,1.99830264371728));
#2910=CARTESIAN_POINT('',(2.92971057351921,-1.33060443319049,2.12894430775672));
#2911=CARTESIAN_POINT('',(2.91223510710531,-1.02248803024927,2.28423865517287));
#2912=CARTESIAN_POINT('',(2.9063046350265,-0.914791008028802,2.32946592414697));
#2913=CARTESIAN_POINT('',(2.89451419182617,-0.696826968696155,2.40368181251803));
#2914=CARTESIAN_POINT('',(2.88865919981134,-0.586078880138426,2.4330302061041));
#2915=CARTESIAN_POINT('',(2.87116784191823,-0.248616196943143,2.49813685310765));
#2916=CARTESIAN_POINT('',(2.85942334101479,-0.0140036845867403,2.51043532655049));
#2917=CARTESIAN_POINT('',(2.84181999418598,0.328365225063013,2.48098703885429));
#2918=CARTESIAN_POINT('',(2.83597296183979,0.441595479848627,2.46338400715946));
#2919=CARTESIAN_POINT('',(2.82426366169228,0.666237574810718,2.41234218726575));
#2920=CARTESIAN_POINT('',(2.81837809091062,0.778050625722985,2.37862442454668));
#2921=CARTESIAN_POINT('',(2.80087301084212,1.1005825089348,2.25645426675984));
#2922=CARTESIAN_POINT('',(2.78909381820958,1.30293130636775,2.14616797605072));
#2923=CARTESIAN_POINT('',(2.76558483271831,1.67510703645683,1.87020945002201));
#2924=CARTESIAN_POINT('',(2.7540518129987,1.83850235350726,1.70972477465366));
#2925=CARTESIAN_POINT('',(2.73043815507182,2.12040017056732,1.34430384421616));
#2926=CARTESIAN_POINT('',(2.71886047316249,2.23546999106959,1.14250457942413));
#2927=CARTESIAN_POINT('',(2.69544986652321,2.40608405325199,0.716520986199438));
#2928=CARTESIAN_POINT('',(2.68351623390395,2.46242863518172,0.488761193798574));
#2929=CARTESIAN_POINT('',(2.6603202360973,2.51024623386251,0.0332585824320753));
#2930=CARTESIAN_POINT('',(2.64840108000254,2.50242419451147,-0.201263386643441));
#2931=CARTESIAN_POINT('',(2.62498844704665,2.42399761693626,-0.653352395853047));
#2932=CARTESIAN_POINT('',(2.61341265988149,2.35331524311121,-0.874722045804676));
#2933=CARTESIAN_POINT('',(2.58979096979782,2.15347880078212,-1.29064338430812));
#2934=CARTESIAN_POINT('',(2.57823733002184,2.02697890690132,-1.48156905921811));
#2935=CARTESIAN_POINT('',(2.55476279649416,1.72015168936272,-1.82887083519802));
#2936=CARTESIAN_POINT('',(2.5429956341209,1.5451918013195,-1.97870226798975));
#2937=CARTESIAN_POINT('',(2.52545111231113,1.25502613704046,-2.16520887846842));
#2938=CARTESIAN_POINT('',(2.51956226259693,1.15264353931409,-2.22141314761633));
#2939=CARTESIAN_POINT('',(2.50788010101226,0.943527849589667,-2.31797728594866));
#2940=CARTESIAN_POINT('',(2.50202546258457,0.83642807128424,-2.35870930129681));
#2941=CARTESIAN_POINT('',(2.48442800721556,0.507624775749131,-2.45861811448446));
#2942=CARTESIAN_POINT('',(2.47266465632364,0.275572166683809,-2.49530630081286));
#2943=CARTESIAN_POINT('',(2.45520184988326,-0.0680404639938535,-2.50169819997163));
#2944=CARTESIAN_POINT('',(2.44933102274668,-0.182473828570878,-2.49598904008981));
#2945=CARTESIAN_POINT('',(2.43754339214892,-0.411131817149154,-2.46864914787205));
#2946=CARTESIAN_POINT('',(2.43160381217809,-0.525866375190826,-2.44677114382064));
#2947=CARTESIAN_POINT('',(2.41410623649662,-0.859470143543183,-2.35885755642781));
#2948=CARTESIAN_POINT('',(2.40248349325553,-1.07200518320636,-2.27035712922401));
#2949=CARTESIAN_POINT('',(2.37878939753539,-1.47110571037044,-2.03459199741744));
#2950=CARTESIAN_POINT('',(2.36739404034958,-1.65033683594257,-1.8919825162894));
#2951=CARTESIAN_POINT('',(2.34382463922034,-1.96866808100784,-1.55806145605192));
#2952=CARTESIAN_POINT('',(2.33202215016398,-2.10424429679101,-1.36922641671866));
#2953=CARTESIAN_POINT('',(2.30878534287009,-2.31828859836847,-0.963412173211685));
#2954=CARTESIAN_POINT('',(2.29684349789934,-2.39808617796607,-0.742713641065581));
#2955=CARTESIAN_POINT('',(2.27350169941272,-2.49311136343415,-0.29468050341398));
#2956=CARTESIAN_POINT('',(2.26180237931755,-2.5097753536296,-0.0606690558808437));
#2957=CARTESIAN_POINT('',(2.23829664177645,-2.47888545334279,0.397215268127482));
#2958=CARTESIAN_POINT('',(2.2266026941401,-2.43170513273663,0.624568166989337));
#2959=CARTESIAN_POINT('',(2.20320302994472,-2.27624694390385,1.05923325956205));
#2960=CARTESIAN_POINT('',(2.19149891058728,-2.17032124993495,1.26227736350157));
#2961=CARTESIAN_POINT('',(2.16796716662802,-1.9015016789836,1.63949072432577));
#2962=CARTESIAN_POINT('',(2.15639690224331,-1.74295114371034,1.80692291850026));
#2963=CARTESIAN_POINT('',(2.13285428758726,-1.38419454060783,2.09448193988732));
#2964=CARTESIAN_POINT('',(2.12116161295996,-1.18319877663319,2.21416330584666));
#2965=CARTESIAN_POINT('',(2.09784653086448,-0.761093725576185,2.39232414836966));
#2966=CARTESIAN_POINT('',(2.08586176446075,-0.534144797818522,2.45299700334714));
#2967=CARTESIAN_POINT('',(2.06844386821902,-0.193032278788466,2.49516828695228));
#2968=CARTESIAN_POINT('',(2.06267282833392,-0.07863425906866,2.50141284684174));
#2969=CARTESIAN_POINT('',(2.05092344914038,0.151554871029755,2.49805538331546));
#2970=CARTESIAN_POINT('',(2.04493494275029,0.267953880794191,2.48825892143912));
#2971=CARTESIAN_POINT('',(2.02730395036417,0.608997277366847,2.43557986639239));
#2972=CARTESIAN_POINT('',(2.01585891099515,0.829378741621553,2.3697890887572));
#2973=CARTESIAN_POINT('',(1.99214272369443,1.25109004702731,2.1768194956118));
#2974=CARTESIAN_POINT('',(1.98054752100213,1.4441980483153,2.05364661859649));
#2975=CARTESIAN_POINT('',(1.95719546222153,1.79547895753001,1.75482983502603));
#2976=CARTESIAN_POINT('',(1.94533554900721,1.95011203674553,1.58103379651647));
#2977=CARTESIAN_POINT('',(1.92197127350757,2.20523488492689,1.19980995323782));
#2978=CARTESIAN_POINT('',(1.91024496864364,2.30763020407634,0.988576588253931));
#2979=CARTESIAN_POINT('',(1.88678781028907,2.44882792318706,0.552885731619616));
#2980=CARTESIAN_POINT('',(1.87500594532593,2.48978354164541,0.321954836665605));
#2981=CARTESIAN_POINT('',(1.85172213223698,2.50678555373946,-0.136759601724678));
#2982=CARTESIAN_POINT('',(1.83985789858082,2.4835833491084,-0.367601368063605));
#2983=CARTESIAN_POINT('',(1.81640975739225,2.37423789184414,-0.816279027479092));
#2984=CARTESIAN_POINT('',(1.80489174176934,2.29002822028908,-1.02925083213531));
#2985=CARTESIAN_POINT('',(1.78120294311353,2.06210662217672,-1.43223699294024));
#2986=CARTESIAN_POINT('',(1.76969729945507,1.92173879749016,-1.61546956851856));
#2987=CARTESIAN_POINT('',(1.74626567063511,1.59499014217743,-1.9387698107164));
#2988=CARTESIAN_POINT('',(1.73434436364898,1.40749010309368,-2.07880809500601));
#2989=CARTESIAN_POINT('',(1.7111322704133,1.00627714490236,-2.2999734332849));
#2990=CARTESIAN_POINT('',(1.69921504863865,0.78689521020287,-2.38396952854742));
#2991=CARTESIAN_POINT('',(1.68167257918235,0.452003649580968,-2.46146732600419));
#2992=CARTESIAN_POINT('',(1.67587625108988,0.338891469145385,-2.47959560020293));
#2993=CARTESIAN_POINT('',(1.66422286255957,0.10967373016767,-2.5002426764849));
#2994=CARTESIAN_POINT('',(1.65830997599139,-0.00712033784098497,-2.50263640174848));
#2995=CARTESIAN_POINT('',(1.64064160365088,-0.351899896426254,-2.48578460393601));
#2996=CARTESIAN_POINT('',(1.62903242301334,-0.577688356981994,-2.44337929199397));
#2997=CARTESIAN_POINT('',(1.60552871058986,-1.01745118273941,-2.2953473142598));
#2998=CARTESIAN_POINT('',(1.59383787189598,-1.22234275652027,-2.19294572231377));
#2999=CARTESIAN_POINT('',(1.57038540981688,-1.60271498580141,-1.93246925712142));
#3000=CARTESIAN_POINT('',(1.55874006611342,-1.77475161877881,-1.77562448857661));
#3001=CARTESIAN_POINT('',(1.53524667308528,-2.06816117859665,-1.42312858594601));
#3002=CARTESIAN_POINT('',(1.5234723211424,-2.19204058335708,-1.22368439415117));
#3003=CARTESIAN_POINT('',(1.50021388551906,-2.3778815675753,-0.805061902066668));
#3004=CARTESIAN_POINT('',(1.48823270514831,-2.44266351955976,-0.579736332125828));
#3005=CARTESIAN_POINT('',(1.46494468153573,-2.5073941241801,-0.125195809042783));
#3006=CARTESIAN_POINT('',(1.45325452383916,-2.50838377859167,0.106626323752656));
#3007=CARTESIAN_POINT('',(1.42962447264199,-2.4463792429965,0.56443507425984));
#3008=CARTESIAN_POINT('',(1.41822137453249,-2.3848028330708,0.785018297651192));
#3009=CARTESIAN_POINT('',(1.39459652590717,-2.20021483375293,1.20937709818041));
#3010=CARTESIAN_POINT('',(1.3828594969252,-2.07960801966161,1.40642341528268));
#3011=CARTESIAN_POINT('',(1.35958788772813,-1.78840507821819,1.76193178491668));
#3012=CARTESIAN_POINT('',(1.34768448836362,-1.61644993823505,1.92082069287441));
#3013=CARTESIAN_POINT('',(1.32431931739961,-1.24050206296269,2.18257122879871));
#3014=CARTESIAN_POINT('',(1.31260859114352,-1.03107603533907,2.28897550253295));
#3015=CARTESIAN_POINT('',(1.29500652094911,-0.706047569281187,2.40096407519433));
#3016=CARTESIAN_POINT('',(1.2891510945544,-0.595452615733171,2.43077549561615));
#3017=CARTESIAN_POINT('',(1.27743865901213,-0.36970730742408,2.4751868282028));
#3018=CARTESIAN_POINT('',(1.27154452675498,-0.253801470300708,2.48974566361556));
#3019=CARTESIAN_POINT('',(1.25404875250723,0.0909737468317939,2.50892773922736));
#3020=CARTESIAN_POINT('',(1.2423211493658,0.319694126286972,2.49031644161137));
#3021=CARTESIAN_POINT('',(1.2187189240761,0.772721038593253,2.38888729542808));
#3022=CARTESIAN_POINT('',(1.20723813333215,0.987186658230519,2.30836655804853));
#3023=CARTESIAN_POINT('',(1.18364254831865,1.39248757055626,2.08903614864642));
#3024=CARTESIAN_POINT('',(1.17199200097411,1.58006367540165,1.95088948407812));
#3025=CARTESIAN_POINT('',(1.14867621124549,1.90856523041724,1.63093524048405));
#3026=CARTESIAN_POINT('',(1.13668268844395,2.05257631736077,1.44546861810903));
#3027=CARTESIAN_POINT('',(1.11345828786359,2.28103947394255,1.04847889003272));
#3028=CARTESIAN_POINT('',(1.10160906428293,2.36892991860485,0.831198932588199));
#3029=CARTESIAN_POINT('',(1.07814417085082,2.48070289627105,0.385789794096978));
#3030=CARTESIAN_POINT('',(1.06661827388475,2.5058364723323,0.155520508496263));
#3031=CARTESIAN_POINT('',(1.04299224331236,2.4918850104251,-0.306450892399395));
#3032=CARTESIAN_POINT('',(1.03137977789381,2.45361376595092,-0.532233270306417));
#3033=CARTESIAN_POINT('',(1.00795315385756,2.31432763421692,-0.973334663918254));
#3034=CARTESIAN_POINT('',(0.9961774928673,2.21483044538273,-1.18207212055953));
#3035=CARTESIAN_POINT('',(0.972772631491476,1.96233233258954,-1.5658927857526));
#3036=CARTESIAN_POINT('',(0.961085054466898,1.80780791806698,-1.74192013984669));
#3037=CARTESIAN_POINT('',(0.937621239694943,1.4612084895928,-2.04140270210733));
#3038=CARTESIAN_POINT('',(0.925802319673397,1.26403840155582,-2.16904355165474));
#3039=CARTESIAN_POINT('',(0.90836783171141,0.952402052122054,-2.31431762805139));
#3040=CARTESIAN_POINT('',(0.902519524639818,0.845523199369284,-2.35548628366406));
#3041=CARTESIAN_POINT('',(0.890740860374582,0.625704389591918,-2.42316304239863));
#3042=CARTESIAN_POINT('',(0.884788003392017,0.511961136543376,-2.44972505539989));
#3043=CARTESIAN_POINT('',(0.867247374796742,0.170955171244336,-2.50475598391617));
#3044=CARTESIAN_POINT('',(0.855733983391168,-0.0582098479752206,-2.51008890711142));
#3045=CARTESIAN_POINT('',(0.831955903520422,-0.519575191642536,-2.45641534114952));
#3046=CARTESIAN_POINT('',(0.820522162080767,-0.741279573002026,-2.39865867666407));
#3047=CARTESIAN_POINT('',(0.80292566201989,-1.06064036407949,-2.2667833445671));
#3048=CARTESIAN_POINT('',(0.796937985647381,-1.16523258426921,-2.21482538897993));
#3049=CARTESIAN_POINT('',(0.785181968884724,-1.36359791174412,-2.09852786834006));
#3050=CARTESIAN_POINT('',(0.779371103407728,-1.45817071409864,-2.03393147342743));
#3051=CARTESIAN_POINT('',(0.761948401386227,-1.72817595627012,-1.82097889729243));
#3052=CARTESIAN_POINT('',(0.750047040057065,-1.89076105725013,-1.65150658818627));
#3053=CARTESIAN_POINT('',(0.726653575890294,-2.15935753113185,-1.28047898818391));
#3054=CARTESIAN_POINT('',(0.714985813310862,-2.26938458860275,-1.07360993036711));
#3055=CARTESIAN_POINT('',(0.691487349584154,-2.42700508115644,-0.642176789997401));
#3056=CARTESIAN_POINT('',(0.679783044925025,-2.4759653696637,-0.41598893154585));
#3057=CARTESIAN_POINT('',(0.6563681591059,-2.51026188937604,0.0451281474111721));
#3058=CARTESIAN_POINT('',(0.644685102136167,-2.49570690404335,0.273663653718544));
#3059=CARTESIAN_POINT('',(0.621145433160724,-2.40320283296341,0.726677982254078));
#3060=CARTESIAN_POINT('',(0.609578557938231,-2.32593808992353,0.944856434534416));
#3061=CARTESIAN_POINT('',(0.586054331241919,-2.11487034518173,1.35279898843439));
#3062=CARTESIAN_POINT('',(0.574295765270884,-1.9794894010805,1.54404479352221));
#3063=CARTESIAN_POINT('',(0.551051220495009,-1.66599464859252,1.87800810548149));
#3064=CARTESIAN_POINT('',(0.539042620192741,-1.48323252067911,2.02548234978884));
#3065=CARTESIAN_POINT('',(0.515770519758767,-1.09011259570515,2.26146235617381));
#3066=CARTESIAN_POINT('',(0.504030344644095,-0.875713667301538,2.35291034731351));
#3067=CARTESIAN_POINT('',(0.480464890372902,-0.431023687942695,2.47331358909985));
#3068=CARTESIAN_POINT('',(0.469055554954039,-0.203784540687739,2.50247904225729));
#3069=CARTESIAN_POINT('',(0.445360551031061,0.260639932395718,2.49719769373613));
#3070=CARTESIAN_POINT('',(0.433696183254555,0.487298217316064,2.46283688556526));
#3071=CARTESIAN_POINT('',(0.416198324042981,0.818559477933438,2.36499823476898));
#3072=CARTESIAN_POINT('',(0.410300948946557,0.928018878742674,2.32422181126888));
#3073=CARTESIAN_POINT('',(0.398541550538896,1.13748495454301,2.22920480114975));
#3074=CARTESIAN_POINT('',(0.392675734918428,1.23827809702752,2.17481086645746));
#3075=CARTESIAN_POINT('',(0.375135936044625,1.52896051128245,1.99118546516817));
#3076=CARTESIAN_POINT('',(0.363435489841901,1.70835425835493,1.83956020129974));
#3077=CARTESIAN_POINT('',(0.339983548386876,2.01416692680959,1.49852847727088));
#3078=CARTESIAN_POINT('',(0.328158013077579,2.14510573733773,1.3043366639338));
#3079=CARTESIAN_POINT('',(0.304881582548933,2.34688610358263,0.89157073418318));
#3080=CARTESIAN_POINT('',(0.293074279921875,2.41909439549688,0.67192195762355));
#3081=CARTESIAN_POINT('',(0.269552599328768,2.50130736083948,0.216698634216457));
#3082=CARTESIAN_POINT('',(0.258090025910179,2.51062753868916,-0.0121225082934711));
#3083=CARTESIAN_POINT('',(0.23441795330226,2.46586925887219,-0.472108452986023));
#3084=CARTESIAN_POINT('',(0.222816074685397,2.41172688670863,-0.697347126736917));
#3085=CARTESIAN_POINT('',(0.19948392572236,2.2443592843986,-1.12497599697741));
#3086=CARTESIAN_POINT('',(0.187510388107538,2.12961637821689,-1.32935424899717));
#3087=CARTESIAN_POINT('',(0.164284711515494,1.85264269545284,-1.69415574274672));
#3088=CARTESIAN_POINT('',(0.152427764396745,1.68626684274947,-1.85985896209811));
#3089=CARTESIAN_POINT('',(0.128980212848767,1.3198323993399,-2.13555933223725));
#3090=CARTESIAN_POINT('',(0.117380222133486,1.11626089546529,-2.2487907706429));
#3091=CARTESIAN_POINT('',(0.0938374593802849,0.686393646206641,-2.41494556446327));
#3092=CARTESIAN_POINT('',(0.0822128854390782,0.463455072153423,-2.46760708735195));
#3093=CARTESIAN_POINT('',(0.0587065555262994,0.00124309327221546,-2.51075163968351));
#3094=CARTESIAN_POINT('',(0.0470281047021352,-0.2280211726867,-2.50019910366661));
#3095=CARTESIAN_POINT('',(0.0235557201743431,-0.680740825266932,-2.41652253082475));
#3096=CARTESIAN_POINT('',(0.0118957629103103,-0.902691249225769,-2.34288469255814));
#3097=CARTESIAN_POINT('',(-2.84800726680476E-16,-1.11079561358387,-2.23967254411059));
#3098=CARTESIAN_POINT('',(0.,0.,0.));
#3099=CARTESIAN_POINT('',(-2.16840434497101E-16,0.,0.));
#3100=CARTESIAN_POINT('',(-2.16840434497101E-16,-1.60151314131119,1.35836506809015));
#3101=CARTESIAN_POINT('',(-5.0525515303719E-16,1.60151314128237,1.35836506812413));
#3102=CARTESIAN_POINT('',(-2.79694957763626E-16,1.11079561358387,-2.2396725441106));
#3103=CARTESIAN_POINT('',(-2.79694957763626E-16,1.2601283230297,-2.14834626163479));
#3104=CARTESIAN_POINT('',(-1.76780454672229E-16,1.39803955345879,-2.0426591118246));
#3105=CARTESIAN_POINT('',(-1.76780454672228E-16,1.65094867316658,-1.80247458088771));
#3106=CARTESIAN_POINT('',(-3.63551219541802E-16,1.76580973627114,-1.66695678111748));
#3107=CARTESIAN_POINT('',(-3.63551219541802E-16,2.05727587747833,-1.23484545285095));
#3108=CARTESIAN_POINT('',(-1.17699906601241E-16,2.18931013711676,-0.900800822869566));
#3109=CARTESIAN_POINT('',(-1.17699906601241E-16,2.26627751682949,-0.384749188335315));
#3110=CARTESIAN_POINT('',(-3.59421933923937E-16,2.27251765779306,-0.206798656958544));
#3111=CARTESIAN_POINT('',(-3.59421933923937E-16,2.24388049437469,0.140000922837014));
#3112=CARTESIAN_POINT('',(-2.18073310850876E-16,2.20960071242398,0.310510937156025));
#3113=CARTESIAN_POINT('',(-2.18073310850876E-16,2.09941334343101,0.645504523841867));
#3114=CARTESIAN_POINT('',(-1.93297597143687E-16,2.02563074475395,0.803162133961772));
#3115=CARTESIAN_POINT('',(-1.93297597143687E-16,1.84081709897835,1.0982538157021));
#3116=CARTESIAN_POINT('',(-1.57722213359007E-16,1.72890528924312,1.23649739925532));
#3117=CARTESIAN_POINT('',(-1.57722213359007E-16,1.60151314128237,1.35836506812413));
#3118=CARTESIAN_POINT('',(-3.03200122049933E-16,-1.60151314131487,1.35836506809305));
#3119=CARTESIAN_POINT('',(-3.03200122049933E-16,-1.72867294055421,1.23671967192179));
#3120=CARTESIAN_POINT('',(-1.11347159496834E-16,-1.83852880316218,1.10146681738575));
#3121=CARTESIAN_POINT('',(-1.11347159496834E-16,-2.02490828965389,0.804749324237743));
#3122=CARTESIAN_POINT('',(-3.47669351780784E-16,-2.09945509265833,0.644920019511702));
#3123=CARTESIAN_POINT('',(-3.47669351780784E-16,-2.20842833409565,0.314528071311311));
#3124=CARTESIAN_POINT('',(-3.34805038894359E-16,-2.24384128668083,0.140295198521342));
#3125=CARTESIAN_POINT('',(-3.34805038894359E-16,-2.27252561690091,-0.206714705080272));
#3126=CARTESIAN_POINT('',(-3.08282319733459E-16,-2.26668660417205,-0.381125462194651));
#3127=CARTESIAN_POINT('',(-3.08282319733459E-16,-2.21505704442323,-0.729045110158206));
#3128=CARTESIAN_POINT('',(-2.14261662588231E-16,-2.17006224354697,-0.897001199670916));
#3129=CARTESIAN_POINT('',(-2.14261662588231E-16,-2.04310305597255,-1.22134115066359));
#3130=CARTESIAN_POINT('',(-2.3903737629542E-16,-1.96040383638919,-1.37839860152842));
#3131=CARTESIAN_POINT('',(-2.3903737629542E-16,-1.66891444583755,-1.81073581992273));
#3132=CARTESIAN_POINT('',(-2.42213749847623E-16,-1.4095367221766,-2.05697369017753));
#3133=CARTESIAN_POINT('',(-2.42213749847623E-16,-1.11079561358387,-2.2396725441106));
#3134=CARTESIAN_POINT('',(-2.29621274840129E-16,0.,0.));
#3135=CARTESIAN_POINT('',(4.9,0.171931651362659,2.09294995335763));
#3136=CARTESIAN_POINT('',(4.88732314985402,0.381331054022107,2.07574821136861));
#3137=CARTESIAN_POINT('',(4.87440350867595,0.589787539797065,2.0263510195497));
#3138=CARTESIAN_POINT('',(4.84895032920025,0.978726770901107,1.86977049512807));
#3139=CARTESIAN_POINT('',(4.83617675008763,1.16386326301156,1.76048198636496));
#3140=CARTESIAN_POINT('',(4.81065740294116,1.48866868562306,1.49590777247421));
#3141=CARTESIAN_POINT('',(4.7978526382597,1.63318336705571,1.33665134857654));
#3142=CARTESIAN_POINT('',(4.77244049128975,1.86513771607088,0.987515082501934));
#3143=CARTESIAN_POINT('',(4.75949659270706,1.9557527164263,0.793175799359649));
#3144=CARTESIAN_POINT('',(4.73414585141527,2.07408642034088,0.390207710657101));
#3145=CARTESIAN_POINT('',(4.72124107633613,2.10293436541988,0.179046397486546));
#3146=CARTESIAN_POINT('',(4.69573256371391,2.09658948913124,-0.242287168007728));
#3147=CARTESIAN_POINT('',(4.68315140230064,2.06199091223764,-0.450562371211968));
#3148=CARTESIAN_POINT('',(4.65736016092767,1.93058171390688,-0.853034125009731));
#3149=CARTESIAN_POINT('',(4.64492892848263,1.83653969975368,-1.04022188093064));
#3150=CARTESIAN_POINT('',(4.61917896074874,1.59159017017832,-1.3862829294664));
#3151=CARTESIAN_POINT('',(4.60651719114441,1.44550208125864,-1.53785815306536));
#3152=CARTESIAN_POINT('',(4.58104112892657,1.1108087057513,-1.79459967265677));
#3153=CARTESIAN_POINT('',(4.56814784019137,0.924509530445863,-1.897218899586));
#3154=CARTESIAN_POINT('',(4.54275355619892,0.530252223741592,-2.04278976011939));
#3155=CARTESIAN_POINT('',(4.52992765333793,0.320473675406259,-2.08596517044554));
#3156=CARTESIAN_POINT('',(4.50439359412404,-0.0982434693997857,-2.10815139154202));
#3157=CARTESIAN_POINT('',(4.49164803843461,-0.312186485015825,-2.0872027920374));
#3158=CARTESIAN_POINT('',(4.46617541559454,-0.718312414212816,-1.98441507051903));
#3159=CARTESIAN_POINT('',(4.45328677791181,-0.916543715320571,-1.90101747785482));
#3160=CARTESIAN_POINT('',(4.42793617950444,-1.2741523102919,-1.68239582838907));
#3161=CARTESIAN_POINT('',(4.41493466811229,-1.43835120722768,-1.54441904289097));
#3162=CARTESIAN_POINT('',(4.38959121654524,-1.71565144036811,-1.22907465621108));
#3163=CARTESIAN_POINT('',(4.37677340058496,-1.83096475668225,-1.04973244552412));
#3164=CARTESIAN_POINT('',(4.35115707375663,-2.00297901112294,-0.665165564652515));
#3165=CARTESIAN_POINT('',(4.33863178003979,-2.05953761749661,-0.461618784028897));
#3166=CARTESIAN_POINT('',(4.31286165098542,-2.1102304679825,-0.041406178890297));
#3167=CARTESIAN_POINT('',(4.30036434429192,-2.10398454849697,0.167981935750597));
#3168=CARTESIAN_POINT('',(4.27468234074835,-2.02792557795334,0.585223684871982));
#3169=CARTESIAN_POINT('',(4.26195809097473,-1.95949102565595,0.784155752642153));
#3170=CARTESIAN_POINT('',(4.23649668865738,-1.76436003386497,1.15824824408586));
#3171=CARTESIAN_POINT('',(4.2236584508976,-1.63882307679726,1.32982302127179));
#3172=CARTESIAN_POINT('',(4.1981573195256,-1.34278281465528,1.62822131714768));
#3173=CARTESIAN_POINT('',(4.18543173069825,-1.17086376819553,1.75585866041619));
#3174=CARTESIAN_POINT('',(4.1598894914859,-0.800590842894304,1.95269452329476));
#3175=CARTESIAN_POINT('',(4.14709914024461,-0.597817161454468,2.02397935044315));
#3176=CARTESIAN_POINT('',(4.12168438196295,-0.186241435764951,2.10218740771463));
#3177=CARTESIAN_POINT('',(4.10870964212154,0.0286744707899835,2.11023528243846));
#3178=CARTESIAN_POINT('',(4.08341241654536,0.445118109422018,2.06295541425107));
#3179=CARTESIAN_POINT('',(4.07041978266718,0.65225368102418,2.00714644866871));
#3180=CARTESIAN_POINT('',(4.04501678250378,1.03667581855615,1.83830763966044));
#3181=CARTESIAN_POINT('',(4.03228388237128,1.21697748743794,1.72433079994184));
#3182=CARTESIAN_POINT('',(4.0066231344079,1.53514552021156,1.4483366819677));
#3183=CARTESIAN_POINT('',(3.99408511974128,1.67239699351758,1.28757543501865));
#3184=CARTESIAN_POINT('',(3.96838265509524,1.89562233099234,0.928104618582012));
#3185=CARTESIAN_POINT('',(3.95579773087289,1.97833778034497,0.735647979385291));
#3186=CARTESIAN_POINT('',(3.9301620110767,2.08549223852379,0.325146806490463));
#3187=CARTESIAN_POINT('',(3.91741331499055,2.10738163418196,0.11605669481154));
#3188=CARTESIAN_POINT('',(3.89192408596683,2.08834192549537,-0.305539703993297));
#3189=CARTESIAN_POINT('',(3.8791921465627,2.04695290236424,-0.5139724044696));
#3190=CARTESIAN_POINT('',(3.85360093384602,1.90447143686001,-0.909490166652723));
#3191=CARTESIAN_POINT('',(3.84090866739881,1.80250375273685,-1.09770222338075));
#3192=CARTESIAN_POINT('',(3.81539498103519,1.54986245622087,-1.43244417575083));
#3193=CARTESIAN_POINT('',(3.80252803463226,1.39613456459637,-1.58262075630849));
#3194=CARTESIAN_POINT('',(3.77718669009933,1.05600113739959,-1.82722242175656));
#3195=CARTESIAN_POINT('',(3.76415661497952,0.864550518328037,-1.92521755869316));
#3196=CARTESIAN_POINT('',(3.73886313986705,0.467077298883447,-2.05809354595691));
#3197=CARTESIAN_POINT('',(3.72594356578651,0.255687888650643,-2.09491824631611));
#3198=CARTESIAN_POINT('',(3.70042789744378,-0.164015651016081,-2.10408118222006));
#3199=CARTESIAN_POINT('',(3.68777130135733,-0.375662091016726,-2.07682711863763));
#3200=CARTESIAN_POINT('',(3.6621324741813,-0.780500142550891,-1.96090601886316));
#3201=CARTESIAN_POINT('',(3.6495223267548,-0.972879183976176,-1.8730306468559));
#3202=CARTESIAN_POINT('',(3.62388950464753,-1.32685421073254,-1.64140050387982));
#3203=CARTESIAN_POINT('',(3.61122565392664,-1.48307200256219,-1.5018406524403));
#3204=CARTESIAN_POINT('',(3.58561860960209,-1.75353661040806,-1.17479243531133));
#3205=CARTESIAN_POINT('',(3.57292515373822,-1.86154347936417,-0.994586835395916));
#3206=CARTESIAN_POINT('',(3.54733513359748,-2.02223511010911,-0.604245197041806));
#3207=CARTESIAN_POINT('',(3.53469757509488,-2.07264728128431,-0.397909173057682));
#3208=CARTESIAN_POINT('',(3.51548424064081,-2.10095739453365,-0.0838310324941803));
#3209=CARTESIAN_POINT('',(3.50900450638964,-2.10251055033103,0.0230447030644632));
#3210=CARTESIAN_POINT('',(3.49629689785923,-2.08966585034128,0.233191566121174));
#3211=CARTESIAN_POINT('',(3.48999698222624,-2.07543532219031,0.336991104593063));
#3212=CARTESIAN_POINT('',(3.47091164336215,-2.00959702385253,0.6445920620076));
#3213=CARTESIAN_POINT('',(3.45796127749498,-1.93361590033257,0.845583898902186));
#3214=CARTESIAN_POINT('',(3.43266372978302,-1.7284761481224,1.2108892540086));
#3215=CARTESIAN_POINT('',(3.41962660208085,-1.59625850776555,1.38053025723327));
#3216=CARTESIAN_POINT('',(3.39428558163984,-1.29200855707079,1.66871774222195));
#3217=CARTESIAN_POINT('',(3.38146398272588,-1.11586336615383,1.79133912773716));
#3218=CARTESIAN_POINT('',(3.36228943207592,-0.83342740122505,1.93039128093473));
#3219=CARTESIAN_POINT('',(3.35596620234975,-0.736264856023676,1.96950916602727));
#3220=CARTESIAN_POINT('',(3.3432780164027,-0.535882065572345,2.03319519601019));
#3221=CARTESIAN_POINT('',(3.33683608867168,-0.431860719418207,2.05780835142461));
#3222=CARTESIAN_POINT('',(3.31764388043669,-0.119964729778644,2.10711272415269));
#3223=CARTESIAN_POINT('',(3.30494070937979,0.0916427728086382,2.10862876878697));
#3224=CARTESIAN_POINT('',(3.27938441531755,0.510190610107588,2.04802813059835));
#3225=CARTESIAN_POINT('',(3.26668630102429,0.710718834315073,1.98744455606003));
#3226=CARTESIAN_POINT('',(3.241050790174,1.09405857032668,1.80501882803409));
#3227=CARTESIAN_POINT('',(3.22845527973525,1.26790787229591,1.68729890836797));
#3228=CARTESIAN_POINT('',(3.20275806317321,1.57838844527097,1.40116305069923));
#3229=CARTESIAN_POINT('',(3.1901776717083,1.71110218752028,1.23545275640392));
#3230=CARTESIAN_POINT('',(3.17098850993209,1.86934042842647,0.962610988411745));
#3231=CARTESIAN_POINT('',(3.16447587778181,1.9158509833157,0.866367155179482));
#3232=CARTESIAN_POINT('',(3.15173683835599,1.99287398494025,0.670470221556424));
#3233=CARTESIAN_POINT('',(3.14545050408507,2.02377858979466,0.570365990508885));
#3234=CARTESIAN_POINT('',(3.12640970376276,2.09391046050987,0.263680787940994));
#3235=CARTESIAN_POINT('',(3.11339566869262,2.10984392612896,0.0494327449842067));
#3236=CARTESIAN_POINT('',(3.08811526110136,2.07803176896947,-0.36833267035873));
#3237=CARTESIAN_POINT('',(3.07515604588104,2.0297513170697,-0.577935017217057));
#3238=CARTESIAN_POINT('',(3.04970188301349,1.87555234233468,-0.967575684086139));
#3239=CARTESIAN_POINT('',(3.03695589866949,1.7675841097099,-1.15311861247528));
#3240=CARTESIAN_POINT('',(3.01778377731231,1.57023689682126,-1.39834370513659));
#3241=CARTESIAN_POINT('',(3.01141638586083,1.49866028411498,-1.47481301801873));
#3242=CARTESIAN_POINT('',(2.99871290698167,1.34384491548926,-1.61713850007189));
#3243=CARTESIAN_POINT('',(2.99229224633339,1.25991900308877,-1.68335345436905));
#3244=CARTESIAN_POINT('',(2.97315949409446,0.998012648264377,-1.85964236901236));
#3245=CARTESIAN_POINT('',(2.96037061640094,0.806707860421806,-1.95036201687925));
#3246=CARTESIAN_POINT('',(2.93485313809478,0.401790149240175,-2.07201695092612));
#3247=CARTESIAN_POINT('',(2.92218009777242,0.194421735194214,-2.10173407305576));
#3248=CARTESIAN_POINT('',(2.89645475858213,-0.230231758337929,-2.09811326253186));
#3249=CARTESIAN_POINT('',(2.88396758864802,-0.437382473285991,-2.06477281900379));
#3250=CARTESIAN_POINT('',(2.85824040309505,-0.839713006757681,-1.93635541373907));
#3251=CARTESIAN_POINT('',(2.8456353025639,-1.02986312433927,-1.84217602215498));
#3252=CARTESIAN_POINT('',(2.82648330882402,-1.28851042884753,-1.66156507926121));
#3253=CARTESIAN_POINT('',(2.81997213519717,-1.37129474309577,-1.59393320636533));
#3254=CARTESIAN_POINT('',(2.80717767736419,-1.52376117963069,-1.44886997561776));
#3255=CARTESIAN_POINT('',(2.80088889010271,-1.59402289020594,-1.37116396283491));
#3256=CARTESIAN_POINT('',(2.78189089455182,-1.78705123520945,-1.12269596625577));
#3257=CARTESIAN_POINT('',(2.76887119688082,-1.89189429881823,-0.935212764523024));
#3258=CARTESIAN_POINT('',(2.74354509145827,-2.03936186075141,-0.543037893466259));
#3259=CARTESIAN_POINT('',(2.73067590190887,-2.08404695562651,-0.332630094159701));
#3260=CARTESIAN_POINT('',(2.70515411123387,-2.10868584144295,0.085665132316744));
#3261=CARTESIAN_POINT('',(2.69242131556021,-2.08909959934623,0.299481506065698));
#3262=CARTESIAN_POINT('',(2.67329017162949,-2.01368369035445,0.605049231316316));
#3263=CARTESIAN_POINT('',(2.66690625431455,-1.98106550333994,0.704584416090763));
#3264=CARTESIAN_POINT('',(2.65415068696763,-1.90076104455714,0.898981189689502));
#3265=CARTESIAN_POINT('',(2.64773842988952,-1.85261331137612,0.994431779070246));
#3266=CARTESIAN_POINT('',(2.62865332012293,-1.68959718674503,1.26473077190148));
#3267=CARTESIAN_POINT('',(2.61580930378671,-1.55437222668563,1.4277928299182));
#3268=CARTESIAN_POINT('',(2.59029454474041,-1.23870017788903,1.70888479821056));
#3269=CARTESIAN_POINT('',(2.57771836855518,-1.06324148387967,1.82335742648188));
#3270=CARTESIAN_POINT('',(2.55187639724661,-0.676599492034485,1.99933185967912));
#3271=CARTESIAN_POINT('',(2.53945174771005,-0.474865964128515,2.05648139571669));
#3272=CARTESIAN_POINT('',(2.51373813834664,-0.0558138647841801,2.10985739501855));
#3273=CARTESIAN_POINT('',(2.5010689316311,0.156206324269656,2.10472019917496));
#3274=CARTESIAN_POINT('',(2.48197005795828,0.466973002851408,2.05012148365583));
#3275=CARTESIAN_POINT('',(2.47547840525357,0.57056930423808,2.02373877134048));
#3276=CARTESIAN_POINT('',(2.46266209089409,0.769972541579913,1.95658126096985));
#3277=CARTESIAN_POINT('',(2.45633498072693,0.866458855779283,1.91578992334573));
#3278=CARTESIAN_POINT('',(2.43734600452075,1.14634404213235,1.77197721590126));
#3279=CARTESIAN_POINT('',(2.42438775124235,1.32048803987004,1.64626843791088));
#3280=CARTESIAN_POINT('',(2.39895087410561,1.61969026143668,1.35295672144697));
#3281=CARTESIAN_POINT('',(2.38617468852496,1.74900019236153,1.1810542952786));
#3282=CARTESIAN_POINT('',(2.36065579020401,1.94785714184503,0.812245945659326));
#3283=CARTESIAN_POINT('',(2.34786778803448,2.02034435762537,0.61010297015145));
#3284=CARTESIAN_POINT('',(2.32878372793666,2.0809208747864,0.301284835782168));
#3285=CARTESIAN_POINT('',(2.32241011193959,2.09335730556567,0.197278140552067));
#3286=CARTESIAN_POINT('',(2.3096047186708,2.10259302938728,-0.0128851184274906));
#3287=CARTESIAN_POINT('',(2.30317238072697,2.09922107516995,-0.119739205227112));
#3288=CARTESIAN_POINT('',(2.28412650046266,2.0655073792386,-0.433527006235238));
#3289=CARTESIAN_POINT('',(2.27129834994963,2.01169477566042,-0.638533352891292));
#3290=CARTESIAN_POINT('',(2.24571711495452,1.84417610034001,-1.02647709380616));
#3291=CARTESIAN_POINT('',(2.233230434676,1.73342290255017,-1.2043213549481));
#3292=CARTESIAN_POINT('',(2.20733938421142,1.45706109436649,-1.52712732028244));
#3293=CARTESIAN_POINT('',(2.19490869904328,1.29839963341566,-1.66396993635522));
#3294=CARTESIAN_POINT('',(2.16925230331152,0.94091736124832,-1.8892623101225));
#3295=CARTESIAN_POINT('',(2.1565026531369,0.746638648557579,-1.97403022003089));
#3296=CARTESIAN_POINT('',(2.13743858858994,0.441800481022178,-2.05569416019196));
#3297=CARTESIAN_POINT('',(2.13096917972306,0.336744613291318,-2.07549195933375));
#3298=CARTESIAN_POINT('',(2.11815705478622,0.127665341488527,-2.09875328907959));
#3299=CARTESIAN_POINT('',(2.11178686889603,0.0229839647410681,-2.10249281871989));
#3300=CARTESIAN_POINT('',(2.09277288295928,-0.291481342196464,-2.09022866901376));
#3301=CARTESIAN_POINT('',(2.0799173411257,-0.502379314689785,-2.04975747886102));
#3302=CARTESIAN_POINT('',(2.05440503907861,-0.897425213144347,-1.91010960020301));
#3303=CARTESIAN_POINT('',(2.04164691108444,-1.08720201184154,-1.80883385237862));
#3304=CARTESIAN_POINT('',(2.01616446014379,-1.42311610354823,-1.5584058123239));
#3305=CARTESIAN_POINT('',(2.003293069479,-1.57416045453944,-1.40571226966767));
#3306=CARTESIAN_POINT('',(1.98426564830824,-1.75938592188023,-1.15133105939263));
#3307=CARTESIAN_POINT('',(1.97791455585339,-1.81455745974238,-1.06228469598734));
#3308=CARTESIAN_POINT('',(1.96509739776206,-1.91163927756037,-0.875615681977015));
#3309=CARTESIAN_POINT('',(1.95862021746347,-1.9536718424898,-0.777321565847487));
#3310=CARTESIAN_POINT('',(1.9395744979361,-2.05551030641606,-0.478672455541022));
#3311=CARTESIAN_POINT('',(1.92682187620906,-2.09325594961048,-0.26999150471752));
#3312=CARTESIAN_POINT('',(1.90113242551039,-2.10509453990116,0.152292026310119));
#3313=CARTESIAN_POINT('',(1.88870983306114,-2.07971696466293,0.360409097292548));
#3314=CARTESIAN_POINT('',(1.86285091348018,-1.96542382887273,0.76956256627858));
#3315=CARTESIAN_POINT('',(1.85035097903866,-1.87935302116865,0.960569781972705));
#3316=CARTESIAN_POINT('',(1.82475053661709,-1.65027250059183,1.31577458479984));
#3317=CARTESIAN_POINT('',(1.811933097118,-1.50998908798219,1.47452185259509));
#3318=CARTESIAN_POINT('',(1.79288830557182,-1.26804179768437,1.67724191285182));
#3319=CARTESIAN_POINT('',(1.78644583785859,-1.18115229770713,1.73952268383991));
#3320=CARTESIAN_POINT('',(1.77366302061154,-1.00145098962465,1.84882552809947));
#3321=CARTESIAN_POINT('',(1.76727956906035,-0.908130871848027,1.89639258131313));
#3322=CARTESIAN_POINT('',(1.74818539031395,-0.617835675478802,2.01799531455288));
#3323=CARTESIAN_POINT('',(1.73541857465589,-0.409590073789773,2.07029708950621));
#3324=CARTESIAN_POINT('',(1.70989090312948,0.00750354074893316,2.11041175229888));
#3325=CARTESIAN_POINT('',(1.69709256695279,0.222288605599397,2.09868384565189));
#3326=CARTESIAN_POINT('',(1.67168191275614,0.632499817695868,2.01341254808701));
#3327=CARTESIAN_POINT('',(1.65872495619403,0.833900753103458,1.93871317636831));
#3328=CARTESIAN_POINT('',(1.63973000060526,1.1091492116543,1.78627764858918));
#3329=CARTESIAN_POINT('',(1.63340154550209,1.19675187520401,1.72883105057227));
#3330=CARTESIAN_POINT('',(1.62059347757019,1.36357392025995,1.6005430379137));
#3331=CARTESIAN_POINT('',(1.61408066509659,1.44315556924483,1.52916980405605));
#3332=CARTESIAN_POINT('',(1.59499423420607,1.66147325642509,1.30143757625981));
#3333=CARTESIAN_POINT('',(1.58233548144399,1.7838222380854,1.12808270073969));
#3334=CARTESIAN_POINT('',(1.55660909530771,1.97271001378309,0.750338295914643));
#3335=CARTESIAN_POINT('',(1.54416442776891,2.03757106892208,0.550810159369816));
#3336=CARTESIAN_POINT('',(1.5183625016259,2.1065901347933,0.131778968598265));
#3337=CARTESIAN_POINT('',(1.50577570470991,2.10918233653459,-0.0776977007583661));
#3338=CARTESIAN_POINT('',(1.48023491682436,2.05138022492811,-0.496514082606467));
#3339=CARTESIAN_POINT('',(1.46739906661578,1.99122286392985,-0.699521273049037));
#3340=CARTESIAN_POINT('',(1.44832930491192,1.85740024585336,-0.985463826340248));
#3341=CARTESIAN_POINT('',(1.44190587138034,1.80490911725818,-1.07859131161405));
#3342=CARTESIAN_POINT('',(1.42915567058466,1.68814048616757,-1.25349026243245));
#3343=CARTESIAN_POINT('',(1.42278361051671,1.62361451651685,-1.33599578037561));
#3344=CARTESIAN_POINT('',(1.40362019029355,1.41173191015935,-1.56877286677853));
#3345=CARTESIAN_POINT('',(1.39089407724106,1.24503933267125,-1.70404681467319));
#3346=CARTESIAN_POINT('',(1.36540724042812,0.883818221794847,-1.91644562597527));
#3347=CARTESIAN_POINT('',(1.35252850392794,0.684154576238355,-1.99645106222562));
#3348=CARTESIAN_POINT('',(1.32717963466787,0.276284508548055,-2.09225983051486));
#3349=CARTESIAN_POINT('',(1.31416036498942,0.0621435282524047,-2.10953277483133));
#3350=CARTESIAN_POINT('',(1.29517562183976,-0.251692027693061,-2.08749819394977));
#3351=CARTESIAN_POINT('',(1.28887195870944,-0.355361388670836,-2.07238863723977));
#3352=CARTESIAN_POINT('',(1.27609404050289,-0.560781562284426,-2.0264748751762));
#3353=CARTESIAN_POINT('',(1.26958381419906,-0.663043928642193,-1.99535128413101));
#3354=CARTESIAN_POINT('',(1.25041415702652,-0.957017206241375,-1.88104600170442));
#3355=CARTESIAN_POINT('',(1.23782055869831,-1.1411903135953,-1.7754589598018));
#3356=CARTESIAN_POINT('',(1.21210776922123,-1.47176080162995,-1.51277559227065));
#3357=CARTESIAN_POINT('',(1.19959367064891,-1.61485938195012,-1.35914970872234));
#3358=CARTESIAN_POINT('',(1.17387603128913,-1.85418367326811,-1.00849474960375));
#3359=CARTESIAN_POINT('',(1.1612144400631,-1.94494530193212,-0.819694870185695));
#3360=CARTESIAN_POINT('',(1.13569289924723,-2.06931809057964,-0.415493137989552));
#3361=CARTESIAN_POINT('',(1.12290160309275,-2.10043016972456,-0.20617445956409));
#3362=CARTESIAN_POINT('',(1.10375879138847,-2.09977820079583,0.109591098539265));
#3363=CARTESIAN_POINT('',(1.09734809014617,-2.09148869862654,0.216165468444352));
#3364=CARTESIAN_POINT('',(1.08463616052073,-2.05944202430749,0.423970558820482));
#3365=CARTESIAN_POINT('',(1.07828741515778,-2.03576429437611,0.525999244466603));
#3366=CARTESIAN_POINT('',(1.05911092191349,-1.94189773219757,0.826485975337986));
#3367=CARTESIAN_POINT('',(1.04634824182047,-1.84788155744063,1.01942983525104));
#3368=CARTESIAN_POINT('',(1.02091642660165,-1.61002552735661,1.36444906119255));
#3369=CARTESIAN_POINT('',(1.00795148349621,-1.46278253171857,1.52123308282179));
#3370=CARTESIAN_POINT('',(0.982659172832549,-1.13345149106644,1.78021643200251));
#3371=CARTESIAN_POINT('',(0.969639838707813,-0.946575386470636,1.88625979688245));
#3372=CARTESIAN_POINT('',(0.950616669984905,-0.652788102920491,1.99871532204745));
#3373=CARTESIAN_POINT('',(0.94432781691204,-0.552421039690935,2.02877105412144));
#3374=CARTESIAN_POINT('',(0.931578645236735,-0.346769993224056,2.07384463423218));
#3375=CARTESIAN_POINT('',(0.925084575521964,-0.240931638476551,2.08878000847361));
#3376=CARTESIAN_POINT('',(0.905873836075212,0.073762650225768,2.10920814153173));
#3377=CARTESIAN_POINT('',(0.893278785854207,0.285395691084715,2.09119526538835));
#3378=CARTESIAN_POINT('',(0.867628660347894,0.69584321608789,1.99257385235701));
#3379=CARTESIAN_POINT('',(0.855019049944457,0.890533212365669,1.91363020410536));
#3380=CARTESIAN_POINT('',(0.829366781511316,1.25536210571047,1.69678989386924));
#3381=CARTESIAN_POINT('',(0.816664740345263,1.41732606111416,1.56394483925733));
#3382=CARTESIAN_POINT('',(0.791122980190366,1.70073391620796,1.24989630370401));
#3383=CARTESIAN_POINT('',(0.778438375319093,1.81720881183678,1.073351535095));
#3384=CARTESIAN_POINT('',(0.752812032266867,1.99412820450307,0.691219276144275));
#3385=CARTESIAN_POINT('',(0.740160120850383,2.0536738195549,0.486293279621026));
#3386=CARTESIAN_POINT('',(0.714614011034967,2.1092959902986,0.0701978364340664));
#3387=CARTESIAN_POINT('',(0.701779288464409,2.10548613733778,-0.144350592957864));
#3388=CARTESIAN_POINT('',(0.676420865572769,2.03544864484474,-0.557546215491191));
#3389=CARTESIAN_POINT('',(0.663395961608929,1.96812679757339,-0.761812311153776));
#3390=CARTESIAN_POINT('',(0.638112896620265,1.77885910779639,-1.13557974768915));
#3391=CARTESIAN_POINT('',(0.625160106428426,1.65417037245691,-1.31060732821232));
#3392=CARTESIAN_POINT('',(0.599683835200539,1.36235485374302,-1.6118189856063));
#3393=CARTESIAN_POINT('',(0.586980483407202,1.1921094602373,-1.74156828573045));
#3394=CARTESIAN_POINT('',(0.561379910542294,0.8232674144233,-1.943300240158));
#3395=CARTESIAN_POINT('',(0.54871944504664,0.623706985564161,-2.01631268809153));
#3396=CARTESIAN_POINT('',(0.523137030464121,0.210077044287353,-2.10009402062477));
#3397=CARTESIAN_POINT('',(0.510437110372065,0.000121047532260886,-2.11068741497721));
#3398=CARTESIAN_POINT('',(0.484835669156739,-0.422003679227643,-2.06807018089668));
#3399=CARTESIAN_POINT('',(0.472168629392945,-0.624903024502204,-2.01600024303043));
#3400=CARTESIAN_POINT('',(0.446535341735959,-1.01447310865668,-1.85083902102349));
#3401=CARTESIAN_POINT('',(0.433947225527742,-1.1944716011391,-1.73999620074697));
#3402=CARTESIAN_POINT('',(0.408285026189327,-1.51619282252332,-1.46816501438716));
#3403=CARTESIAN_POINT('',(0.395613657540685,-1.65660031537235,-1.3075721821852));
#3404=CARTESIAN_POINT('',(0.370130781234716,-1.88265646529912,-0.953768446837994));
#3405=CARTESIAN_POINT('',(0.357212527070824,-1.96972239943666,-0.757699272532967));
#3406=CARTESIAN_POINT('',(0.331900487683657,-2.08061026263462,-0.353518674837694));
#3407=CARTESIAN_POINT('',(0.318860454956311,-2.10577727021146,-0.139932734903604));
#3408=CARTESIAN_POINT('',(0.293538350318021,-2.0919268718207,0.278784943982373));
#3409=CARTESIAN_POINT('',(0.280684627286589,-2.05274189092291,0.490115406235077));
#3410=CARTESIAN_POINT('',(0.255146722669038,-1.91531513028605,0.886301491523102));
#3411=CARTESIAN_POINT('',(0.242446864872813,-1.81569705221581,1.07583231087691));
#3412=CARTESIAN_POINT('',(0.216890496781181,-1.5664813877058,1.41432210211226));
#3413=CARTESIAN_POINT('',(0.204140052862273,-1.41630410870682,1.56479690341734));
#3414=CARTESIAN_POINT('',(0.17863518261025,-1.07674464050359,1.81524864865151));
#3415=CARTESIAN_POINT('',(0.165885220891445,-0.890747548618505,1.91351543384392));
#3416=CARTESIAN_POINT('',(0.140279714468485,-0.490194509471851,2.05296903381723));
#3417=CARTESIAN_POINT('',(0.127699777997626,-0.284274411116533,2.09140455789661));
#3418=CARTESIAN_POINT('',(0.101949613743176,0.138720520833088,2.10607254925042));
#3419=CARTESIAN_POINT('',(0.0894313013999346,0.348563533322779,2.08155509004924));
#3420=CARTESIAN_POINT('',(0.0637945336879122,0.755035140873243,1.97086023495297));
#3421=CARTESIAN_POINT('',(0.0510541514664022,0.950016587872513,1.88455584160761));
#3422=CARTESIAN_POINT('',(0.025630218349802,1.30431758061198,1.65916782944849));
#3423=CARTESIAN_POINT('',(0.0126446618646793,1.46595395188889,1.51818942486723));
#3424=CARTESIAN_POINT('',(-2.53262851229036E-16,1.60151314128237,1.35836506812413));
#3425=CARTESIAN_POINT('',(2.67815681944165E-12,-1.60151314131108,1.35836506809028));
#3426=CARTESIAN_POINT('',(0.0128081922345147,-1.73882548505595,1.196473741423));
#3427=CARTESIAN_POINT('',(0.0254377275593714,-1.84879367047843,1.01817043809155));
#3428=CARTESIAN_POINT('',(0.0511114425198318,-2.01466101953027,0.62916615721913));
#3429=CARTESIAN_POINT('',(0.0636793502971264,-2.06745176947508,0.424212321056837));
#3430=CARTESIAN_POINT('',(0.0829139955625246,-2.09975098695537,0.110109131730695));
#3431=CARTESIAN_POINT('',(0.0894066301166011,-2.1026275334241,0.00325474122674206));
#3432=CARTESIAN_POINT('',(0.102104098450921,-2.09243899001821,-0.206766077259147));
#3433=CARTESIAN_POINT('',(0.108397149661614,-2.07953581852626,-0.310713191136076));
#3434=CARTESIAN_POINT('',(0.12748199512064,-2.01753334577583,-0.619360015985112));
#3435=CARTESIAN_POINT('',(0.140439100350366,-1.94416427557384,-0.821054909499631));
#3436=CARTESIAN_POINT('',(0.165734572394717,-1.74359975352346,-1.1890188368331));
#3437=CARTESIAN_POINT('',(0.17875831825686,-1.61351851079958,-1.36030921577787));
#3438=CARTESIAN_POINT('',(0.204122092374371,-1.31300506642071,-1.65224115757254));
#3439=CARTESIAN_POINT('',(0.216932131151866,-1.13820174399383,-1.7772104724538));
#3440=CARTESIAN_POINT('',(0.236095027143867,-0.857752492479123,-1.9197019898941));
#3441=CARTESIAN_POINT('',(0.242433438148117,-0.761070880749446,-1.96006437563266));
#3442=CARTESIAN_POINT('',(0.255139296309571,-0.561242485227096,-2.02634846828602));
#3443=CARTESIAN_POINT('',(0.261574580194788,-0.457534588207391,-2.05224580354299));
#3444=CARTESIAN_POINT('',(0.280728229763491,-0.146678044087531,-2.10539509395419));
#3445=CARTESIAN_POINT('',(0.293504122653317,0.0656643850483877,-2.10955942775247));
#3446=CARTESIAN_POINT('',(0.319000141027049,0.484181784013089,-2.05429325820658));
#3447=CARTESIAN_POINT('',(0.331733611568383,0.686031488534741,-1.9960946333945));
#3448=CARTESIAN_POINT('',(0.357378341203389,1.07150410813287,-1.81849166480957));
#3449=CARTESIAN_POINT('',(0.369917223667246,1.2464520913042,-1.70325877624689));
#3450=CARTESIAN_POINT('',(0.39567693773158,1.56106269702086,-1.4204986908648));
#3451=CARTESIAN_POINT('',(0.408211450210693,1.69533151672299,-1.25705316272803));
#3452=CARTESIAN_POINT('',(0.433815231909229,1.91114727328813,-0.895459493959479));
#3453=CARTESIAN_POINT('',(0.446603563366059,1.99174450002407,-0.697863538618419));
#3454=CARTESIAN_POINT('',(0.471993497246551,2.09046857550663,-0.289828926659195));
#3455=CARTESIAN_POINT('',(0.485001716468125,2.10905800672417,-0.0760586019083488));
#3456=CARTESIAN_POINT('',(0.510295638181471,2.0825014605831,0.342196220494681));
#3457=CARTESIAN_POINT('',(0.523226419030018,2.03684997726022,0.55237847921903));
#3458=CARTESIAN_POINT('',(0.548701849233542,1.88760184702566,0.943842720623835));
#3459=CARTESIAN_POINT('',(0.561451085388259,1.78184256597501,1.13093280473362));
#3460=CARTESIAN_POINT('',(0.586985368592592,1.52303187874062,1.46094005184433));
#3461=CARTESIAN_POINT('',(0.599762422712269,1.36725161268702,1.60773495337148));
#3462=CARTESIAN_POINT('',(0.625220832630957,1.02144658579367,1.84684474849894));
#3463=CARTESIAN_POINT('',(0.638073738155996,0.830601841029212,1.94026581063061));
#3464=CARTESIAN_POINT('',(0.663542465582942,0.427949281381781,2.06673419838836));
#3465=CARTESIAN_POINT('',(0.676235496485951,0.22024680654742,2.09916492848786));
#3466=CARTESIAN_POINT('',(0.701975275725644,-0.204023773918781,2.10080373963484));
#3467=CARTESIAN_POINT('',(0.714417146219231,-0.411262975758068,2.07017428603083));
#3468=CARTESIAN_POINT('',(0.740189824676822,-0.815923803808096,1.94654235919796));
#3469=CARTESIAN_POINT('',(0.752763663801059,-1.00650868185859,1.85507172484009));
#3470=CARTESIAN_POINT('',(0.778314170427838,-1.35482897001336,1.61826737375825));
#3471=CARTESIAN_POINT('',(0.79118271552783,-1.51121363173676,1.4731956206396));
#3472=CARTESIAN_POINT('',(0.816524613835944,-1.77293847681475,1.14488476924469));
#3473=CARTESIAN_POINT('',(0.829517112671603,-1.87997466839113,0.958963000338496));
#3474=CARTESIAN_POINT('',(0.85487634199461,-2.03240461992712,0.568547492043936));
#3475=CARTESIAN_POINT('',(0.867716625333837,-2.07970831516907,0.358735229590508));
#3476=CARTESIAN_POINT('',(0.893240273559215,-2.1095924757488,-0.0591373604143559));
#3477=CARTESIAN_POINT('',(0.905996908165403,-2.09265665679917,-0.27340931333957));
#3478=CARTESIAN_POINT('',(0.931468939532379,-1.99728505879534,-0.681774838036425));
#3479=CARTESIAN_POINT('',(0.944336806740163,-1.91797529378085,-0.880650467189327));
#3480=CARTESIAN_POINT('',(0.969736920040261,-1.70540158734721,-1.24329397118628));
#3481=CARTESIAN_POINT('',(0.982629059748321,-1.57173726253549,-1.40859884535847));
#3482=CARTESIAN_POINT('',(1.00811278155998,-1.26013380522232,-1.69309524909962));
#3483=CARTESIAN_POINT('',(1.02071413257389,-1.08538937544482,-1.81022144095932));
#3484=CARTESIAN_POINT('',(1.04653234720542,-0.701561433019053,-1.99067408616719));
#3485=CARTESIAN_POINT('',(1.05894434264069,-0.50075839289892,-2.05037222636658));
#3486=CARTESIAN_POINT('',(1.08469319255769,-0.0815962841994988,-2.10905838731862));
#3487=CARTESIAN_POINT('',(1.097338071922,0.129658071726802,-2.10655154900498));
#3488=CARTESIAN_POINT('',(1.1228199213676,0.545466527846735,-2.03883224203906));
#3489=CARTESIAN_POINT('',(1.13573750113641,0.748377190080351,-1.97332602604765));
#3490=CARTESIAN_POINT('',(1.1610812575183,1.12425139847526,-1.78609709051215));
#3491=CARTESIAN_POINT('',(1.1739943264928,1.29970945973701,-1.66273088859912));
#3492=CARTESIAN_POINT('',(1.1994708093644,1.60266688419801,-1.37309050900752));
#3493=CARTESIAN_POINT('',(1.21222981051806,1.73408527078063,-1.20284035393065));
#3494=CARTESIAN_POINT('',(1.23773595128901,1.93751332878775,-0.836611465467772));
#3495=CARTESIAN_POINT('',(1.25055883130394,2.01258486246124,-0.635184777541319));
#3496=CARTESIAN_POINT('',(1.27596676916197,2.09843902091967,-0.224746981537095));
#3497=CARTESIAN_POINT('',(1.28891663359732,2.11045994605613,-0.0109206049058858));
#3498=CARTESIAN_POINT('',(1.3142758510983,2.07077589680161,0.407489421634794));
#3499=CARTESIAN_POINT('',(1.32712789628778,2.01932261673117,0.613858503972716));
#3500=CARTESIAN_POINT('',(1.35269933257933,1.85691293891094,1.00317517445698));
#3501=CARTESIAN_POINT('',(1.36522115694258,1.74783492212485,1.18322263100258));
#3502=CARTESIAN_POINT('',(1.39105376462336,1.4760848102608,1.5086803314265));
#3503=CARTESIAN_POINT('',(1.40349855366453,1.31924170818643,1.64754784064148));
#3504=CARTESIAN_POINT('',(1.42918537286999,0.963880553336588,1.87769722019302));
#3505=CARTESIAN_POINT('',(1.44190792146208,0.771417305210251,1.96451159647326));
#3506=CARTESIAN_POINT('',(1.46735106416293,0.365776314546408,2.07860485883504));
#3507=CARTESIAN_POINT('',(1.48026899921672,0.15426189230599,2.10482755824585));
#3508=CARTESIAN_POINT('',(1.50566624828175,-0.265570504320311,2.0936972294494));
#3509=CARTESIAN_POINT('',(1.51847561532154,-0.476655669605388,2.05589958558339));
#3510=CARTESIAN_POINT('',(1.54400620821033,-0.873564789274668,1.92114764979385));
#3511=CARTESIAN_POINT('',(1.55676811032441,-1.06453919974026,1.82226031088974));
#3512=CARTESIAN_POINT('',(1.58222988794819,-1.40351060267648,1.57608195745091));
#3513=CARTESIAN_POINT('',(1.59513954785237,-1.55658151256989,1.42513331367891));
#3514=CARTESIAN_POINT('',(1.62047665428307,-1.80759804812032,1.08928428955136));
#3515=CARTESIAN_POINT('',(1.6334639601044,-1.90875299027826,0.900448836192383));
#3516=CARTESIAN_POINT('',(1.65883881116284,-2.04931479023261,0.504435303116557));
#3517=CARTESIAN_POINT('',(1.67160783991044,-2.08976753607559,0.295525609719707));
#3518=CARTESIAN_POINT('',(1.69727445029426,-2.10680405669337,-0.125858680813113));
#3519=CARTESIAN_POINT('',(1.70975355234017,-2.08387056673089,-0.335258543663139));
#3520=CARTESIAN_POINT('',(1.73554131483923,-1.97486495783487,-0.744864570443726));
#3521=CARTESIAN_POINT('',(1.74806412479923,-1.89128744148833,-0.936948265452735));
#3522=CARTESIAN_POINT('',(1.77369625187753,-1.66616001493534,-1.29566625451814));
#3523=CARTESIAN_POINT('',(1.78647644826883,-1.52838963657612,-1.45548461471093));
#3524=CARTESIAN_POINT('',(1.8119078474846,-1.20870666080124,-1.7301556441512));
#3525=CARTESIAN_POINT('',(1.82474124809328,-1.02808328805164,-1.84313640670098));
#3526=CARTESIAN_POINT('',(1.85025693306281,-0.642715831006916,-2.01022969370437));
#3527=CARTESIAN_POINT('',(1.86298536654895,-0.435441408131705,-2.06502314582816));
#3528=CARTESIAN_POINT('',(1.88851693718959,-0.0187104743698799,-2.1103506179947));
#3529=CARTESIAN_POINT('',(1.90133217993334,0.196137454828098,-2.1012869574743));
#3530=CARTESIAN_POINT('',(1.9267199030899,0.607335824303546,-2.02114323474502));
#3531=CARTESIAN_POINT('',(1.939708871947,0.809823327227067,-1.9488792902569));
#3532=CARTESIAN_POINT('',(1.96501259441692,1.17909161168067,-1.75033919015077));
#3533=CARTESIAN_POINT('',(1.97797846169636,1.35053091292989,-1.62178838686453));
#3534=CARTESIAN_POINT('',(2.0034295238811,1.64502689294845,-1.32212625721762));
#3535=CARTESIAN_POINT('',(2.01610531705068,1.76991541796559,-1.14971395474679));
#3536=CARTESIAN_POINT('',(2.04178995709502,1.96312948957677,-0.774961529139265));
#3537=CARTESIAN_POINT('',(2.05430832707949,2.03073929333438,-0.575313386154288));
#3538=CARTESIAN_POINT('',(2.08003376156777,2.10473160885868,-0.158089925206128));
#3539=CARTESIAN_POINT('',(2.09264425744061,2.11003198801182,0.0513157567514766));
#3540=CARTESIAN_POINT('',(2.11822404455707,2.05728067816464,0.471661434266704));
#3541=CARTESIAN_POINT('',(2.1310035586738,1.99984906799134,0.674561695684234));
#3542=CARTESIAN_POINT('',(2.15648645815599,1.82588976310869,1.05856334199003));
#3543=CARTESIAN_POINT('',(2.16922386880064,1.7098567887613,1.23713744601149));
#3544=CARTESIAN_POINT('',(2.19481132255912,1.43095332221749,1.55128717136179));
#3545=CARTESIAN_POINT('',(2.20752162363879,1.26620006002297,1.68839399909176));
#3546=CARTESIAN_POINT('',(2.23300312752383,0.907489820828078,1.90536062551546));
#3547=CARTESIAN_POINT('',(2.24590222539259,0.708903813453896,1.98779595637414));
#3548=CARTESIAN_POINT('',(2.2712317603701,0.302288464222426,2.08865963366579));
#3549=CARTESIAN_POINT('',(2.28426954541911,0.0882020689611491,2.1085914614839));
#3550=CARTESIAN_POINT('',(2.30957574444418,-0.330326475827995,2.084423655541));
#3551=CARTESIAN_POINT('',(2.32244834380936,-0.540060540627991,2.04020861426302));
#3552=CARTESIAN_POINT('',(2.34800254340125,-0.933438419517637,1.89283102632666));
#3553=CARTESIAN_POINT('',(2.36063077727101,-1.11950166297774,1.78917264372982));
#3554=CARTESIAN_POINT('',(2.38628982074909,-1.45273253891467,1.53100976249651));
#3555=CARTESIAN_POINT('',(2.39888702651381,-1.59836152678356,1.37844165934562));
#3556=CARTESIAN_POINT('',(2.42452864952529,-1.84142684443808,1.03150770966784));
#3557=CARTESIAN_POINT('',(2.43720524648185,-1.93461033248017,0.843907001835604));
#3558=CARTESIAN_POINT('',(2.46277812061457,-2.0641984593928,0.440432612923471));
#3559=CARTESIAN_POINT('',(2.4754895256981,-2.09772511852032,0.232374831313259));
#3560=CARTESIAN_POINT('',(2.50108915212408,-2.10205358271148,-0.189260324708479));
#3561=CARTESIAN_POINT('',(2.51372772878367,-2.07222280598693,-0.40003178817496));
#3562=CARTESIAN_POINT('',(2.53931657270171,-1.95191540835233,-0.802595183040331));
#3563=CARTESIAN_POINT('',(2.55207672949814,-1.86043041409339,-0.996364946826544));
#3564=CARTESIAN_POINT('',(2.57750032305201,-1.62676031941708,-1.34446840651553));
#3565=CARTESIAN_POINT('',(2.59048165287709,-1.48152371181919,-1.50298559139663));
#3566=CARTESIAN_POINT('',(2.61576433879568,-1.15544640796041,-1.76601862814631));
#3567=CARTESIAN_POINT('',(2.62878012497118,-0.969749021687174,-1.87443781768052));
#3568=CARTESIAN_POINT('',(2.65415745391059,-0.580144171666253,-2.02912863995751));
#3569=CARTESIAN_POINT('',(2.66694388571627,-0.37128202770723,-2.07755931471776));
#3570=CARTESIAN_POINT('',(2.69253441260908,0.0474824248536077,-2.10994039479767));
#3571=CARTESIAN_POINT('',(2.70518322752855,0.260000889980726,-2.09446965749026));
#3572=CARTESIAN_POINT('',(2.7307730196612,0.670960590271516,-2.00105359629387));
#3573=CARTESIAN_POINT('',(2.74346549123223,0.867484811114385,-1.92413735918068));
#3574=CARTESIAN_POINT('',(2.76904776893416,1.23413741060987,-1.71223226410499));
#3575=CARTESIAN_POINT('',(2.7817489679726,1.39779163444987,-1.58148739395438));
#3576=CARTESIAN_POINT('',(2.80736064434359,1.68561968988977,-1.27027953287084));
#3577=CARTESIAN_POINT('',(2.81996313070434,1.80373482989397,-1.09590565058498));
#3578=CARTESIAN_POINT('',(2.84564307742252,1.98561966199004,-0.71539016590619));
#3579=CARTESIAN_POINT('',(2.85825815300791,2.04748655435645,-0.51180649595129));
#3580=CARTESIAN_POINT('',(2.88381507854853,2.10830024392349,-0.0960060468957689));
#3581=CARTESIAN_POINT('',(2.89665297255526,2.10712586535287,0.118207798782457));
#3582=CARTESIAN_POINT('',(2.92200615141324,2.04216970460529,0.532442854890921));
#3583=CARTESIAN_POINT('',(2.93503417720365,1.97739534840931,0.737418713719811));
#3584=CARTESIAN_POINT('',(2.96032197762377,1.79276960195811,1.11348815779509));
#3585=CARTESIAN_POINT('',(2.97325661422509,1.67015404792946,1.29015825579536));
#3586=CARTESIAN_POINT('',(2.99874609445047,1.38223978410875,1.59478401297451));
#3587=CARTESIAN_POINT('',(3.01146322091408,1.21327619853195,1.72686176518702));
#3588=CARTESIAN_POINT('',(3.03702641265055,0.847338506573282,1.9329014835907));
#3589=CARTESIAN_POINT('',(3.04975028642007,0.648058890186869,2.00858271775113));
#3590=CARTESIAN_POINT('',(3.07527192756294,0.236147831077501,2.09728850210841));
#3591=CARTESIAN_POINT('',(3.08804716657196,0.0253965834868494,2.11048883654555));
#3592=CARTESIAN_POINT('',(3.11359072742448,-0.39630783958922,2.07310110991151));
#3593=CARTESIAN_POINT('',(3.1262332576453,-0.599858228260452,2.02364053540738));
#3594=CARTESIAN_POINT('',(3.15195794700971,-0.992244079616405,1.86290166058808));
#3595=CARTESIAN_POINT('',(3.16446528043051,-1.17279431947165,1.75472019826447));
#3596=CARTESIAN_POINT('',(3.19016542260939,-1.49833748465347,1.48643004277516));
#3597=CARTESIAN_POINT('',(3.20281519223409,-1.64026543251427,1.32804047318904));
#3598=CARTESIAN_POINT('',(3.22830497512222,-1.87089957187821,0.976676496837769));
#3599=CARTESIAN_POINT('',(3.24122249787517,-1.96020029037335,0.782032829654587));
#3600=CARTESIAN_POINT('',(3.26653763574136,-2.07612374348497,0.379039215352822));
#3601=CARTESIAN_POINT('',(3.27956046246805,-2.10389096549071,0.1658967170201));
#3602=CARTESIAN_POINT('',(3.30490778830674,-2.09520657226802,-0.25295915661698));
#3603=CARTESIAN_POINT('',(3.31774293361347,-2.05859041607231,-0.464889439170819));
#3604=CARTESIAN_POINT('',(3.3432737179646,-1.92612444960285,-0.86253191038909));
#3605=CARTESIAN_POINT('',(3.35600688384395,-1.82865236888279,-1.0536173447722));
#3606=CARTESIAN_POINT('',(3.38151886882074,-1.58387011786843,-1.39478831553356));
#3607=CARTESIAN_POINT('',(3.39433483269184,-1.4350790677191,-1.54755116536274));
#3608=CARTESIAN_POINT('',(3.41978444159844,-1.09913955094932,-1.80173771330902));
#3609=CARTESIAN_POINT('',(3.43259325633737,-0.913529906781537,-1.90269401850315));
#3610=CARTESIAN_POINT('',(3.45815719881632,-0.515550769545238,-2.04670193791213));
#3611=CARTESIAN_POINT('',(3.47070986118133,-0.310135041160942,-2.08777269837984));
#3612=CARTESIAN_POINT('',(3.49653314505414,0.113563238901358,-2.10762472338564));
#3613=CARTESIAN_POINT('',(3.50899336187609,0.322764111835194,-2.08574564256434));
#3614=CARTESIAN_POINT('',(3.53465731598316,0.731217041436032,-1.97985686242174));
#3615=CARTESIAN_POINT('',(3.54738185206671,0.926628801787041,-1.896190026317));
#3616=CARTESIAN_POINT('',(3.57281471981288,1.28405440758443,-1.67492741053705));
#3617=CARTESIAN_POINT('',(3.58578840132366,1.44709919224891,-1.53618764115123));
#3618=CARTESIAN_POINT('',(3.61109532380751,1.7222791456241,-1.21972254450819));
#3619=CARTESIAN_POINT('',(3.62403029781042,1.8373832017874,-1.03822045807216));
#3620=CARTESIAN_POINT('',(3.64949292641452,2.00626214467988,-0.654821316539551));
#3621=CARTESIAN_POINT('',(3.66225760962499,2.06250031111197,-0.447218035192444));
#3622=CARTESIAN_POINT('',(3.68777968356759,2.11020387118491,-0.0308403368104917));
#3623=CARTESIAN_POINT('',(3.70057581206239,2.10246721649215,0.18357453026773));
#3624=CARTESIAN_POINT('',(3.72600948814091,2.02452564507147,0.596124078556805));
#3625=CARTESIAN_POINT('',(3.73890549539473,1.95406495820617,0.797482445281459));
#3626=CARTESIAN_POINT('',(3.76432314129457,1.75680296934615,1.16961166132948));
#3627=CARTESIAN_POINT('',(3.77710286795721,1.63105121188175,1.33956196074888));
#3628=CARTESIAN_POINT('',(3.80275122162309,1.33109768071374,1.63796619832792));
#3629=CARTESIAN_POINT('',(3.81520577129681,1.1622004719564,1.76190173166977));
#3630=CARTESIAN_POINT('',(3.84105212505384,0.786326013958004,1.95874935835332));
#3631=CARTESIAN_POINT('',(3.8535428053502,0.58756599907471,2.02714094393484));
#3632=CARTESIAN_POINT('',(3.87915643216841,0.172471561424028,2.10351795103956));
#3633=CARTESIAN_POINT('',(3.8919614134899,-0.039887533264722,2.11011900468545));
#3634=CARTESIAN_POINT('',(3.91734274946744,-0.457374058437513,2.06034031167501));
#3635=CARTESIAN_POINT('',(3.93031013729945,-0.6636738756672,2.0033754219585));
#3636=CARTESIAN_POINT('',(3.95567374141732,-1.04672970676492,1.83257551427666));
#3637=CARTESIAN_POINT('',(3.96851684046061,-1.22765491279722,1.71660801294622));
#3638=CARTESIAN_POINT('',(3.99403836959411,-1.54255406406659,1.44028004723316));
#3639=CARTESIAN_POINT('',(4.00679898864829,-1.68115050844251,1.27579004802425));
#3640=CARTESIAN_POINT('',(4.03226371973501,-1.90009442936783,0.918448930621378));
#3641=CARTESIAN_POINT('',(4.04514882487776,-1.98357432651997,0.720756584178412));
#3642=CARTESIAN_POINT('',(4.07052277548657,-2.08698951594098,0.313897949687659));
#3643=CARTESIAN_POINT('',(4.08346480558533,-2.10808465891296,0.101531474063361));
#3644=CARTESIAN_POINT('',(4.10888947949381,-2.08628173077289,-0.318995468953595));
#3645=CARTESIAN_POINT('',(4.12157725694561,-2.04396060937325,-0.526262800110858));
#3646=CARTESIAN_POINT('',(4.14731705166987,-1.89798153678283,-0.92325164147239));
#3647=CARTESIAN_POINT('',(4.1597295190347,-1.79716870963326,-1.10689759991562));
#3648=CARTESIAN_POINT('',(4.18555856887038,-1.53937320462254,-1.44408026247642));
#3649=CARTESIAN_POINT('',(4.19811543895894,-1.38814012556389,-1.58985046292555));
#3650=CARTESIAN_POINT('',(4.22366030413386,-1.04395171559315,-1.83431794358973));
#3651=CARTESIAN_POINT('',(4.23651932717959,-0.85430704085134,-1.92986221277742));
#3652=CARTESIAN_POINT('',(4.25555233125179,-0.554629208548623,-2.02816138685098));
#3653=CARTESIAN_POINT('',(4.26198938750631,-0.450838807279079,-2.05373416257048));
#3654=CARTESIAN_POINT('',(4.27477773987082,-0.243213367780202,-2.08852265929553));
#3655=CARTESIAN_POINT('',(4.28116141844736,-0.138880591307131,-2.09802478311046));
#3656=CARTESIAN_POINT('',(4.30027191362293,0.17566080576538,-2.10312303921285));
#3657=CARTESIAN_POINT('',(4.31302544735419,0.388600316349136,-2.07433641401861));
#3658=CARTESIAN_POINT('',(4.33853780055114,0.790705114291396,-1.95669803153774));
#3659=CARTESIAN_POINT('',(4.35135792451698,0.985772067123627,-1.86605383607033));
#3660=CARTESIAN_POINT('',(4.37676035696146,1.33504562011871,-1.63448973066086));
#3661=CARTESIAN_POINT('',(4.38972936686546,1.49417970352706,-1.49046084125303));
#3662=CARTESIAN_POINT('',(4.40872571351509,1.69323949967473,-1.24657595964967));
#3663=CARTESIAN_POINT('',(4.41504445255048,1.75322673612105,-1.16071077587022));
#3664=CARTESIAN_POINT('',(4.42783153356816,1.86039031580871,-0.979796594358269));
#3665=CARTESIAN_POINT('',(4.434346514878,1.90778616040374,-0.883985064953039));
#3666=CARTESIAN_POINT('',(4.45347332710587,2.02602631721015,-0.591208827339532));
#3667=CARTESIAN_POINT('',(4.46607949157361,2.07514632059087,-0.385317690125472));
#3668=CARTESIAN_POINT('',(4.49184357902952,2.11030817434114,0.0360746932687942));
#3669=CARTESIAN_POINT('',(4.50428049871455,2.09642254798503,0.245114579569448));
#3670=CARTESIAN_POINT('',(4.53005107886763,2.00494957424498,0.659731658746514));
#3671=CARTESIAN_POINT('',(4.54268579830075,1.92940285414559,0.855561498648076));
#3672=CARTESIAN_POINT('',(4.56818910445712,1.72046357469286,1.22253259249361));
#3673=CARTESIAN_POINT('',(4.58105709125939,1.58891301274912,1.3890929859416));
#3674=CARTESIAN_POINT('',(4.60012349046905,1.35866490265858,1.6047073420729));
#3675=CARTESIAN_POINT('',(4.60654107986745,1.27535100659537,1.67169232491016));
#3676=CARTESIAN_POINT('',(4.61928920598914,1.10182983333453,1.79082283812815));
#3677=CARTESIAN_POINT('',(4.6256552947195,1.01125567008852,1.8434640798177));
#3678=CARTESIAN_POINT('',(4.64481521222229,0.728216939440147,1.98083100353607));
#3679=CARTESIAN_POINT('',(4.65755992984297,0.523047345923013,2.04457968654275));
#3680=CARTESIAN_POINT('',(4.68303295493082,0.108843135855338,2.10761424185678));
#3681=CARTESIAN_POINT('',(4.69593690601772,-0.106255729827561,2.10774995977196));
#3682=CARTESIAN_POINT('',(4.72126729334722,-0.520609322913211,2.04520563903382));
#3683=CARTESIAN_POINT('',(4.73428032857242,-0.725695913962558,1.98176713671523));
#3684=CARTESIAN_POINT('',(4.75328319915264,-1.00904478866197,1.84467815631907));
#3685=CARTESIAN_POINT('',(4.75958194711579,-1.09966792409127,1.79214622801523));
#3686=CARTESIAN_POINT('',(4.7723425701456,-1.27319795454801,1.67332740801051));
#3687=CARTESIAN_POINT('',(4.7788507668546,-1.35660078404027,1.60645796231512));
#3688=CARTESIAN_POINT('',(4.79805593044424,-1.58729414745557,1.39096684979567));
#3689=CARTESIAN_POINT('',(4.8106063872048,-1.71878193177952,1.22493522153374));
#3690=CARTESIAN_POINT('',(4.83633310178326,-1.92841847041272,0.857834383163037));
#3691=CARTESIAN_POINT('',(4.84884459502567,-2.00405648794946,0.66246330049475));
#3692=CARTESIAN_POINT('',(4.87456090978914,-2.09611150601966,0.24782369888028));
#3693=CARTESIAN_POINT('',(4.88725723095955,-2.11024114341946,0.0385566161936285));
#3694=CARTESIAN_POINT('',(4.9,-2.09294995335764,-0.171931651362609));
#3695=CARTESIAN_POINT('',(-1.2,0.,0.));
#3696=CARTESIAN_POINT('',(-1.16567433137371,0.,-1.9682308546376));
#3697=CARTESIAN_POINT('',(-1.14900766470705,0.25764081639576,-1.9682308546376));
#3698=CARTESIAN_POINT('',(-1.11567433137371,0.772813362145822,-1.86573650007559));
#3699=CARTESIAN_POINT('',(-1.06567433137371,1.42798661082691,-1.42798661082691));
#3700=CARTESIAN_POINT('',(-1.01567433137371,1.86573650007559,-0.772813362145822));
#3701=CARTESIAN_POINT('',(-0.965674331373713,2.01947803191861,1.11022302462516E-16));
#3702=CARTESIAN_POINT('',(-0.915674331373713,1.86573650007559,0.772813362145821));
#3703=CARTESIAN_POINT('',(-0.865674331373713,1.42798661082691,1.42798661082691));
#3704=CARTESIAN_POINT('',(-0.815674331373713,0.772813362145822,1.86573650007559));
#3705=CARTESIAN_POINT('',(-0.765674331373713,2.77555756156289E-16,2.01947803191861));
#3706=CARTESIAN_POINT('',(-0.715674331373713,-0.772813362145822,1.86573650007559));
#3707=CARTESIAN_POINT('',(-0.665674331373713,-1.42798661082691,1.42798661082691));
#3708=CARTESIAN_POINT('',(-0.615674331373713,-1.86573650007559,0.772813362145824));
#3709=CARTESIAN_POINT('',(-0.565674331373713,-2.01947803191861,2.22044604925031E-16));
#3710=CARTESIAN_POINT('',(-0.515674331373713,-1.86573650007559,-0.772813362145823));
#3711=CARTESIAN_POINT('',(-0.465674331373713,-1.42798661082691,-1.42798661082691));
#3712=CARTESIAN_POINT('',(-0.415674331373713,-0.772813362145824,-1.86573650007559));
#3713=CARTESIAN_POINT('',(-0.365674331373713,-4.99600361081321E-16,-2.01947803191861));
#3714=CARTESIAN_POINT('',(-0.315674331373713,0.772813362145823,-1.86573650007559));
#3715=CARTESIAN_POINT('',(-0.265674331373713,1.42798661082691,-1.42798661082691));
#3716=CARTESIAN_POINT('',(-0.215674331373713,1.86573650007559,-0.772813362145824));
#3717=CARTESIAN_POINT('',(-0.165674331373713,2.01947803191861,-9.99200722162641E-16));
#3718=CARTESIAN_POINT('',(-0.115674331373713,1.86573650007559,0.772813362145824));
#3719=CARTESIAN_POINT('',(-0.0656743313737129,1.42798661082691,1.42798661082691));
#3720=CARTESIAN_POINT('',(-0.0156743313737129,0.772813362145824,1.86573650007559));
#3721=CARTESIAN_POINT('',(0.0343256686262872,8.88178419700125E-16,2.01947803191861));
#3722=CARTESIAN_POINT('',(0.084325668626287,-0.772813362145822,1.86573650007559));
#3723=CARTESIAN_POINT('',(0.134325668626287,-1.42798661082691,1.42798661082691));
#3724=CARTESIAN_POINT('',(0.184325668626287,-1.86573650007559,0.772813362145825));
#3725=CARTESIAN_POINT('',(0.234325668626287,-2.01947803191861,6.66133814775094E-16));
#3726=CARTESIAN_POINT('',(0.284325668626287,-1.86573650007559,-0.772813362145824));
#3727=CARTESIAN_POINT('',(0.334325668626287,-1.42798661082691,-1.42798661082691));
#3728=CARTESIAN_POINT('',(0.384325668626287,-0.772813362145824,-1.86573650007559));
#3729=CARTESIAN_POINT('',(0.434325668626287,-1.16573417585641E-15,-2.01947803191861));
#3730=CARTESIAN_POINT('',(0.484325668626287,0.772813362145822,-1.86573650007559));
#3731=CARTESIAN_POINT('',(0.534325668626287,1.42798661082691,-1.42798661082691));
#3732=CARTESIAN_POINT('',(0.584325668626287,1.86573650007559,-0.772813362145826));
#3733=CARTESIAN_POINT('',(0.634325668626287,2.01947803191861,-9.99200722162641E-16));
#3734=CARTESIAN_POINT('',(0.684325668626287,1.86573650007559,0.772813362145823));
#3735=CARTESIAN_POINT('',(0.734325668626287,1.42798661082691,1.42798661082691));
#3736=CARTESIAN_POINT('',(0.784325668626287,0.772813362145824,1.86573650007559));
#3737=CARTESIAN_POINT('',(0.834325668626287,-4.44089209850063E-16,2.01947803191861));
#3738=CARTESIAN_POINT('',(0.884325668626288,-0.772813362145815,1.8657365000756));
#3739=CARTESIAN_POINT('',(0.934325668626287,-1.42798661082691,1.42798661082691));
#3740=CARTESIAN_POINT('',(0.984325668626286,-1.86573650007559,0.772813362145824));
#3741=CARTESIAN_POINT('',(1.03432566862629,-2.01947803191861,7.54951656745106E-15));
#3742=CARTESIAN_POINT('',(1.08432566862629,-1.86573650007559,-0.772813362145825));
#3743=CARTESIAN_POINT('',(1.13432566862629,-1.42798661082691,-1.4279866108269));
#3744=CARTESIAN_POINT('',(1.18432566862629,-0.772813362145818,-1.8657365000756));
#3745=CARTESIAN_POINT('',(1.23432566862629,-1.72084568816899E-15,-2.0194780319186));
#3746=CARTESIAN_POINT('',(1.28432566862629,0.772813362145815,-1.8657365000756));
#3747=CARTESIAN_POINT('',(1.33432566862629,1.42798661082691,-1.42798661082691));
#3748=CARTESIAN_POINT('',(1.38432566862629,1.86573650007559,-0.772813362145828));
#3749=CARTESIAN_POINT('',(1.43432566862629,2.01947803191861,4.55191440096314E-15));
#3750=CARTESIAN_POINT('',(1.48432566862629,1.86573650007559,0.772813362145821));
#3751=CARTESIAN_POINT('',(1.53432566862629,1.42798661082691,1.42798661082691));
#3752=CARTESIAN_POINT('',(1.58432566862629,0.772813362145818,1.8657365000756));
#3753=CARTESIAN_POINT('',(1.63432566862629,2.1094237467878E-15,2.0194780319186));
#3754=CARTESIAN_POINT('',(1.68432566862629,-0.772813362145815,1.8657365000756));
#3755=CARTESIAN_POINT('',(1.73432566862629,-1.42798661082691,1.42798661082691));
#3756=CARTESIAN_POINT('',(1.78432566862629,-1.86573650007559,0.772813362145824));
#3757=CARTESIAN_POINT('',(1.83432566862629,-2.01947803191861,8.21565038222616E-15));
#3758=CARTESIAN_POINT('',(1.88432566862629,-1.86573650007559,-0.772813362145824));
#3759=CARTESIAN_POINT('',(1.93432566862629,-1.42798661082691,-1.4279866108269));
#3760=CARTESIAN_POINT('',(1.98432566862629,-0.772813362145818,-1.8657365000756));
#3761=CARTESIAN_POINT('',(2.03432566862629,-2.33146835171283E-15,-2.0194780319186));
#3762=CARTESIAN_POINT('',(2.08432566862629,0.772813362145815,-1.8657365000756));
#3763=CARTESIAN_POINT('',(2.13432566862629,1.42798661082691,-1.42798661082691));
#3764=CARTESIAN_POINT('',(2.18432566862629,1.86573650007559,-0.772813362145828));
#3765=CARTESIAN_POINT('',(2.23432566862629,2.01947803191861,3.99680288865056E-15));
#3766=CARTESIAN_POINT('',(2.28432566862629,1.86573650007559,0.772813362145821));
#3767=CARTESIAN_POINT('',(2.33432566862629,1.42798661082691,1.42798661082691));
#3768=CARTESIAN_POINT('',(2.38432566862629,0.772813362145819,1.86573650007559));
#3769=CARTESIAN_POINT('',(2.43432566862629,2.72004641033163E-15,2.0194780319186));
#3770=CARTESIAN_POINT('',(2.48432566862629,-0.772813362145814,1.8657365000756));
#3771=CARTESIAN_POINT('',(2.53432566862629,-1.42798661082691,1.42798661082691));
#3772=CARTESIAN_POINT('',(2.58432566862629,-1.86573650007559,0.772813362145825));
#3773=CARTESIAN_POINT('',(2.63432566862629,-2.01947803191861,8.43769498715119E-15));
#3774=CARTESIAN_POINT('',(2.68432566862629,-1.86573650007559,-0.772813362145824));
#3775=CARTESIAN_POINT('',(2.73432566862629,-1.42798661082692,-1.4279866108269));
#3776=CARTESIAN_POINT('',(2.78432566862629,-0.772813362145819,-1.86573650007559));
#3777=CARTESIAN_POINT('',(2.83432566862629,-3.99680288865056E-15,-2.01947803191861));
#3778=CARTESIAN_POINT('',(2.88432566862629,0.772813362145817,-1.86573650007559));
#3779=CARTESIAN_POINT('',(2.93432566862629,1.4279866108269,-1.42798661082692));
#3780=CARTESIAN_POINT('',(2.98432566862629,1.8657365000756,-0.772813362145813));
#3781=CARTESIAN_POINT('',(3.03432566862629,2.01947803191861,-4.44089209850063E-16));
#3782=CARTESIAN_POINT('',(3.08432566862629,1.86573650007559,0.77281336214582));
#3783=CARTESIAN_POINT('',(3.13432566862629,1.42798661082691,1.42798661082691));
#3784=CARTESIAN_POINT('',(3.18432566862629,0.772813362145829,1.86573650007559));
#3785=CARTESIAN_POINT('',(3.23432566862629,1.9151347174784E-14,2.01947803191861));
#3786=CARTESIAN_POINT('',(3.28432566862629,-0.772813362145831,1.86573650007559));
#3787=CARTESIAN_POINT('',(3.33432566862629,-1.42798661082691,1.42798661082691));
#3788=CARTESIAN_POINT('',(3.38432566862629,-1.86573650007559,0.772813362145825));
#3789=CARTESIAN_POINT('',(3.43432566862629,-2.0194780319186,4.88498130835069E-15));
#3790=CARTESIAN_POINT('',(3.48432566862629,-1.8657365000756,-0.772813362145807));
#3791=CARTESIAN_POINT('',(3.53432566862629,-1.42798661082691,-1.42798661082691));
#3792=CARTESIAN_POINT('',(3.58432566862629,-0.772813362145822,-1.86573650007559));
#3793=CARTESIAN_POINT('',(3.63432566862629,-3.71924713249427E-15,-2.01947803191861));
#3794=CARTESIAN_POINT('',(3.68432566862629,0.772813362145817,-1.86573650007559));
#3795=CARTESIAN_POINT('',(3.73432566862629,1.4279866108269,-1.42798661082692));
#3796=CARTESIAN_POINT('',(3.78432566862629,1.8657365000756,-0.772813362145814));
#3797=CARTESIAN_POINT('',(3.83432566862629,2.01947803191861,-6.66133814775094E-16));
#3798=CARTESIAN_POINT('',(3.88432566862629,1.86573650007559,0.77281336214582));
#3799=CARTESIAN_POINT('',(3.93432566862629,1.42798661082691,1.42798661082691));
#3800=CARTESIAN_POINT('',(3.98432566862629,0.772813362145836,1.86573650007559));
#3801=CARTESIAN_POINT('',(4.03432566862629,-1.16573417585641E-14,2.01947803191861));
#3802=CARTESIAN_POINT('',(4.08432566862629,-0.772813362145823,1.86573650007559));
#3803=CARTESIAN_POINT('',(4.13432566862629,-1.42798661082691,1.42798661082691));
#3804=CARTESIAN_POINT('',(4.18432566862629,-1.86573650007559,0.772813362145826));
#3805=CARTESIAN_POINT('',(4.23432566862629,-2.01947803191861,5.44009282066327E-15));
#3806=CARTESIAN_POINT('',(4.28432566862629,-1.8657365000756,-0.772813362145807));
#3807=CARTESIAN_POINT('',(4.33432566862629,-1.42798661082691,-1.42798661082692));
#3808=CARTESIAN_POINT('',(4.38432566862629,-0.772813362145822,-1.86573650007559));
#3809=CARTESIAN_POINT('',(4.43432566862629,-4.49640324973188E-15,-2.01947803191861));
#3810=CARTESIAN_POINT('',(4.48432566862629,0.772813362145817,-1.8657365000756));
#3811=CARTESIAN_POINT('',(4.53432566862629,1.4279866108269,-1.42798661082692));
#3812=CARTESIAN_POINT('',(4.58432566862629,1.8657365000756,-0.772813362145813));
#3813=CARTESIAN_POINT('',(4.63432566862629,2.0194780319186,-1.33226762955019E-15));
#3814=CARTESIAN_POINT('',(4.68432566862629,1.86573650007559,0.772813362145819));
#3815=CARTESIAN_POINT('',(4.73432566862629,1.42798661082691,1.42798661082691));
#3816=CARTESIAN_POINT('',(4.78432566862629,0.77281336214583,1.86573650007559));
#3817=CARTESIAN_POINT('',(4.83432566862629,2.02615701994091E-14,2.01947803191861));
#3818=CARTESIAN_POINT('',(4.88432566862629,-0.77281336214583,1.86573650007559));
#3819=CARTESIAN_POINT('',(4.93432566862629,-1.42798661082691,1.42798661082691));
#3820=CARTESIAN_POINT('',(4.98432566862629,-1.86573650007559,0.772813362145826));
#3821=CARTESIAN_POINT('',(5.03432566862629,-2.0194780319186,6.10622663543836E-15));
#3822=CARTESIAN_POINT('',(5.08432566862629,-1.8657365000756,-0.772813362145807));
#3823=CARTESIAN_POINT('',(5.13432566862629,-1.42798661082691,-1.42798661082692));
#3824=CARTESIAN_POINT('',(5.17897653392392,-0.842905561357537,-1.8189048376048));
#3825=CARTESIAN_POINT('',(5.20696073255488,-0.420965754300984,-1.9304596481833));
#3826=CARTESIAN_POINT('',(5.21827826451917,-0.247405026987145,-1.95252364352018));
#3827=CARTESIAN_POINT('',(-0.852883769460099,0.,-2.51));
#3828=CARTESIAN_POINT('',(-0.836217102793432,0.328558231687932,-2.51));
#3829=CARTESIAN_POINT('',(-0.802883769460099,0.985535581060266,-2.37929336599694));
#3830=CARTESIAN_POINT('',(-0.752883769460099,1.82104979440305,-1.82104979440305));
#3831=CARTESIAN_POINT('',(-0.702883769460099,2.37929336599694,-0.985535581060266));
#3832=CARTESIAN_POINT('',(-0.652883769460099,2.57535331700153,0.));
#3833=CARTESIAN_POINT('',(-0.602883769460099,2.37929336599694,0.985535581060266));
#3834=CARTESIAN_POINT('',(-0.552883769460099,1.82104979440305,1.82104979440305));
#3835=CARTESIAN_POINT('',(-0.502883769460099,0.985535581060266,2.37929336599694));
#3836=CARTESIAN_POINT('',(-0.452883769460099,2.77555756156289E-16,2.57535331700153));
#3837=CARTESIAN_POINT('',(-0.402883769460099,-0.985535581060266,2.37929336599694));
#3838=CARTESIAN_POINT('',(-0.352883769460099,-1.82104979440305,1.82104979440305));
#3839=CARTESIAN_POINT('',(-0.302883769460099,-2.37929336599694,0.985535581060269));
#3840=CARTESIAN_POINT('',(-0.252883769460099,-2.57535331700153,3.33066907387547E-16));
#3841=CARTESIAN_POINT('',(-0.202883769460099,-2.37929336599694,-0.985535581060268));
#3842=CARTESIAN_POINT('',(-0.152883769460099,-1.82104979440305,-1.82104979440305));
#3843=CARTESIAN_POINT('',(-0.102883769460099,-0.985535581060269,-2.37929336599694));
#3844=CARTESIAN_POINT('',(-0.052883769460099,-4.99600361081321E-16,-2.57535331700153));
#3845=CARTESIAN_POINT('',(-0.00288376946009894,0.985535581060267,-2.37929336599694));
#3846=CARTESIAN_POINT('',(0.0471162305399009,1.82104979440305,-1.82104979440305));
#3847=CARTESIAN_POINT('',(0.0971162305399012,2.37929336599694,-0.985535581060269));
#3848=CARTESIAN_POINT('',(0.147116230539901,2.57535331700153,-9.43689570931383E-16));
#3849=CARTESIAN_POINT('',(0.197116230539901,2.37929336599694,0.985535581060268));
#3850=CARTESIAN_POINT('',(0.247116230539901,1.82104979440305,1.82104979440305));
#3851=CARTESIAN_POINT('',(0.297116230539901,0.985535581060268,2.37929336599694));
#3852=CARTESIAN_POINT('',(0.347116230539901,8.88178419700125E-16,2.57535331700153));
#3853=CARTESIAN_POINT('',(0.397116230539901,-0.985535581060266,2.37929336599694));
#3854=CARTESIAN_POINT('',(0.447116230539901,-1.82104979440305,1.82104979440305));
#3855=CARTESIAN_POINT('',(0.497116230539901,-2.37929336599694,0.98553558106027));
#3856=CARTESIAN_POINT('',(0.547116230539901,-2.57535331700153,1.0547118733939E-15));
#3857=CARTESIAN_POINT('',(0.597116230539901,-2.37929336599694,-0.985535581060268));
#3858=CARTESIAN_POINT('',(0.647116230539901,-1.82104979440305,-1.82104979440304));
#3859=CARTESIAN_POINT('',(0.697116230539901,-0.985535581060268,-2.37929336599694));
#3860=CARTESIAN_POINT('',(0.747116230539901,-1.16573417585641E-15,-2.57535331700153));
#3861=CARTESIAN_POINT('',(0.797116230539901,0.985535581060266,-2.37929336599694));
#3862=CARTESIAN_POINT('',(0.847116230539901,1.82104979440305,-1.82104979440305));
#3863=CARTESIAN_POINT('',(0.897116230539901,2.37929336599694,-0.985535581060271));
#3864=CARTESIAN_POINT('',(0.947116230539901,2.57535331700153,-1.33226762955019E-15));
#3865=CARTESIAN_POINT('',(0.997116230539901,2.37929336599694,0.985535581060268));
#3866=CARTESIAN_POINT('',(1.0471162305399,1.82104979440305,1.82104979440304));
#3867=CARTESIAN_POINT('',(1.0971162305399,0.985535581060269,2.37929336599694));
#3868=CARTESIAN_POINT('',(1.1471162305399,-4.44089209850063E-16,2.57535331700153));
#3869=CARTESIAN_POINT('',(1.1971162305399,-0.985535581060258,2.37929336599695));
#3870=CARTESIAN_POINT('',(1.2471162305399,-1.82104979440305,1.82104979440305));
#3871=CARTESIAN_POINT('',(1.2971162305399,-2.37929336599694,0.985535581060268));
#3872=CARTESIAN_POINT('',(1.3471162305399,-2.57535331700153,9.60342916300761E-15));
#3873=CARTESIAN_POINT('',(1.3971162305399,-2.37929336599694,-0.98553558106027));
#3874=CARTESIAN_POINT('',(1.4471162305399,-1.82104979440305,-1.82104979440304));
#3875=CARTESIAN_POINT('',(1.4971162305399,-0.985535581060261,-2.37929336599695));
#3876=CARTESIAN_POINT('',(1.5471162305399,-1.72084568816899E-15,-2.57535331700153));
#3877=CARTESIAN_POINT('',(1.5971162305399,0.985535581060257,-2.37929336599695));
#3878=CARTESIAN_POINT('',(1.6471162305399,1.82104979440305,-1.82104979440305));
#3879=CARTESIAN_POINT('',(1.6971162305399,2.37929336599694,-0.985535581060273));
#3880=CARTESIAN_POINT('',(1.7471162305399,2.57535331700153,5.88418203051333E-15));
#3881=CARTESIAN_POINT('',(1.7971162305399,2.37929336599694,0.985535581060265));
#3882=CARTESIAN_POINT('',(1.8471162305399,1.82104979440305,1.82104979440304));
#3883=CARTESIAN_POINT('',(1.8971162305399,0.985535581060261,2.37929336599695));
#3884=CARTESIAN_POINT('',(1.9471162305399,2.1094237467878E-15,2.57535331700153));
#3885=CARTESIAN_POINT('',(1.9971162305399,-0.985535581060257,2.37929336599695));
#3886=CARTESIAN_POINT('',(2.0471162305399,-1.82104979440305,1.82104979440305));
#3887=CARTESIAN_POINT('',(2.0971162305399,-2.37929336599694,0.985535581060269));
#3888=CARTESIAN_POINT('',(2.1471162305399,-2.57535331700153,1.0325074129014E-14));
#3889=CARTESIAN_POINT('',(2.1971162305399,-2.37929336599694,-0.985535581060269));
#3890=CARTESIAN_POINT('',(2.2471162305399,-1.82104979440305,-1.82104979440304));
#3891=CARTESIAN_POINT('',(2.2971162305399,-0.985535581060261,-2.37929336599695));
#3892=CARTESIAN_POINT('',(2.3471162305399,-2.33146835171283E-15,-2.57535331700153));
#3893=CARTESIAN_POINT('',(2.3971162305399,0.985535581060257,-2.37929336599695));
#3894=CARTESIAN_POINT('',(2.4471162305399,1.82104979440305,-1.82104979440305));
#3895=CARTESIAN_POINT('',(2.4971162305399,2.37929336599694,-0.985535581060274));
#3896=CARTESIAN_POINT('',(2.5471162305399,2.57535331700153,5.05151476204446E-15));
#3897=CARTESIAN_POINT('',(2.5971162305399,2.37929336599694,0.985535581060265));
#3898=CARTESIAN_POINT('',(2.6471162305399,1.82104979440306,1.82104979440304));
#3899=CARTESIAN_POINT('',(2.6971162305399,0.985535581060262,2.37929336599695));
#3900=CARTESIAN_POINT('',(2.7471162305399,2.72004641033163E-15,2.57535331700153));
#3901=CARTESIAN_POINT('',(2.7971162305399,-0.985535581060256,2.37929336599695));
#3902=CARTESIAN_POINT('',(2.8471162305399,-1.82104979440305,1.82104979440305));
#3903=CARTESIAN_POINT('',(2.8971162305399,-2.37929336599694,0.985535581060269));
#3904=CARTESIAN_POINT('',(2.9471162305399,-2.57535331700153,1.08246744900953E-14));
#3905=CARTESIAN_POINT('',(2.9971162305399,-2.37929336599694,-0.985535581060269));
#3906=CARTESIAN_POINT('',(3.0471162305399,-1.82104979440306,-1.82104979440304));
#3907=CARTESIAN_POINT('',(3.0971162305399,-0.985535581060262,-2.37929336599695));
#3908=CARTESIAN_POINT('',(3.1471162305399,-3.99680288865056E-15,-2.57535331700153));
#3909=CARTESIAN_POINT('',(3.1971162305399,0.98553558106026,-2.37929336599694));
#3910=CARTESIAN_POINT('',(3.2471162305399,1.82104979440304,-1.82104979440306));
#3911=CARTESIAN_POINT('',(3.2971162305399,2.37929336599695,-0.985535581060254));
#3912=CARTESIAN_POINT('',(3.3471162305399,2.57535331700153,-4.44089209850063E-16));
#3913=CARTESIAN_POINT('',(3.3971162305399,2.37929336599694,0.985535581060264));
#3914=CARTESIAN_POINT('',(3.4471162305399,1.82104979440305,1.82104979440305));
#3915=CARTESIAN_POINT('',(3.4971162305399,0.985535581060274,2.37929336599694));
#3916=CARTESIAN_POINT('',(3.5471162305399,1.9151347174784E-14,2.57535331700153));
#3917=CARTESIAN_POINT('',(3.5971162305399,-0.985535581060277,2.37929336599694));
#3918=CARTESIAN_POINT('',(3.6471162305399,-1.82104979440305,1.82104979440305));
#3919=CARTESIAN_POINT('',(3.6971162305399,-2.37929336599694,0.98553558106027));
#3920=CARTESIAN_POINT('',(3.7471162305399,-2.57535331700153,6.38378239159465E-15));
#3921=CARTESIAN_POINT('',(3.7971162305399,-2.37929336599695,-0.985535581060248));
#3922=CARTESIAN_POINT('',(3.8471162305399,-1.82104979440304,-1.82104979440306));
#3923=CARTESIAN_POINT('',(3.8971162305399,-0.985535581060266,-2.37929336599694));
#3924=CARTESIAN_POINT('',(3.9471162305399,-3.71924713249427E-15,-2.57535331700153));
#3925=CARTESIAN_POINT('',(3.9971162305399,0.985535581060259,-2.37929336599695));
#3926=CARTESIAN_POINT('',(4.0471162305399,1.82104979440304,-1.82104979440306));
#3927=CARTESIAN_POINT('',(4.0971162305399,2.37929336599695,-0.985535581060255));
#3928=CARTESIAN_POINT('',(4.1471162305399,2.57535331700153,-9.99200722162641E-16));
#3929=CARTESIAN_POINT('',(4.1971162305399,2.37929336599694,0.985535581060263));
#3930=CARTESIAN_POINT('',(4.2471162305399,1.82104979440305,1.82104979440304));
#3931=CARTESIAN_POINT('',(4.2971162305399,0.985535581060284,2.37929336599694));
#3932=CARTESIAN_POINT('',(4.3471162305399,-1.16573417585641E-14,2.57535331700153));
#3933=CARTESIAN_POINT('',(4.3971162305399,-0.985535581060267,2.37929336599694));
#3934=CARTESIAN_POINT('',(4.4471162305399,-1.82104979440305,1.82104979440305));
#3935=CARTESIAN_POINT('',(4.4971162305399,-2.37929336599694,0.985535581060271));
#3936=CARTESIAN_POINT('',(4.5471162305399,-2.57535331700153,6.88338275267597E-15));
#3937=CARTESIAN_POINT('',(4.5971162305399,-2.37929336599695,-0.985535581060247));
#3938=CARTESIAN_POINT('',(4.6471162305399,-1.82104979440304,-1.82104979440306));
#3939=CARTESIAN_POINT('',(4.6971162305399,-0.985535581060267,-2.37929336599694));
#3940=CARTESIAN_POINT('',(4.7471162305399,-4.49640324973188E-15,-2.57535331700153));
#3941=CARTESIAN_POINT('',(4.7971162305399,0.985535581060259,-2.37929336599695));
#3942=CARTESIAN_POINT('',(4.8471162305399,1.82104979440304,-1.82104979440306));
#3943=CARTESIAN_POINT('',(4.8971162305399,2.37929336599695,-0.985535581060255));
#3944=CARTESIAN_POINT('',(4.9471162305399,2.57535331700153,-1.72084568816899E-15));
#3945=CARTESIAN_POINT('',(4.9971162305399,2.37929336599694,0.985535581060263));
#3946=CARTESIAN_POINT('',(5.0471162305399,1.82104979440305,1.82104979440304));
#3947=CARTESIAN_POINT('',(5.0971162305399,0.985535581060276,2.37929336599694));
#3948=CARTESIAN_POINT('',(5.1471162305399,2.02615701994091E-14,2.57535331700153));
#3949=CARTESIAN_POINT('',(5.1971162305399,-0.985535581060276,2.37929336599694));
#3950=CARTESIAN_POINT('',(5.2471162305399,-1.82104979440304,1.82104979440305));
#3951=CARTESIAN_POINT('',(5.2971162305399,-2.37929336599694,0.985535581060272));
#3952=CARTESIAN_POINT('',(5.3471162305399,-2.57535331700153,7.54951656745106E-15));
#3953=CARTESIAN_POINT('',(5.3971162305399,-2.37929336599695,-0.985535581060247));
#3954=CARTESIAN_POINT('',(5.4471162305399,-1.82104979440304,-1.82104979440306));
#3955=CARTESIAN_POINT('',(5.49176709583753,-1.0749211425186,-2.31957096477316));
#3956=CARTESIAN_POINT('',(5.51975129446849,-0.536839487505147,-2.46183200792889));
#3957=CARTESIAN_POINT('',(5.53106882643279,-0.315504970504118,-2.48996927046854));
#3958=CARTESIAN_POINT('',(-1.5471162305399,0.,-2.51));
#3959=CARTESIAN_POINT('',(-1.53044956387323,0.328558231687932,-2.51));
#3960=CARTESIAN_POINT('',(-1.4971162305399,0.985535581060266,-2.37929336599694));
#3961=CARTESIAN_POINT('',(-1.4471162305399,1.82104979440305,-1.82104979440305));
#3962=CARTESIAN_POINT('',(-1.3971162305399,2.37929336599694,-0.985535581060266));
#3963=CARTESIAN_POINT('',(-1.3471162305399,2.57535331700153,0.));
#3964=CARTESIAN_POINT('',(-1.2971162305399,2.37929336599694,0.985535581060266));
#3965=CARTESIAN_POINT('',(-1.2471162305399,1.82104979440305,1.82104979440305));
#3966=CARTESIAN_POINT('',(-1.1971162305399,0.985535581060266,2.37929336599694));
#3967=CARTESIAN_POINT('',(-1.1471162305399,2.77555756156289E-16,2.57535331700153));
#3968=CARTESIAN_POINT('',(-1.0971162305399,-0.985535581060266,2.37929336599694));
#3969=CARTESIAN_POINT('',(-1.0471162305399,-1.82104979440305,1.82104979440305));
#3970=CARTESIAN_POINT('',(-0.997116230539901,-2.37929336599694,0.985535581060269));
#3971=CARTESIAN_POINT('',(-0.947116230539901,-2.57535331700153,3.33066907387547E-16));
#3972=CARTESIAN_POINT('',(-0.897116230539901,-2.37929336599694,-0.985535581060268));
#3973=CARTESIAN_POINT('',(-0.847116230539901,-1.82104979440305,-1.82104979440305));
#3974=CARTESIAN_POINT('',(-0.797116230539901,-0.985535581060269,-2.37929336599694));
#3975=CARTESIAN_POINT('',(-0.747116230539901,-4.99600361081321E-16,-2.57535331700153));
#3976=CARTESIAN_POINT('',(-0.697116230539901,0.985535581060267,-2.37929336599694));
#3977=CARTESIAN_POINT('',(-0.647116230539901,1.82104979440305,-1.82104979440305));
#3978=CARTESIAN_POINT('',(-0.597116230539901,2.37929336599694,-0.985535581060269));
#3979=CARTESIAN_POINT('',(-0.547116230539902,2.57535331700153,-9.43689570931383E-16));
#3980=CARTESIAN_POINT('',(-0.497116230539901,2.37929336599694,0.985535581060268));
#3981=CARTESIAN_POINT('',(-0.447116230539901,1.82104979440305,1.82104979440305));
#3982=CARTESIAN_POINT('',(-0.397116230539901,0.985535581060268,2.37929336599694));
#3983=CARTESIAN_POINT('',(-0.347116230539901,8.88178419700125E-16,2.57535331700153));
#3984=CARTESIAN_POINT('',(-0.297116230539901,-0.985535581060266,2.37929336599694));
#3985=CARTESIAN_POINT('',(-0.247116230539901,-1.82104979440305,1.82104979440305));
#3986=CARTESIAN_POINT('',(-0.197116230539901,-2.37929336599694,0.98553558106027));
#3987=CARTESIAN_POINT('',(-0.147116230539901,-2.57535331700153,1.0547118733939E-15));
#3988=CARTESIAN_POINT('',(-0.0971162305399012,-2.37929336599694,-0.985535581060268));
#3989=CARTESIAN_POINT('',(-0.0471162305399013,-1.82104979440305,-1.82104979440304));
#3990=CARTESIAN_POINT('',(0.00288376946009872,-0.985535581060268,-2.37929336599694));
#3991=CARTESIAN_POINT('',(0.0528837694600988,-1.16573417585641E-15,-2.57535331700153));
#3992=CARTESIAN_POINT('',(0.102883769460099,0.985535581060266,-2.37929336599694));
#3993=CARTESIAN_POINT('',(0.152883769460099,1.82104979440305,-1.82104979440305));
#3994=CARTESIAN_POINT('',(0.202883769460099,2.37929336599694,-0.985535581060271));
#3995=CARTESIAN_POINT('',(0.252883769460099,2.57535331700153,-1.33226762955019E-15));
#3996=CARTESIAN_POINT('',(0.302883769460099,2.37929336599694,0.985535581060268));
#3997=CARTESIAN_POINT('',(0.352883769460099,1.82104979440305,1.82104979440304));
#3998=CARTESIAN_POINT('',(0.402883769460099,0.985535581060269,2.37929336599694));
#3999=CARTESIAN_POINT('',(0.452883769460098,-4.44089209850063E-16,2.57535331700153));
#4000=CARTESIAN_POINT('',(0.502883769460099,-0.985535581060258,2.37929336599695));
#4001=CARTESIAN_POINT('',(0.552883769460099,-1.82104979440305,1.82104979440305));
#4002=CARTESIAN_POINT('',(0.602883769460098,-2.37929336599694,0.985535581060268));
#4003=CARTESIAN_POINT('',(0.652883769460099,-2.57535331700153,9.60342916300761E-15));
#4004=CARTESIAN_POINT('',(0.702883769460099,-2.37929336599694,-0.98553558106027));
#4005=CARTESIAN_POINT('',(0.752883769460099,-1.82104979440305,-1.82104979440304));
#4006=CARTESIAN_POINT('',(0.802883769460098,-0.985535581060261,-2.37929336599695));
#4007=CARTESIAN_POINT('',(0.852883769460099,-1.72084568816899E-15,-2.57535331700153));
#4008=CARTESIAN_POINT('',(0.902883769460099,0.985535581060257,-2.37929336599695));
#4009=CARTESIAN_POINT('',(0.952883769460099,1.82104979440305,-1.82104979440305));
#4010=CARTESIAN_POINT('',(1.0028837694601,2.37929336599694,-0.985535581060273));
#4011=CARTESIAN_POINT('',(1.0528837694601,2.57535331700153,5.88418203051333E-15));
#4012=CARTESIAN_POINT('',(1.1028837694601,2.37929336599694,0.985535581060265));
#4013=CARTESIAN_POINT('',(1.1528837694601,1.82104979440305,1.82104979440304));
#4014=CARTESIAN_POINT('',(1.2028837694601,0.985535581060261,2.37929336599695));
#4015=CARTESIAN_POINT('',(1.2528837694601,2.1094237467878E-15,2.57535331700153));
#4016=CARTESIAN_POINT('',(1.3028837694601,-0.985535581060257,2.37929336599695));
#4017=CARTESIAN_POINT('',(1.3528837694601,-1.82104979440305,1.82104979440305));
#4018=CARTESIAN_POINT('',(1.4028837694601,-2.37929336599694,0.985535581060269));
#4019=CARTESIAN_POINT('',(1.4528837694601,-2.57535331700153,1.0325074129014E-14));
#4020=CARTESIAN_POINT('',(1.5028837694601,-2.37929336599694,-0.985535581060269));
#4021=CARTESIAN_POINT('',(1.5528837694601,-1.82104979440305,-1.82104979440304));
#4022=CARTESIAN_POINT('',(1.6028837694601,-0.985535581060261,-2.37929336599695));
#4023=CARTESIAN_POINT('',(1.6528837694601,-2.33146835171283E-15,-2.57535331700153));
#4024=CARTESIAN_POINT('',(1.7028837694601,0.985535581060257,-2.37929336599695));
#4025=CARTESIAN_POINT('',(1.7528837694601,1.82104979440305,-1.82104979440305));
#4026=CARTESIAN_POINT('',(1.8028837694601,2.37929336599694,-0.985535581060274));
#4027=CARTESIAN_POINT('',(1.8528837694601,2.57535331700153,5.05151476204446E-15));
#4028=CARTESIAN_POINT('',(1.9028837694601,2.37929336599694,0.985535581060265));
#4029=CARTESIAN_POINT('',(1.9528837694601,1.82104979440306,1.82104979440304));
#4030=CARTESIAN_POINT('',(2.0028837694601,0.985535581060262,2.37929336599695));
#4031=CARTESIAN_POINT('',(2.0528837694601,2.72004641033163E-15,2.57535331700153));
#4032=CARTESIAN_POINT('',(2.1028837694601,-0.985535581060256,2.37929336599695));
#4033=CARTESIAN_POINT('',(2.1528837694601,-1.82104979440305,1.82104979440305));
#4034=CARTESIAN_POINT('',(2.2028837694601,-2.37929336599694,0.985535581060269));
#4035=CARTESIAN_POINT('',(2.2528837694601,-2.57535331700153,1.08246744900953E-14));
#4036=CARTESIAN_POINT('',(2.3028837694601,-2.37929336599694,-0.985535581060269));
#4037=CARTESIAN_POINT('',(2.3528837694601,-1.82104979440306,-1.82104979440304));
#4038=CARTESIAN_POINT('',(2.4028837694601,-0.985535581060262,-2.37929336599695));
#4039=CARTESIAN_POINT('',(2.4528837694601,-3.99680288865056E-15,-2.57535331700153));
#4040=CARTESIAN_POINT('',(2.5028837694601,0.98553558106026,-2.37929336599694));
#4041=CARTESIAN_POINT('',(2.5528837694601,1.82104979440304,-1.82104979440306));
#4042=CARTESIAN_POINT('',(2.6028837694601,2.37929336599695,-0.985535581060254));
#4043=CARTESIAN_POINT('',(2.6528837694601,2.57535331700153,-4.44089209850063E-16));
#4044=CARTESIAN_POINT('',(2.7028837694601,2.37929336599694,0.985535581060264));
#4045=CARTESIAN_POINT('',(2.7528837694601,1.82104979440305,1.82104979440305));
#4046=CARTESIAN_POINT('',(2.8028837694601,0.985535581060274,2.37929336599694));
#4047=CARTESIAN_POINT('',(2.8528837694601,1.9151347174784E-14,2.57535331700153));
#4048=CARTESIAN_POINT('',(2.9028837694601,-0.985535581060277,2.37929336599694));
#4049=CARTESIAN_POINT('',(2.9528837694601,-1.82104979440305,1.82104979440305));
#4050=CARTESIAN_POINT('',(3.0028837694601,-2.37929336599694,0.98553558106027));
#4051=CARTESIAN_POINT('',(3.0528837694601,-2.57535331700153,6.38378239159465E-15));
#4052=CARTESIAN_POINT('',(3.1028837694601,-2.37929336599695,-0.985535581060248));
#4053=CARTESIAN_POINT('',(3.1528837694601,-1.82104979440304,-1.82104979440306));
#4054=CARTESIAN_POINT('',(3.2028837694601,-0.985535581060266,-2.37929336599694));
#4055=CARTESIAN_POINT('',(3.2528837694601,-3.71924713249427E-15,-2.57535331700153));
#4056=CARTESIAN_POINT('',(3.3028837694601,0.985535581060259,-2.37929336599695));
#4057=CARTESIAN_POINT('',(3.3528837694601,1.82104979440304,-1.82104979440306));
#4058=CARTESIAN_POINT('',(3.4028837694601,2.37929336599695,-0.985535581060255));
#4059=CARTESIAN_POINT('',(3.4528837694601,2.57535331700153,-9.99200722162641E-16));
#4060=CARTESIAN_POINT('',(3.5028837694601,2.37929336599694,0.985535581060263));
#4061=CARTESIAN_POINT('',(3.5528837694601,1.82104979440305,1.82104979440304));
#4062=CARTESIAN_POINT('',(3.6028837694601,0.985535581060284,2.37929336599694));
#4063=CARTESIAN_POINT('',(3.6528837694601,-1.16573417585641E-14,2.57535331700153));
#4064=CARTESIAN_POINT('',(3.7028837694601,-0.985535581060267,2.37929336599694));
#4065=CARTESIAN_POINT('',(3.7528837694601,-1.82104979440305,1.82104979440305));
#4066=CARTESIAN_POINT('',(3.8028837694601,-2.37929336599694,0.985535581060271));
#4067=CARTESIAN_POINT('',(3.8528837694601,-2.57535331700153,6.88338275267597E-15));
#4068=CARTESIAN_POINT('',(3.9028837694601,-2.37929336599695,-0.985535581060247));
#4069=CARTESIAN_POINT('',(3.9528837694601,-1.82104979440304,-1.82104979440306));
#4070=CARTESIAN_POINT('',(4.0028837694601,-0.985535581060267,-2.37929336599694));
#4071=CARTESIAN_POINT('',(4.0528837694601,-4.49640324973188E-15,-2.57535331700153));
#4072=CARTESIAN_POINT('',(4.1028837694601,0.985535581060259,-2.37929336599695));
#4073=CARTESIAN_POINT('',(4.1528837694601,1.82104979440304,-1.82104979440306));
#4074=CARTESIAN_POINT('',(4.2028837694601,2.37929336599695,-0.985535581060255));
#4075=CARTESIAN_POINT('',(4.2528837694601,2.57535331700153,-1.72084568816899E-15));
#4076=CARTESIAN_POINT('',(4.3028837694601,2.37929336599694,0.985535581060263));
#4077=CARTESIAN_POINT('',(4.3528837694601,1.82104979440305,1.82104979440304));
#4078=CARTESIAN_POINT('',(4.4028837694601,0.985535581060276,2.37929336599694));
#4079=CARTESIAN_POINT('',(4.4528837694601,2.02615701994091E-14,2.57535331700153));
#4080=CARTESIAN_POINT('',(4.5028837694601,-0.985535581060276,2.37929336599694));
#4081=CARTESIAN_POINT('',(4.5528837694601,-1.82104979440304,1.82104979440305));
#4082=CARTESIAN_POINT('',(4.6028837694601,-2.37929336599694,0.985535581060272));
#4083=CARTESIAN_POINT('',(4.6528837694601,-2.57535331700153,7.54951656745106E-15));
#4084=CARTESIAN_POINT('',(4.7028837694601,-2.37929336599695,-0.985535581060247));
#4085=CARTESIAN_POINT('',(4.7528837694601,-1.82104979440304,-1.82104979440306));
#4086=CARTESIAN_POINT('',(4.79753463475773,-1.0749211425186,-2.31957096477316));
#4087=CARTESIAN_POINT('',(4.82551883338869,-0.536839487505147,-2.46183200792889));
#4088=CARTESIAN_POINT('',(4.83683636535298,-0.315504970504118,-2.48996927046854));
#4089=CARTESIAN_POINT('',(-1.23432566862629,0.,-1.9682308546376));
#4090=CARTESIAN_POINT('',(-1.21765900195962,0.25764081639576,-1.9682308546376));
#4091=CARTESIAN_POINT('',(-1.18432566862629,0.772813362145822,-1.86573650007559));
#4092=CARTESIAN_POINT('',(-1.13432566862629,1.42798661082691,-1.42798661082691));
#4093=CARTESIAN_POINT('',(-1.08432566862629,1.86573650007559,-0.772813362145822));
#4094=CARTESIAN_POINT('',(-1.03432566862629,2.01947803191861,1.11022302462516E-16));
#4095=CARTESIAN_POINT('',(-0.984325668626287,1.86573650007559,0.772813362145821));
#4096=CARTESIAN_POINT('',(-0.934325668626287,1.42798661082691,1.42798661082691));
#4097=CARTESIAN_POINT('',(-0.884325668626287,0.772813362145822,1.86573650007559));
#4098=CARTESIAN_POINT('',(-0.834325668626287,2.77555756156289E-16,2.01947803191861));
#4099=CARTESIAN_POINT('',(-0.784325668626287,-0.772813362145822,1.86573650007559));
#4100=CARTESIAN_POINT('',(-0.734325668626287,-1.42798661082691,1.42798661082691));
#4101=CARTESIAN_POINT('',(-0.684325668626287,-1.86573650007559,0.772813362145824));
#4102=CARTESIAN_POINT('',(-0.634325668626287,-2.01947803191861,2.22044604925031E-16));
#4103=CARTESIAN_POINT('',(-0.584325668626288,-1.86573650007559,-0.772813362145823));
#4104=CARTESIAN_POINT('',(-0.534325668626287,-1.42798661082691,-1.42798661082691));
#4105=CARTESIAN_POINT('',(-0.484325668626287,-0.772813362145824,-1.86573650007559));
#4106=CARTESIAN_POINT('',(-0.434325668626287,-4.99600361081321E-16,-2.01947803191861));
#4107=CARTESIAN_POINT('',(-0.384325668626287,0.772813362145823,-1.86573650007559));
#4108=CARTESIAN_POINT('',(-0.334325668626287,1.42798661082691,-1.42798661082691));
#4109=CARTESIAN_POINT('',(-0.284325668626287,1.86573650007559,-0.772813362145824));
#4110=CARTESIAN_POINT('',(-0.234325668626288,2.01947803191861,-9.99200722162641E-16));
#4111=CARTESIAN_POINT('',(-0.184325668626287,1.86573650007559,0.772813362145824));
#4112=CARTESIAN_POINT('',(-0.134325668626287,1.42798661082691,1.42798661082691));
#4113=CARTESIAN_POINT('',(-0.0843256686262872,0.772813362145824,1.86573650007559));
#4114=CARTESIAN_POINT('',(-0.0343256686262872,8.88178419700125E-16,2.01947803191861));
#4115=CARTESIAN_POINT('',(0.0156743313737127,-0.772813362145822,1.86573650007559));
#4116=CARTESIAN_POINT('',(0.0656743313737129,-1.42798661082691,1.42798661082691));
#4117=CARTESIAN_POINT('',(0.115674331373713,-1.86573650007559,0.772813362145825));
#4118=CARTESIAN_POINT('',(0.165674331373713,-2.01947803191861,6.66133814775094E-16));
#4119=CARTESIAN_POINT('',(0.215674331373713,-1.86573650007559,-0.772813362145824));
#4120=CARTESIAN_POINT('',(0.265674331373713,-1.42798661082691,-1.42798661082691));
#4121=CARTESIAN_POINT('',(0.315674331373713,-0.772813362145824,-1.86573650007559));
#4122=CARTESIAN_POINT('',(0.365674331373713,-1.16573417585641E-15,-2.01947803191861));
#4123=CARTESIAN_POINT('',(0.415674331373713,0.772813362145822,-1.86573650007559));
#4124=CARTESIAN_POINT('',(0.465674331373713,1.42798661082691,-1.42798661082691));
#4125=CARTESIAN_POINT('',(0.515674331373713,1.86573650007559,-0.772813362145826));
#4126=CARTESIAN_POINT('',(0.565674331373713,2.01947803191861,-9.99200722162641E-16));
#4127=CARTESIAN_POINT('',(0.615674331373713,1.86573650007559,0.772813362145823));
#4128=CARTESIAN_POINT('',(0.665674331373713,1.42798661082691,1.42798661082691));
#4129=CARTESIAN_POINT('',(0.715674331373713,0.772813362145824,1.86573650007559));
#4130=CARTESIAN_POINT('',(0.765674331373712,-4.44089209850063E-16,2.01947803191861));
#4131=CARTESIAN_POINT('',(0.815674331373713,-0.772813362145815,1.8657365000756));
#4132=CARTESIAN_POINT('',(0.865674331373713,-1.42798661082691,1.42798661082691));
#4133=CARTESIAN_POINT('',(0.915674331373712,-1.86573650007559,0.772813362145824));
#4134=CARTESIAN_POINT('',(0.965674331373713,-2.01947803191861,7.54951656745106E-15));
#4135=CARTESIAN_POINT('',(1.01567433137371,-1.86573650007559,-0.772813362145825));
#4136=CARTESIAN_POINT('',(1.06567433137371,-1.42798661082691,-1.4279866108269));
#4137=CARTESIAN_POINT('',(1.11567433137371,-0.772813362145818,-1.8657365000756));
#4138=CARTESIAN_POINT('',(1.16567433137371,-1.72084568816899E-15,-2.0194780319186));
#4139=CARTESIAN_POINT('',(1.21567433137371,0.772813362145815,-1.8657365000756));
#4140=CARTESIAN_POINT('',(1.26567433137371,1.42798661082691,-1.42798661082691));
#4141=CARTESIAN_POINT('',(1.31567433137371,1.86573650007559,-0.772813362145828));
#4142=CARTESIAN_POINT('',(1.36567433137371,2.01947803191861,4.55191440096314E-15));
#4143=CARTESIAN_POINT('',(1.41567433137371,1.86573650007559,0.772813362145821));
#4144=CARTESIAN_POINT('',(1.46567433137371,1.42798661082691,1.42798661082691));
#4145=CARTESIAN_POINT('',(1.51567433137371,0.772813362145818,1.8657365000756));
#4146=CARTESIAN_POINT('',(1.56567433137371,2.1094237467878E-15,2.0194780319186));
#4147=CARTESIAN_POINT('',(1.61567433137371,-0.772813362145815,1.8657365000756));
#4148=CARTESIAN_POINT('',(1.66567433137371,-1.42798661082691,1.42798661082691));
#4149=CARTESIAN_POINT('',(1.71567433137371,-1.86573650007559,0.772813362145824));
#4150=CARTESIAN_POINT('',(1.76567433137371,-2.01947803191861,8.21565038222616E-15));
#4151=CARTESIAN_POINT('',(1.81567433137371,-1.86573650007559,-0.772813362145824));
#4152=CARTESIAN_POINT('',(1.86567433137371,-1.42798661082691,-1.4279866108269));
#4153=CARTESIAN_POINT('',(1.91567433137371,-0.772813362145818,-1.8657365000756));
#4154=CARTESIAN_POINT('',(1.96567433137371,-2.33146835171283E-15,-2.0194780319186));
#4155=CARTESIAN_POINT('',(2.01567433137371,0.772813362145815,-1.8657365000756));
#4156=CARTESIAN_POINT('',(2.06567433137371,1.42798661082691,-1.42798661082691));
#4157=CARTESIAN_POINT('',(2.11567433137371,1.86573650007559,-0.772813362145828));
#4158=CARTESIAN_POINT('',(2.16567433137371,2.01947803191861,3.99680288865056E-15));
#4159=CARTESIAN_POINT('',(2.21567433137371,1.86573650007559,0.772813362145821));
#4160=CARTESIAN_POINT('',(2.26567433137371,1.42798661082691,1.42798661082691));
#4161=CARTESIAN_POINT('',(2.31567433137371,0.772813362145819,1.86573650007559));
#4162=CARTESIAN_POINT('',(2.36567433137371,2.72004641033163E-15,2.0194780319186));
#4163=CARTESIAN_POINT('',(2.41567433137371,-0.772813362145814,1.8657365000756));
#4164=CARTESIAN_POINT('',(2.46567433137371,-1.42798661082691,1.42798661082691));
#4165=CARTESIAN_POINT('',(2.51567433137371,-1.86573650007559,0.772813362145825));
#4166=CARTESIAN_POINT('',(2.56567433137371,-2.01947803191861,8.43769498715119E-15));
#4167=CARTESIAN_POINT('',(2.61567433137371,-1.86573650007559,-0.772813362145824));
#4168=CARTESIAN_POINT('',(2.66567433137371,-1.42798661082692,-1.4279866108269));
#4169=CARTESIAN_POINT('',(2.71567433137371,-0.772813362145819,-1.86573650007559));
#4170=CARTESIAN_POINT('',(2.76567433137371,-3.99680288865056E-15,-2.01947803191861));
#4171=CARTESIAN_POINT('',(2.81567433137371,0.772813362145817,-1.86573650007559));
#4172=CARTESIAN_POINT('',(2.86567433137371,1.4279866108269,-1.42798661082692));
#4173=CARTESIAN_POINT('',(2.91567433137371,1.8657365000756,-0.772813362145813));
#4174=CARTESIAN_POINT('',(2.96567433137371,2.01947803191861,-4.44089209850063E-16));
#4175=CARTESIAN_POINT('',(3.01567433137371,1.86573650007559,0.77281336214582));
#4176=CARTESIAN_POINT('',(3.06567433137371,1.42798661082691,1.42798661082691));
#4177=CARTESIAN_POINT('',(3.11567433137371,0.772813362145829,1.86573650007559));
#4178=CARTESIAN_POINT('',(3.16567433137371,1.9151347174784E-14,2.01947803191861));
#4179=CARTESIAN_POINT('',(3.21567433137371,-0.772813362145831,1.86573650007559));
#4180=CARTESIAN_POINT('',(3.26567433137371,-1.42798661082691,1.42798661082691));
#4181=CARTESIAN_POINT('',(3.31567433137371,-1.86573650007559,0.772813362145825));
#4182=CARTESIAN_POINT('',(3.36567433137371,-2.0194780319186,4.88498130835069E-15));
#4183=CARTESIAN_POINT('',(3.41567433137371,-1.8657365000756,-0.772813362145807));
#4184=CARTESIAN_POINT('',(3.46567433137371,-1.42798661082691,-1.42798661082691));
#4185=CARTESIAN_POINT('',(3.51567433137371,-0.772813362145822,-1.86573650007559));
#4186=CARTESIAN_POINT('',(3.56567433137371,-3.71924713249427E-15,-2.01947803191861));
#4187=CARTESIAN_POINT('',(3.61567433137371,0.772813362145817,-1.86573650007559));
#4188=CARTESIAN_POINT('',(3.66567433137371,1.4279866108269,-1.42798661082692));
#4189=CARTESIAN_POINT('',(3.71567433137371,1.8657365000756,-0.772813362145814));
#4190=CARTESIAN_POINT('',(3.76567433137371,2.01947803191861,-6.66133814775094E-16));
#4191=CARTESIAN_POINT('',(3.81567433137371,1.86573650007559,0.77281336214582));
#4192=CARTESIAN_POINT('',(3.86567433137371,1.42798661082691,1.42798661082691));
#4193=CARTESIAN_POINT('',(3.91567433137371,0.772813362145836,1.86573650007559));
#4194=CARTESIAN_POINT('',(3.96567433137371,-1.16573417585641E-14,2.01947803191861));
#4195=CARTESIAN_POINT('',(4.01567433137371,-0.772813362145823,1.86573650007559));
#4196=CARTESIAN_POINT('',(4.06567433137371,-1.42798661082691,1.42798661082691));
#4197=CARTESIAN_POINT('',(4.11567433137371,-1.86573650007559,0.772813362145826));
#4198=CARTESIAN_POINT('',(4.16567433137371,-2.01947803191861,5.44009282066327E-15));
#4199=CARTESIAN_POINT('',(4.21567433137371,-1.8657365000756,-0.772813362145807));
#4200=CARTESIAN_POINT('',(4.26567433137371,-1.42798661082691,-1.42798661082692));
#4201=CARTESIAN_POINT('',(4.31567433137371,-0.772813362145822,-1.86573650007559));
#4202=CARTESIAN_POINT('',(4.36567433137371,-4.49640324973188E-15,-2.01947803191861));
#4203=CARTESIAN_POINT('',(4.41567433137371,0.772813362145817,-1.8657365000756));
#4204=CARTESIAN_POINT('',(4.46567433137371,1.4279866108269,-1.42798661082692));
#4205=CARTESIAN_POINT('',(4.51567433137371,1.8657365000756,-0.772813362145813));
#4206=CARTESIAN_POINT('',(4.56567433137371,2.0194780319186,-1.33226762955019E-15));
#4207=CARTESIAN_POINT('',(4.61567433137371,1.86573650007559,0.772813362145819));
#4208=CARTESIAN_POINT('',(4.66567433137371,1.42798661082691,1.42798661082691));
#4209=CARTESIAN_POINT('',(4.71567433137371,0.77281336214583,1.86573650007559));
#4210=CARTESIAN_POINT('',(4.76567433137371,2.02615701994091E-14,2.01947803191861));
#4211=CARTESIAN_POINT('',(4.81567433137371,-0.77281336214583,1.86573650007559));
#4212=CARTESIAN_POINT('',(4.86567433137371,-1.42798661082691,1.42798661082691));
#4213=CARTESIAN_POINT('',(4.91567433137371,-1.86573650007559,0.772813362145826));
#4214=CARTESIAN_POINT('',(4.96567433137371,-2.0194780319186,6.10622663543836E-15));
#4215=CARTESIAN_POINT('',(5.01567433137371,-1.8657365000756,-0.772813362145807));
#4216=CARTESIAN_POINT('',(5.06567433137371,-1.42798661082691,-1.42798661082692));
#4217=CARTESIAN_POINT('',(5.11032519667134,-0.842905561357537,-1.8189048376048));
#4218=CARTESIAN_POINT('',(5.1383093953023,-0.420965754300984,-1.9304596481833));
#4219=CARTESIAN_POINT('',(5.1496269272666,-0.247405026987145,-1.95252364352018));
#4220=CARTESIAN_POINT('',(0.,0.,0.));
#4221=CARTESIAN_POINT('',(-30.,0.,-7.26302326041165E-14));
#4222=CARTESIAN_POINT('',(-120.,-1.43687830814556E-44,0.));
#4223=CARTESIAN_POINT('',(152.,0.,0.));
#4224=MECHANICAL_DESIGN_GEOMETRIC_PRESENTATION_REPRESENTATION('',(#106),
#4229);
#4225=MECHANICAL_DESIGN_GEOMETRIC_PRESENTATION_REPRESENTATION('',(#107),
#4230);
#4226=MECHANICAL_DESIGN_GEOMETRIC_PRESENTATION_REPRESENTATION('',(#108),
#4231);
#4227=MECHANICAL_DESIGN_GEOMETRIC_PRESENTATION_REPRESENTATION('',(#109),
#4232);
#4228=(
GEOMETRIC_REPRESENTATION_CONTEXT(3)
GLOBAL_UNCERTAINTY_ASSIGNED_CONTEXT((#4233))
GLOBAL_UNIT_ASSIGNED_CONTEXT((#4243,#4239,#4238))
REPRESENTATION_CONTEXT('G_6_15_120_1_272_Steel',
'TOP_LEVEL_ASSEMBLY_PART')
);
#4229=(
GEOMETRIC_REPRESENTATION_CONTEXT(3)
GLOBAL_UNCERTAINTY_ASSIGNED_CONTEXT((#4234))
GLOBAL_UNIT_ASSIGNED_CONTEXT((#4243,#4239,#4238))
REPRESENTATION_CONTEXT('cylinder','COMPONENT_PART')
);
#4230=(
GEOMETRIC_REPRESENTATION_CONTEXT(3)
GLOBAL_UNCERTAINTY_ASSIGNED_CONTEXT((#4235))
GLOBAL_UNIT_ASSIGNED_CONTEXT((#4243,#4239,#4238))
REPRESENTATION_CONTEXT('rod','COMPONENT_PART')
);
#4231=(
GEOMETRIC_REPRESENTATION_CONTEXT(3)
GLOBAL_UNCERTAINTY_ASSIGNED_CONTEXT((#4236))
GLOBAL_UNIT_ASSIGNED_CONTEXT((#4243,#4239,#4238))
REPRESENTATION_CONTEXT('thread rod','COMPONENT_PART')
);
#4232=(
GEOMETRIC_REPRESENTATION_CONTEXT(3)
GLOBAL_UNCERTAINTY_ASSIGNED_CONTEXT((#4237))
GLOBAL_UNIT_ASSIGNED_CONTEXT((#4243,#4239,#4238))
REPRESENTATION_CONTEXT('thread cylinder','COMPONENT_PART')
);
#4233=UNCERTAINTY_MEASURE_WITH_UNIT(LENGTH_MEASURE(2.E-5),#4243,
'DISTANCE_ACCURACY_VALUE','Maximum Tolerance applied to model');
#4234=UNCERTAINTY_MEASURE_WITH_UNIT(LENGTH_MEASURE(0.001),#4243,
'DISTANCE_ACCURACY_VALUE','Maximum Tolerance applied to model');
#4235=UNCERTAINTY_MEASURE_WITH_UNIT(LENGTH_MEASURE(2.E-5),#4243,
'DISTANCE_ACCURACY_VALUE','Maximum Tolerance applied to model');
#4236=UNCERTAINTY_MEASURE_WITH_UNIT(LENGTH_MEASURE(0.002),#4243,
'DISTANCE_ACCURACY_VALUE','Maximum Tolerance applied to model');
#4237=UNCERTAINTY_MEASURE_WITH_UNIT(LENGTH_MEASURE(0.002),#4243,
'DISTANCE_ACCURACY_VALUE','Maximum Tolerance applied to model');
#4238=(
NAMED_UNIT(*)
SI_UNIT($,.STERADIAN.)
SOLID_ANGLE_UNIT()
);
#4239=(
CONVERSION_BASED_UNIT('DEGREE',#4241)
NAMED_UNIT(#4240)
PLANE_ANGLE_UNIT()
);
#4240=DIMENSIONAL_EXPONENTS(0.,0.,0.,0.,0.,0.,0.);
#4241=PLANE_ANGLE_MEASURE_WITH_UNIT(PLANE_ANGLE_MEASURE(0.0174532925),#4242);
#4242=(
NAMED_UNIT(*)
PLANE_ANGLE_UNIT()
SI_UNIT($,.RADIAN.)
);
#4243=(
LENGTH_UNIT()
NAMED_UNIT(*)
SI_UNIT(.MILLI.,.METRE.)
);
ENDSEC;
END-ISO-10303-21;
