ISO-10303-21;
HEADER;
/* Generated by software containing ST-Developer
 * from STEP Tools, Inc. (www.steptools.com) 
 */
/* OPTION: using custom schema-name function */

FILE_DESCRIPTION(
/* description */ (''),
/* implementation_level */ '2;1');

FILE_NAME(
/* name */ 'AR16.stp',
/* time_stamp */ '2024-04-16T11:29:26+03:00',
/* author */ (''),
/* organization */ (''),
/* preprocessor_version */ 'ST-DEVELOPER v16',
/* originating_system */ 'SIEMENS PLM Software NX 11.0',
/* authorisation */ '');

FILE_SCHEMA (('AUTOMOTIVE_DESIGN { 1 0 10303 214 3 1 1 1 }'));
ENDSEC;

DATA;
#10=SHAPE_REPRESENTATION_RELATIONSHIP('None',
'relationship between AR16_stp-None and AR16_stp-None',#22,#11);
#11=ADVANCED_BREP_SHAPE_REPRESENTATION('AR16_stp-None',(#32),#3772);
#12=SHAPE_DEFINITION_REPRESENTATION(#13,#22);
#13=PRODUCT_DEFINITION_SHAPE('','',#14);
#14=PRODUCT_DEFINITION(' ','',#16,#15);
#15=PRODUCT_DEFINITION_CONTEXT('part definition',#21,'design');
#16=PRODUCT_DEFINITION_FORMATION_WITH_SPECIFIED_SOURCE(' ',' ',#18,
 .NOT_KNOWN.);
#17=PRODUCT_RELATED_PRODUCT_CATEGORY('part','',(#18));
#18=PRODUCT('AR16_stp','AR16_stp',' ',(#19));
#19=PRODUCT_CONTEXT(' ',#21,'mechanical');
#20=APPLICATION_PROTOCOL_DEFINITION('international standard',
'automotive_design',2010,#21);
#21=APPLICATION_CONTEXT(
'core data for automotive mechanical design processes');
#22=SHAPE_REPRESENTATION('AR16_stp-None',(#317),#3772);
#23=PRESENTATION_LAYER_ASSIGNMENT('1','Layer 1',(#32));
#24=STYLED_ITEM('',(#25),#32);
#25=PRESENTATION_STYLE_ASSIGNMENT((#26));
#26=SURFACE_STYLE_USAGE(.BOTH.,#27);
#27=SURFACE_SIDE_STYLE('',(#28));
#28=SURFACE_STYLE_FILL_AREA(#29);
#29=FILL_AREA_STYLE('',(#30));
#30=FILL_AREA_STYLE_COLOUR('',#31);
#31=DRAUGHTING_PRE_DEFINED_COLOUR('white');
#32=MANIFOLD_SOLID_BREP('VOLUMENK\X\D6RPER2',#33);
#33=CLOSED_SHELL('',(#70,#71,#72,#73,#74,#75,#76,#77,#78,#79,#80,#81,#82,
#83,#84,#85,#86,#87));
#34=B_SPLINE_SURFACE_WITH_KNOTS('',1,3,((#3099,#3100,#3101,#3102,#3103,
#3104,#3105,#3106,#3107,#3108,#3109,#3110,#3111,#3112,#3113,#3114,#3115,
#3116,#3117,#3118,#3119,#3120,#3121,#3122,#3123,#3124,#3125,#3126,#3127,
#3128,#3129,#3130,#3131,#3132,#3133,#3134,#3135,#3136,#3137,#3138,#3139,
#3140,#3141,#3142,#3143,#3144,#3145,#3146,#3147,#3148,#3149,#3150,#3151,
#3152,#3153,#3154,#3155,#3156,#3157,#3158,#3159,#3160,#3161,#3162,#3163,
#3164,#3165,#3166,#3167,#3168,#3169,#3170,#3171,#3172,#3173,#3174,#3175,
#3176,#3177,#3178,#3179,#3180,#3181,#3182,#3183,#3184,#3185,#3186,#3187,
#3188,#3189,#3190,#3191,#3192,#3193,#3194,#3195,#3196,#3197,#3198,#3199,
#3200,#3201,#3202,#3203,#3204,#3205,#3206,#3207,#3208,#3209,#3210),(#3211,
#3212,#3213,#3214,#3215,#3216,#3217,#3218,#3219,#3220,#3221,#3222,#3223,
#3224,#3225,#3226,#3227,#3228,#3229,#3230,#3231,#3232,#3233,#3234,#3235,
#3236,#3237,#3238,#3239,#3240,#3241,#3242,#3243,#3244,#3245,#3246,#3247,
#3248,#3249,#3250,#3251,#3252,#3253,#3254,#3255,#3256,#3257,#3258,#3259,
#3260,#3261,#3262,#3263,#3264,#3265,#3266,#3267,#3268,#3269,#3270,#3271,
#3272,#3273,#3274,#3275,#3276,#3277,#3278,#3279,#3280,#3281,#3282,#3283,
#3284,#3285,#3286,#3287,#3288,#3289,#3290,#3291,#3292,#3293,#3294,#3295,
#3296,#3297,#3298,#3299,#3300,#3301,#3302,#3303,#3304,#3305,#3306,#3307,
#3308,#3309,#3310,#3311,#3312,#3313,#3314,#3315,#3316,#3317,#3318,#3319,
#3320,#3321,#3322)),.UNSPECIFIED.,.F.,.F.,.F.,(2,2),(4,1,1,1,1,1,1,1,1,
1,1,1,1,1,1,1,1,1,1,1,1,1,1,1,1,1,1,1,1,1,1,1,1,1,1,1,1,1,1,1,1,1,1,1,1,
1,1,1,1,1,1,1,1,1,1,1,1,1,1,1,1,1,1,1,1,1,1,1,1,1,1,1,1,1,1,1,1,1,1,1,1,
1,1,1,1,1,1,1,1,1,1,1,1,1,1,1,1,1,1,1,1,1,1,1,1,1,1,1,1,4),(0.,1.),(0.,
0.00920028359790811,0.0184005671958162,0.0276008507937243,0.0368011343916325,
0.0460014179895406,0.0552017015874487,0.0644019851853568,0.0736022687832649,
0.082802552381173,0.0920028359790811,0.101203119576989,0.110403403174897,
0.119603686772805,0.128803970370714,0.138004253968622,0.14720453756653,
0.156404821164438,0.165605104762346,0.174805388360254,0.184005671958162,
0.19320595555607,0.202406239153979,0.211606522751887,0.220806806349795,
0.230007089947703,0.239207373545611,0.248407657143519,0.257607940741427,
0.266808224339335,0.276008507937243,0.285208791535152,0.29440907513306,
0.303609358730968,0.312809642328876,0.322009925926784,0.331210209524692,
0.3404104931226,0.349610776720508,0.358811060318416,0.368011343916325,0.377211627514233,
0.386411911112141,0.395612194710049,0.404812478307957,0.414012761905865,
0.423213045503773,0.432413329101681,0.441613612699589,0.450813896297498,
0.460014179895406,0.469214463493314,0.478414747091222,0.48761503068913,
0.496815314287038,0.506015597884946,0.515215881482854,0.524416165080763,
0.533616448678671,0.542816732276579,0.552017015874487,0.561217299472395,
0.570417583070303,0.579617866668211,0.588818150266119,0.598018433864027,
0.607218717461936,0.616419001059844,0.625619284657752,0.63481956825566,
0.644019851853568,0.653220135451476,0.662420419049384,0.671620702647292,
0.6808209862452,0.690021269843109,0.699221553441017,0.708421837038925,0.717622120636833,
0.726822404234741,0.736022687832649,0.745222971430557,0.754423255028465,
0.763623538626374,0.772823822224282,0.78202410582219,0.791224389420098,
0.800424673018006,0.809624956615914,0.818825240213822,0.82802552381173,
0.837225807409638,0.846426091007547,0.855626374605455,0.864826658203363,
0.874026941801271,0.883227225399179,0.892427508997087,0.901627792594995,
0.910828076192903,0.920028359790811,0.92922864338872,0.938428926986628,
0.947629210584536,0.956829494182444,0.966029777780352,0.97523006137826,
0.984430344976168,0.993630628574076,1.),.UNSPECIFIED.);
#35=B_SPLINE_SURFACE_WITH_KNOTS('',1,3,((#3323,#3324,#3325,#3326,#3327,
#3328,#3329,#3330,#3331,#3332,#3333,#3334,#3335,#3336,#3337,#3338,#3339,
#3340,#3341,#3342,#3343,#3344,#3345,#3346,#3347,#3348,#3349,#3350,#3351,
#3352,#3353,#3354,#3355,#3356,#3357,#3358,#3359,#3360,#3361,#3362,#3363,
#3364,#3365,#3366,#3367,#3368,#3369,#3370,#3371,#3372,#3373,#3374,#3375,
#3376,#3377,#3378,#3379,#3380,#3381,#3382,#3383,#3384,#3385,#3386,#3387,
#3388,#3389,#3390,#3391,#3392,#3393,#3394,#3395,#3396,#3397,#3398,#3399,
#3400,#3401,#3402,#3403,#3404,#3405,#3406,#3407,#3408,#3409,#3410,#3411,
#3412,#3413,#3414,#3415,#3416,#3417,#3418,#3419,#3420,#3421,#3422,#3423,
#3424,#3425,#3426,#3427,#3428,#3429,#3430,#3431,#3432,#3433,#3434),(#3435,
#3436,#3437,#3438,#3439,#3440,#3441,#3442,#3443,#3444,#3445,#3446,#3447,
#3448,#3449,#3450,#3451,#3452,#3453,#3454,#3455,#3456,#3457,#3458,#3459,
#3460,#3461,#3462,#3463,#3464,#3465,#3466,#3467,#3468,#3469,#3470,#3471,
#3472,#3473,#3474,#3475,#3476,#3477,#3478,#3479,#3480,#3481,#3482,#3483,
#3484,#3485,#3486,#3487,#3488,#3489,#3490,#3491,#3492,#3493,#3494,#3495,
#3496,#3497,#3498,#3499,#3500,#3501,#3502,#3503,#3504,#3505,#3506,#3507,
#3508,#3509,#3510,#3511,#3512,#3513,#3514,#3515,#3516,#3517,#3518,#3519,
#3520,#3521,#3522,#3523,#3524,#3525,#3526,#3527,#3528,#3529,#3530,#3531,
#3532,#3533,#3534,#3535,#3536,#3537,#3538,#3539,#3540,#3541,#3542,#3543,
#3544,#3545,#3546)),.UNSPECIFIED.,.F.,.F.,.F.,(2,2),(4,1,1,1,1,1,1,1,1,
1,1,1,1,1,1,1,1,1,1,1,1,1,1,1,1,1,1,1,1,1,1,1,1,1,1,1,1,1,1,1,1,1,1,1,1,
1,1,1,1,1,1,1,1,1,1,1,1,1,1,1,1,1,1,1,1,1,1,1,1,1,1,1,1,1,1,1,1,1,1,1,1,
1,1,1,1,1,1,1,1,1,1,1,1,1,1,1,1,1,1,1,1,1,1,1,1,1,1,1,1,4),(0.,1.),(0.,
0.00920028359790811,0.0184005671958162,0.0276008507937243,0.0368011343916325,
0.0460014179895406,0.0552017015874487,0.0644019851853568,0.0736022687832649,
0.082802552381173,0.0920028359790811,0.101203119576989,0.110403403174897,
0.119603686772805,0.128803970370714,0.138004253968622,0.14720453756653,
0.156404821164438,0.165605104762346,0.174805388360254,0.184005671958162,
0.19320595555607,0.202406239153979,0.211606522751887,0.220806806349795,
0.230007089947703,0.239207373545611,0.248407657143519,0.257607940741427,
0.266808224339335,0.276008507937243,0.285208791535152,0.29440907513306,
0.303609358730968,0.312809642328876,0.322009925926784,0.331210209524692,
0.3404104931226,0.349610776720508,0.358811060318416,0.368011343916325,0.377211627514233,
0.386411911112141,0.395612194710049,0.404812478307957,0.414012761905865,
0.423213045503773,0.432413329101681,0.441613612699589,0.450813896297498,
0.460014179895406,0.469214463493314,0.478414747091222,0.48761503068913,
0.496815314287038,0.506015597884946,0.515215881482854,0.524416165080763,
0.533616448678671,0.542816732276579,0.552017015874487,0.561217299472395,
0.570417583070303,0.579617866668211,0.588818150266119,0.598018433864027,
0.607218717461936,0.616419001059844,0.625619284657752,0.63481956825566,
0.644019851853568,0.653220135451476,0.662420419049384,0.671620702647292,
0.6808209862452,0.690021269843109,0.699221553441017,0.708421837038925,0.717622120636833,
0.726822404234741,0.736022687832649,0.745222971430557,0.754423255028465,
0.763623538626374,0.772823822224282,0.78202410582219,0.791224389420098,
0.800424673018006,0.809624956615914,0.818825240213822,0.82802552381173,
0.837225807409638,0.846426091007547,0.855626374605455,0.864826658203363,
0.874026941801271,0.883227225399179,0.892427508997087,0.901627792594995,
0.910828076192903,0.920028359790811,0.92922864338872,0.938428926986628,
0.947629210584536,0.956829494182444,0.966029777780352,0.97523006137826,
0.984430344976168,0.993630628574076,1.),.UNSPECIFIED.);
#36=B_SPLINE_SURFACE_WITH_KNOTS('',1,3,((#3547,#3548,#3549,#3550,#3551,
#3552,#3553,#3554,#3555,#3556,#3557,#3558,#3559,#3560,#3561,#3562,#3563,
#3564,#3565,#3566,#3567,#3568,#3569,#3570,#3571,#3572,#3573,#3574,#3575,
#3576,#3577,#3578,#3579,#3580,#3581,#3582,#3583,#3584,#3585,#3586,#3587,
#3588,#3589,#3590,#3591,#3592,#3593,#3594,#3595,#3596,#3597,#3598,#3599,
#3600,#3601,#3602,#3603,#3604,#3605,#3606,#3607,#3608,#3609,#3610,#3611,
#3612,#3613,#3614,#3615,#3616,#3617,#3618,#3619,#3620,#3621,#3622,#3623,
#3624,#3625,#3626,#3627,#3628,#3629,#3630,#3631,#3632,#3633,#3634,#3635,
#3636,#3637,#3638,#3639,#3640,#3641,#3642,#3643,#3644,#3645,#3646,#3647,
#3648,#3649,#3650,#3651,#3652,#3653,#3654,#3655,#3656,#3657,#3658),(#3659,
#3660,#3661,#3662,#3663,#3664,#3665,#3666,#3667,#3668,#3669,#3670,#3671,
#3672,#3673,#3674,#3675,#3676,#3677,#3678,#3679,#3680,#3681,#3682,#3683,
#3684,#3685,#3686,#3687,#3688,#3689,#3690,#3691,#3692,#3693,#3694,#3695,
#3696,#3697,#3698,#3699,#3700,#3701,#3702,#3703,#3704,#3705,#3706,#3707,
#3708,#3709,#3710,#3711,#3712,#3713,#3714,#3715,#3716,#3717,#3718,#3719,
#3720,#3721,#3722,#3723,#3724,#3725,#3726,#3727,#3728,#3729,#3730,#3731,
#3732,#3733,#3734,#3735,#3736,#3737,#3738,#3739,#3740,#3741,#3742,#3743,
#3744,#3745,#3746,#3747,#3748,#3749,#3750,#3751,#3752,#3753,#3754,#3755,
#3756,#3757,#3758,#3759,#3760,#3761,#3762,#3763,#3764,#3765,#3766,#3767,
#3768,#3769,#3770)),.UNSPECIFIED.,.F.,.F.,.F.,(2,2),(4,1,1,1,1,1,1,1,1,
1,1,1,1,1,1,1,1,1,1,1,1,1,1,1,1,1,1,1,1,1,1,1,1,1,1,1,1,1,1,1,1,1,1,1,1,
1,1,1,1,1,1,1,1,1,1,1,1,1,1,1,1,1,1,1,1,1,1,1,1,1,1,1,1,1,1,1,1,1,1,1,1,
1,1,1,1,1,1,1,1,1,1,1,1,1,1,1,1,1,1,1,1,1,1,1,1,1,1,1,1,4),(0.,1.),(0.,
0.00920028359790811,0.0184005671958162,0.0276008507937243,0.0368011343916325,
0.0460014179895406,0.0552017015874487,0.0644019851853568,0.0736022687832649,
0.082802552381173,0.0920028359790811,0.101203119576989,0.110403403174897,
0.119603686772805,0.128803970370714,0.138004253968622,0.14720453756653,
0.156404821164438,0.165605104762346,0.174805388360254,0.184005671958162,
0.19320595555607,0.202406239153979,0.211606522751887,0.220806806349795,
0.230007089947703,0.239207373545611,0.248407657143519,0.257607940741427,
0.266808224339335,0.276008507937243,0.285208791535152,0.29440907513306,
0.303609358730968,0.312809642328876,0.322009925926784,0.331210209524692,
0.3404104931226,0.349610776720508,0.358811060318416,0.368011343916325,0.377211627514233,
0.386411911112141,0.395612194710049,0.404812478307957,0.414012761905865,
0.423213045503773,0.432413329101681,0.441613612699589,0.450813896297498,
0.460014179895406,0.469214463493314,0.478414747091222,0.48761503068913,
0.496815314287038,0.506015597884946,0.515215881482854,0.524416165080763,
0.533616448678671,0.542816732276579,0.552017015874487,0.561217299472395,
0.570417583070303,0.579617866668211,0.588818150266119,0.598018433864027,
0.607218717461936,0.616419001059844,0.625619284657752,0.63481956825566,
0.644019851853568,0.653220135451476,0.662420419049384,0.671620702647292,
0.6808209862452,0.690021269843109,0.699221553441017,0.708421837038925,0.717622120636833,
0.726822404234741,0.736022687832649,0.745222971430557,0.754423255028465,
0.763623538626374,0.772823822224282,0.78202410582219,0.791224389420098,
0.800424673018006,0.809624956615914,0.818825240213822,0.82802552381173,
0.837225807409638,0.846426091007547,0.855626374605455,0.864826658203363,
0.874026941801271,0.883227225399179,0.892427508997087,0.901627792594995,
0.910828076192903,0.920028359790811,0.92922864338872,0.938428926986628,
0.947629210584536,0.956829494182444,0.966029777780352,0.97523006137826,
0.984430344976168,0.993630628574076,1.),.UNSPECIFIED.);
#37=SPHERICAL_SURFACE('',#344,7.5);
#38=PLANE('',#332);
#39=PLANE('',#336);
#40=PLANE('',#346);
#41=PLANE('',#347);
#42=(
BOUNDED_CURVE()
B_SPLINE_CURVE(2,(#1701,#1702,#1703),.UNSPECIFIED.,.F.,.F.)
B_SPLINE_CURVE_WITH_KNOTS((3,3),(0.,1.),.UNSPECIFIED.)
CURVE()
GEOMETRIC_REPRESENTATION_ITEM()
RATIONAL_B_SPLINE_CURVE((1.,1.1180339887499,1.))
REPRESENTATION_ITEM('')
);
#43=(
BOUNDED_CURVE()
B_SPLINE_CURVE(2,(#1705,#1706,#1707),.UNSPECIFIED.,.F.,.F.)
B_SPLINE_CURVE_WITH_KNOTS((3,3),(0.,1.),.UNSPECIFIED.)
CURVE()
GEOMETRIC_REPRESENTATION_ITEM()
RATIONAL_B_SPLINE_CURVE((1.,1.1180339887499,1.))
REPRESENTATION_ITEM('')
);
#44=(
BOUNDED_CURVE()
B_SPLINE_CURVE(2,(#1719,#1720,#1721),.UNSPECIFIED.,.F.,.F.)
B_SPLINE_CURVE_WITH_KNOTS((3,3),(0.,1.),.UNSPECIFIED.)
CURVE()
GEOMETRIC_REPRESENTATION_ITEM()
RATIONAL_B_SPLINE_CURVE((1.,1.1180339887499,1.))
REPRESENTATION_ITEM('')
);
#45=(
BOUNDED_CURVE()
B_SPLINE_CURVE(2,(#1723,#1724,#1725),.UNSPECIFIED.,.F.,.F.)
B_SPLINE_CURVE_WITH_KNOTS((3,3),(0.,1.),.UNSPECIFIED.)
CURVE()
GEOMETRIC_REPRESENTATION_ITEM()
RATIONAL_B_SPLINE_CURVE((1.,1.1180339887499,1.))
REPRESENTATION_ITEM('')
);
#46=CONICAL_SURFACE('',#322,1.0335,58.9999999999998);
#47=CONICAL_SURFACE('',#325,2.5335,30.);
#48=CONICAL_SURFACE('',#328,4.3,44.9999999999999);
#49=CONICAL_SURFACE('',#334,4.3,44.9999999999996);
#50=CONICAL_SURFACE('',#340,6.,30.);
#51=FACE_BOUND('',#69,.T.);
#52=FACE_BOUND('',#103,.T.);
#53=FACE_BOUND('',#104,.T.);
#54=FACE_BOUND('',#105,.T.);
#55=FACE_BOUND('',#106,.T.);
#56=FACE_BOUND('',#107,.T.);
#57=FACE_BOUND('',#108,.T.);
#58=FACE_BOUND('',#109,.T.);
#59=FACE_BOUND('',#110,.T.);
#60=FACE_BOUND('',#111,.T.);
#61=FACE_BOUND('',#112,.T.);
#62=FACE_BOUND('',#113,.T.);
#63=FACE_BOUND('',#114,.T.);
#64=FACE_BOUND('',#115,.T.);
#65=FACE_BOUND('',#116,.T.);
#66=FACE_BOUND('',#117,.T.);
#67=FACE_BOUND('',#121,.T.);
#68=FACE_BOUND('',#122,.T.);
#69=VERTEX_LOOP('',#240);
#70=ADVANCED_FACE('',(#93),#88,.F.);
#71=ADVANCED_FACE('',(#51,#52),#46,.F.);
#72=ADVANCED_FACE('',(#53,#54),#47,.F.);
#73=ADVANCED_FACE('',(#55,#56),#48,.F.);
#74=ADVANCED_FACE('',(#57,#58),#89,.F.);
#75=ADVANCED_FACE('',(#59,#60),#38,.F.);
#76=ADVANCED_FACE('',(#61,#62),#49,.F.);
#77=ADVANCED_FACE('',(#63,#64),#39,.F.);
#78=ADVANCED_FACE('',(#65,#66),#50,.T.);
#79=ADVANCED_FACE('',(#94),#90,.T.);
#80=ADVANCED_FACE('',(#95),#37,.T.);
#81=ADVANCED_FACE('',(#96),#91,.T.);
#82=ADVANCED_FACE('',(#67,#68),#40,.T.);
#83=ADVANCED_FACE('',(#97),#41,.T.);
#84=ADVANCED_FACE('',(#98),#92,.F.);
#85=ADVANCED_FACE('',(#99),#34,.F.);
#86=ADVANCED_FACE('',(#100),#35,.F.);
#87=ADVANCED_FACE('',(#101),#36,.F.);
#88=CYLINDRICAL_SURFACE('',#321,2.067);
#89=CYLINDRICAL_SURFACE('',#330,4.05);
#90=CYLINDRICAL_SURFACE('',#342,7.5);
#91=CYLINDRICAL_SURFACE('',#345,7.5);
#92=CYLINDRICAL_SURFACE('',#348,2.5);
#93=FACE_OUTER_BOUND('',#102,.T.);
#94=FACE_OUTER_BOUND('',#118,.T.);
#95=FACE_OUTER_BOUND('',#119,.T.);
#96=FACE_OUTER_BOUND('',#120,.T.);
#97=FACE_OUTER_BOUND('',#123,.T.);
#98=FACE_OUTER_BOUND('',#124,.T.);
#99=FACE_OUTER_BOUND('',#125,.T.);
#100=FACE_OUTER_BOUND('',#126,.T.);
#101=FACE_OUTER_BOUND('',#127,.T.);
#102=EDGE_LOOP('',(#156,#157,#158,#159,#160,#161));
#103=EDGE_LOOP('',(#162,#163,#164,#165,#166));
#104=EDGE_LOOP('',(#167));
#105=EDGE_LOOP('',(#168,#169,#170,#171));
#106=EDGE_LOOP('',(#172));
#107=EDGE_LOOP('',(#173));
#108=EDGE_LOOP('',(#174));
#109=EDGE_LOOP('',(#175));
#110=EDGE_LOOP('',(#176,#177,#178,#179,#180));
#111=EDGE_LOOP('',(#181));
#112=EDGE_LOOP('',(#182));
#113=EDGE_LOOP('',(#183));
#114=EDGE_LOOP('',(#184,#185,#186,#187,#188));
#115=EDGE_LOOP('',(#189));
#116=EDGE_LOOP('',(#190));
#117=EDGE_LOOP('',(#191,#192,#193,#194,#195,#196));
#118=EDGE_LOOP('',(#197,#198,#199,#200));
#119=EDGE_LOOP('',(#201,#202,#203,#204));
#120=EDGE_LOOP('',(#205,#206,#207,#208));
#121=EDGE_LOOP('',(#209));
#122=EDGE_LOOP('',(#210));
#123=EDGE_LOOP('',(#211,#212,#213,#214,#215,#216));
#124=EDGE_LOOP('',(#217,#218,#219,#220));
#125=EDGE_LOOP('',(#221,#222,#223));
#126=EDGE_LOOP('',(#224,#225,#226,#227));
#127=EDGE_LOOP('',(#228,#229,#230,#231,#232,#233));
#128=B_SPLINE_CURVE_WITH_KNOTS('',3,(#428,#429,#430,#431,#432,#433,#434,
#435,#436,#437,#438,#439,#440,#441,#442,#443,#444,#445,#446,#447,#448,#449,
#450,#451,#452,#453,#454,#455,#456,#457,#458,#459,#460,#461,#462,#463,#464,
#465,#466,#467,#468,#469,#470,#471,#472,#473,#474,#475,#476,#477,#478,#479,
#480,#481,#482,#483,#484,#485,#486,#487,#488,#489,#490,#491,#492,#493,#494,
#495,#496,#497,#498,#499,#500,#501,#502,#503,#504,#505,#506,#507,#508,#509,
#510,#511,#512,#513,#514,#515,#516,#517,#518,#519,#520,#521,#522,#523,#524,
#525,#526,#527,#528,#529,#530,#531,#532,#533,#534,#535,#536,#537,#538,#539,
#540,#541,#542,#543,#544,#545,#546,#547,#548,#549,#550,#551,#552,#553,#554,
#555,#556,#557,#558,#559,#560,#561,#562,#563,#564,#565,#566,#567,#568,#569,
#570,#571,#572,#573,#574,#575,#576,#577,#578,#579,#580,#581,#582,#583,#584,
#585,#586,#587,#588,#589,#590,#591,#592,#593,#594,#595,#596,#597,#598,#599,
#600,#601,#602,#603,#604,#605,#606,#607,#608,#609,#610,#611,#612,#613,#614,
#615,#616,#617,#618,#619,#620,#621,#622,#623,#624,#625,#626,#627,#628,#629,
#630,#631,#632,#633,#634,#635,#636,#637,#638,#639,#640,#641,#642,#643,#644,
#645,#646,#647,#648,#649,#650,#651,#652,#653,#654,#655,#656,#657,#658,#659,
#660,#661,#662,#663,#664,#665,#666,#667,#668,#669,#670,#671,#672,#673,#674,
#675,#676,#677,#678,#679,#680,#681,#682,#683,#684,#685,#686,#687,#688,#689,
#690,#691,#692,#693,#694,#695,#696,#697,#698,#699,#700,#701,#702,#703,#704,
#705,#706,#707,#708,#709,#710,#711,#712,#713,#714,#715,#716,#717,#718,#719,
#720,#721,#722,#723,#724,#725,#726,#727,#728,#729,#730,#731,#732,#733,#734,
#735,#736,#737,#738,#739,#740,#741,#742,#743,#744,#745,#746,#747,#748,#749,
#750,#751,#752,#753,#754,#755,#756,#757,#758,#759,#760,#761,#762,#763,#764,
#765,#766,#767,#768,#769,#770,#771,#772,#773,#774,#775,#776,#777,#778,#779,
#780,#781,#782,#783,#784,#785,#786,#787,#788,#789,#790,#791,#792,#793,#794,
#795,#796,#797,#798,#799,#800,#801,#802,#803,#804,#805,#806,#807,#808,#809,
#810,#811,#812,#813,#814,#815,#816,#817,#818,#819,#820,#821,#822,#823,#824,
#825,#826,#827,#828,#829,#830,#831,#832,#833,#834,#835,#836,#837,#838,#839,
#840,#841,#842,#843,#844,#845,#846,#847,#848,#849,#850,#851,#852,#853,#854,
#855,#856,#857,#858,#859,#860,#861,#862,#863,#864,#865,#866,#867,#868,#869,
#870,#871,#872,#873,#874,#875,#876,#877,#878,#879,#880,#881,#882,#883,#884,
#885,#886,#887,#888,#889,#890,#891,#892,#893,#894,#895,#896,#897,#898,#899,
#900,#901,#902,#903,#904,#905,#906,#907,#908,#909,#910,#911,#912,#913,#914,
#915,#916,#917,#918,#919,#920,#921,#922,#923,#924,#925,#926,#927,#928,#929,
#930,#931,#932,#933,#934,#935,#936,#937,#938,#939,#940,#941,#942,#943,#944,
#945,#946,#947,#948,#949,#950,#951,#952,#953,#954,#955,#956,#957,#958,#959,
#960,#961,#962,#963,#964,#965,#966,#967,#968,#969,#970,#971,#972,#973,#974,
#975,#976,#977,#978,#979,#980,#981,#982,#983,#984,#985,#986,#987,#988,#989,
#990,#991,#992,#993,#994,#995,#996,#997,#998,#999,#1000,#1001,#1002,#1003,
#1004,#1005,#1006,#1007,#1008,#1009,#1010,#1011,#1012,#1013),
 .UNSPECIFIED.,.F.,.F.,(4,3,3,3,3,3,3,3,3,3,3,3,3,3,3,3,3,3,3,3,3,3,3,3,
3,3,3,3,3,3,3,3,3,3,3,3,3,3,3,3,3,3,3,3,3,3,3,3,3,3,3,3,3,3,3,3,3,3,3,3,
3,3,3,3,3,3,3,3,3,3,3,3,3,3,3,3,3,3,3,3,3,3,3,3,3,3,3,3,3,3,3,3,3,3,3,3,
3,3,3,3,3,3,3,3,3,3,3,3,3,3,3,3,3,3,3,3,3,3,3,3,3,3,3,3,3,3,3,3,3,3,3,3,
3,3,3,3,3,3,3,3,3,3,3,3,3,3,3,3,3,3,3,3,3,3,3,3,3,3,3,3,3,3,3,3,3,3,3,3,
3,3,3,3,3,3,3,3,3,3,3,3,3,3,3,3,3,3,3,3,3,3,3,3,3,3,3,4),(0.,0.00513176259083684,
0.0102636614006445,0.01539663805672,0.0205293087081042,0.0256615698765028,
0.0307948880269336,0.0359266264266687,0.0410606920715297,0.0461928014313809,
0.0513259129595303,0.0564582165307222,0.0615903182036286,0.0667238814388941,
0.0718558549992999,0.0769897167468419,0.0821215808584436,0.0872547499957078,
0.0923872801482958,0.0975196574877107,0.102652794882174,0.107784519162094,
0.112918629563272,0.118050702211131,0.12318396438687,0.128316149440477,
0.133448394737104,0.138581774499668,0.143713751874823,0.148847590623633,
0.153979427780575,0.159112792091035,0.164245200707863,0.169377706532409,
0.174510660973456,0.179642398591948,0.184776487725041,0.189908534226145,
0.195041946937957,0.200174034035661,0.205306439272211,0.21043963407864,
0.215571641426367,0.220705405551212,0.225837221562723,0.230970781319823,
0.236103089364881,0.241235734075847,0.246368511425035,0.251500294041819,
0.256634309738599,0.261766337594107,0.266899897279466,0.27203190701166,
0.277164485882653,0.282297501544463,0.287429566239781,0.292563216362319,
0.297695012766106,0.30282876199907,0.307960989812118,0.313093780995197,
0.31822639229139,0.323358250860231,0.328492152420356,0.333624164265081,
0.338757859708363,0.343889810143161,0.349022572748245,0.354155419498429,
0.359287566011231,0.364421072507524,0.369552845065479,0.374686766766367,
0.379818931646443,0.384951873217198,0.390084331908865,0.395216293056179,
0.400350048886315,0.405482041156431,0.410615848436989,0.4157477529754,0.420880704964958,
0.426013394885064,0.431145641989851,0.436278982742201,0.441410724474906,
0.446544778697748,0.451676893609451,0.456809985698056,0.461942305916431,
0.467074390306249,0.472207976579444,0.477339951248201,0.482473811436804,
0.487605679562803,0.492738823660802,0.497871370912587,0.503003732503974,
0.508136893511401,0.513268618186978,0.518402726805645,0.523534803518136,
0.528668046193515,0.533800245379047,0.538932471146815,0.544065874817851,
0.549197850276005,0.554331695144456,0.559463535346743,0.564596874338198,
0.569729297439719,0.574861786016177,0.5799947638414,0.585126497959421,0.590260593002709,
0.595392642336728,0.600526035678497,0.605658134197521,0.610790517926261,
0.615923736361223,0.621055738247375,0.626189514412399,0.631321332923192,
0.636454867585358,0.641587187390135,0.646719813649907,0.651852613274585,
0.656984388253678,0.662118415895728,0.667250445854541,0.672383986961653,
0.677516005548571,0.682648561326718,0.68778159955933,0.692913655349353,
0.69804732199302,0.703179120995261,0.708312846414411,0.713445083486619,
0.718577855429154,0.723710487385838,0.728842334503172,0.733976252701068,
0.739108266636396,0.744241945547643,0.749373902728857,0.75450664117187,
0.75963950901936,0.764771643744622,0.769905170120003,0.775036946186397,
0.780170847075557,0.7853030192258,0.790435941282957,0.795568418851178,0.800700365445991,
0.80583414155319,0.810966136736672,0.816099931513303,0.82123184138667,0.826364768757005,
0.831497478184583,0.836629711458251,0.841763074582291,0.846894819921518,
0.8520288613314,0.857160981999842,0.862294054659107,0.867426391824887,0.872558459241381,
0.877692068345242,0.882824044444036,0.887957901946826,0.893089774237678,
0.898222893352882,0.903355458022371,0.908487804081666,0.913620988655225,
0.918752714182861,0.923886819896832,0.929018900863538,0.934152124050743,
0.939284337717694,0.944416544240729,0.949549971787065,0.954681945769293,
0.959815795878584,0.964947639239292,0.97008095293647,0.975213390880366,
0.980345862394851,0.985478863698037,0.990610594852407,0.995744694919832,
1.),.UNSPECIFIED.);
#129=B_SPLINE_CURVE_WITH_KNOTS('',3,(#1017,#1018,#1019,#1020,#1021,#1022,
#1023,#1024,#1025,#1026,#1027,#1028,#1029,#1030,#1031,#1032,#1033,#1034,
#1035,#1036,#1037,#1038,#1039,#1040,#1041,#1042,#1043,#1044,#1045,#1046,
#1047,#1048,#1049,#1050,#1051,#1052,#1053,#1054,#1055,#1056,#1057,#1058,
#1059,#1060,#1061,#1062,#1063,#1064,#1065,#1066,#1067,#1068,#1069,#1070,
#1071,#1072,#1073,#1074,#1075,#1076,#1077,#1078,#1079,#1080,#1081,#1082,
#1083,#1084,#1085,#1086,#1087,#1088,#1089,#1090,#1091,#1092,#1093,#1094,
#1095,#1096,#1097,#1098,#1099,#1100,#1101,#1102,#1103,#1104,#1105,#1106,
#1107,#1108,#1109,#1110,#1111,#1112,#1113,#1114,#1115,#1116,#1117,#1118,
#1119,#1120,#1121,#1122,#1123,#1124,#1125,#1126,#1127,#1128,#1129,#1130,
#1131,#1132,#1133,#1134,#1135,#1136,#1137,#1138,#1139,#1140,#1141,#1142,
#1143,#1144,#1145,#1146,#1147,#1148,#1149,#1150,#1151,#1152,#1153,#1154,
#1155,#1156,#1157,#1158,#1159,#1160,#1161,#1162,#1163,#1164,#1165,#1166,
#1167,#1168,#1169,#1170,#1171,#1172,#1173,#1174,#1175,#1176,#1177,#1178,
#1179,#1180,#1181,#1182,#1183,#1184,#1185,#1186,#1187,#1188,#1189,#1190,
#1191,#1192,#1193,#1194,#1195,#1196,#1197,#1198,#1199,#1200,#1201,#1202,
#1203,#1204,#1205,#1206,#1207,#1208,#1209,#1210,#1211,#1212,#1213,#1214,
#1215,#1216,#1217,#1218,#1219,#1220,#1221,#1222,#1223,#1224,#1225,#1226,
#1227,#1228,#1229,#1230,#1231,#1232,#1233,#1234,#1235,#1236,#1237,#1238,
#1239,#1240,#1241,#1242,#1243,#1244,#1245,#1246,#1247,#1248,#1249,#1250,
#1251,#1252,#1253,#1254,#1255,#1256,#1257,#1258,#1259,#1260,#1261,#1262,
#1263,#1264,#1265,#1266,#1267,#1268,#1269,#1270,#1271,#1272,#1273,#1274,
#1275,#1276,#1277,#1278,#1279,#1280,#1281,#1282,#1283,#1284,#1285,#1286,
#1287,#1288,#1289,#1290,#1291,#1292,#1293,#1294,#1295,#1296,#1297,#1298,
#1299,#1300,#1301,#1302,#1303,#1304,#1305,#1306,#1307,#1308,#1309,#1310,
#1311,#1312,#1313,#1314,#1315,#1316,#1317,#1318,#1319,#1320,#1321,#1322,
#1323,#1324,#1325,#1326,#1327,#1328,#1329,#1330,#1331,#1332,#1333,#1334,
#1335,#1336,#1337,#1338,#1339,#1340,#1341,#1342,#1343,#1344,#1345,#1346,
#1347,#1348,#1349,#1350,#1351,#1352,#1353,#1354,#1355,#1356,#1357,#1358,
#1359,#1360,#1361,#1362,#1363,#1364,#1365,#1366,#1367,#1368,#1369,#1370,
#1371,#1372,#1373,#1374,#1375,#1376,#1377,#1378,#1379,#1380,#1381,#1382,
#1383,#1384,#1385,#1386,#1387,#1388,#1389,#1390,#1391,#1392,#1393,#1394,
#1395,#1396,#1397,#1398,#1399,#1400,#1401,#1402,#1403,#1404,#1405,#1406,
#1407,#1408,#1409,#1410,#1411,#1412,#1413,#1414,#1415,#1416,#1417,#1418,
#1419,#1420,#1421,#1422,#1423,#1424,#1425,#1426,#1427,#1428,#1429,#1430,
#1431,#1432,#1433,#1434,#1435,#1436,#1437,#1438,#1439,#1440,#1441,#1442,
#1443,#1444,#1445,#1446,#1447,#1448,#1449,#1450,#1451,#1452,#1453,#1454,
#1455,#1456,#1457,#1458,#1459,#1460,#1461,#1462,#1463,#1464,#1465,#1466,
#1467,#1468,#1469,#1470,#1471,#1472,#1473,#1474,#1475,#1476,#1477,#1478,
#1479,#1480,#1481,#1482,#1483,#1484,#1485,#1486,#1487,#1488,#1489,#1490,
#1491,#1492,#1493,#1494,#1495,#1496,#1497,#1498,#1499,#1500,#1501,#1502,
#1503,#1504,#1505,#1506,#1507,#1508,#1509,#1510,#1511,#1512,#1513,#1514,
#1515,#1516,#1517,#1518,#1519,#1520,#1521,#1522,#1523,#1524,#1525,#1526,
#1527,#1528,#1529,#1530,#1531,#1532,#1533,#1534,#1535,#1536,#1537,#1538,
#1539,#1540,#1541,#1542,#1543,#1544,#1545,#1546,#1547,#1548,#1549,#1550,
#1551,#1552,#1553,#1554,#1555,#1556,#1557),.UNSPECIFIED.,.F.,.F.,(4,3,3,
3,3,3,3,3,3,3,3,3,3,3,3,3,3,3,3,3,3,3,3,3,3,3,3,3,3,3,3,3,3,3,3,3,3,3,3,
3,3,3,3,3,3,3,3,3,3,3,3,3,3,3,3,3,3,3,3,3,3,3,3,3,3,3,3,3,3,3,3,3,3,3,3,
3,3,3,3,3,3,3,3,3,3,3,3,3,3,3,3,3,3,3,3,3,3,3,3,3,3,3,3,3,3,3,3,3,3,3,3,
3,3,3,3,3,3,3,3,3,3,3,3,3,3,3,3,3,3,3,3,3,3,3,3,3,3,3,3,3,3,3,3,3,3,3,3,
3,3,3,3,3,3,3,3,3,3,3,3,3,3,3,3,3,3,3,3,3,3,3,3,3,3,3,3,3,3,3,3,3,4),(0.,
0.00558053555976993,0.0111613651268028,0.0167447645049557,0.0223259897101149,
0.0279083878559102,0.0334897875690109,0.0390710822221928,0.0446538269328641,
0.0502349205118021,0.0558180666479846,0.0613990299230913,0.0669815099039803,
0.0725631546143162,0.078144743218741,0.083727023942959,0.0893078497044181,
0.0948912670258247,0.100472457175392,0.106055019306862,0.111636298901397,
0.117217757129954,0.122800300511559,0.128381409135229,0.133964505996896,
0.139545442925147,0.145128135801128,0.150709657372495,0.156291390542242,
0.16187347397709,0.167454327818017,0.173037697612891,0.178618863112027,
0.18420158808534,0.189782770279378,0.195364408814224,0.200946752810515,
0.206527906079523,0.212110903183482,0.217691818446283,0.223274722358722,
0.228856143656923,0.234438031595232,0.240019926749649,0.245600843359322,
0.251184114210272,0.256765261312964,0.26234814252352,0.267929248927926,
0.273511081219084,0.279093234442801,0.284674461323265,0.290257320415447,
0.295838213334586,0.301421317656939,0.307002659766223,0.312584709227009,
0.318166429496234,0.323747441040498,0.329330572945374,0.334911701944158,
0.340494722372198,0.34607577084409,0.351657806035222,0.357239780723507,
0.362821105622072,0.368403798018531,0.373984661153375,0.37956794093524,
0.385149220733482,0.390731434156571,0.396312994477492,0.401894127268751,
0.407477089209024,0.413058195299979,0.418641317609117,0.424222320529196,
0.429804562942422,0.435386372727061,0.440967813405026,0.446550318122833,
0.452131150756235,0.457714542194821,0.463295772784484,0.46887814977521,
0.474459566556281,0.480040841420065,0.485623611750211,0.491204705344839,
0.496787853392288,0.50236882058323,0.507951273189332,0.513532935405615,
0.519114506210687,0.524696812666708,0.530277637250013,0.53586105623349,
0.541442250229256,0.547024791171355,0.552606084969497,0.55818752106643,
0.563770090465871,0.569351195497886,0.574934301816095,0.580515241759787,
0.58609790711321,0.591679443254183,0.597261157107206,0.602843265592606,
0.608424113828269,0.614007492888308,0.619588661081471,0.625171365225661,
0.630752558694252,0.636334173100267,0.641916542421846,0.647497688216558,
0.65308070054581,0.658661618484613,0.66424449549893,0.669825928459089,0.675407795937715,
0.680989714668616,0.686570621251119,0.692153907304746,0.697735056595977,
0.703317918301349,0.708899033351012,0.714480839999352,0.720063017172103,
0.725644233028177,0.731227111690108,0.736808007729909,0.74239108720499,
0.747972438446847,0.753554466802618,0.759136208778299,0.764717206418892,
0.770300358136328,0.775881489670204,0.781464493568796,0.787045548672683,
0.79262755731528,0.79820955426669,0.803790865348226,0.80937358056279,0.814954448188245,
0.82053770735991,0.826118994416852,0.831701186686943,0.837282766784904,
0.842863882682945,0.848446868003398,0.854027976889249,0.859611090059759,
0.865192098270911,0.870774313770678,0.876356143949925,0.881937568835658,
0.887520098598858,0.893100934155942,0.898684316257932,0.904265552447007,
0.909847908294662,0.915429342491813,0.92101059788877,0.926593393689218,
0.932174487709211,0.937757636549874,0.94333860780281,0.948921033083368,
0.954502713169555,0.960084266393947,0.965666598593,0.971247422536784,0.976830842064565,
0.982412040091357,0.987994559839047,0.993575868224176,0.999157282477521,
1.),.UNSPECIFIED.);
#130=B_SPLINE_CURVE_WITH_KNOTS('',3,(#1562,#1563,#1564,#1565),
 .UNSPECIFIED.,.F.,.F.,(4,4),(0.,1.),.UNSPECIFIED.);
#131=B_SPLINE_CURVE_WITH_KNOTS('',3,(#1567,#1568,#1569,#1570),
 .UNSPECIFIED.,.F.,.F.,(4,4),(0.,1.),.UNSPECIFIED.);
#132=B_SPLINE_CURVE_WITH_KNOTS('',3,(#1577,#1578,#1579,#1580,#1581,#1582,
#1583,#1584,#1585,#1586,#1587,#1588,#1589,#1590,#1591,#1592,#1593,#1594,
#1595,#1596,#1597,#1598,#1599,#1600,#1601,#1602,#1603,#1604,#1605,#1606,
#1607,#1608,#1609,#1610,#1611,#1612,#1613,#1614,#1615,#1616,#1617,#1618,
#1619,#1620,#1621,#1622,#1623,#1624,#1625,#1626,#1627,#1628,#1629,#1630,
#1631,#1632,#1633,#1634,#1635,#1636,#1637,#1638,#1639,#1640,#1641,#1642,
#1643,#1644,#1645,#1646,#1647,#1648,#1649),.UNSPECIFIED.,.F.,.F.,(4,3,3,
3,3,3,3,3,3,3,3,3,3,3,3,3,3,3,3,3,3,3,3,3,4),(0.,0.034046637425916,0.0811440293918219,
0.127520732688775,0.174108852104081,0.219729846314489,0.265585610653145,
0.310576827694908,0.355527015274663,0.400126200647557,0.444114560121028,
0.488167825772711,0.531280891106088,0.574648551865099,0.617156252198559,
0.659687721315401,0.701701813882643,0.743242982314612,0.784776836172897,
0.825474085586473,0.866348209643157,0.906313436407863,0.94638198239794,
0.985863693752511,1.),.UNSPECIFIED.);
#133=B_SPLINE_CURVE_WITH_KNOTS('',3,(#1650,#1651,#1652,#1653,#1654,#1655,
#1656,#1657,#1658,#1659,#1660,#1661,#1662,#1663,#1664,#1665,#1666,#1667,
#1668,#1669,#1670,#1671,#1672,#1673,#1674,#1675,#1676,#1677,#1678,#1679,
#1680,#1681,#1682,#1683,#1684,#1685,#1686),.UNSPECIFIED.,.F.,.F.,(4,3,3,
3,3,3,3,3,3,3,3,3,4),(0.,0.0772975171234648,0.154765279769606,0.235729497925992,
0.316451982437821,0.398971621953643,0.483494019657886,0.567904264337451,
0.656039920040001,0.743093216627971,0.833454553301132,0.923930602407403,
1.),.UNSPECIFIED.);
#134=B_SPLINE_CURVE_WITH_KNOTS('',1,(#1740,#1741),.UNSPECIFIED.,.F.,.F.,
(2,2),(0.,1.),.UNSPECIFIED.);
#135=B_SPLINE_CURVE_WITH_KNOTS('',1,(#1745,#1746),.UNSPECIFIED.,.F.,.F.,
(2,2),(0.,1.),.UNSPECIFIED.);
#136=B_SPLINE_CURVE_WITH_KNOTS('',1,(#1748,#1749),.UNSPECIFIED.,.F.,.F.,
(2,2),(0.,1.),.UNSPECIFIED.);
#137=B_SPLINE_CURVE_WITH_KNOTS('',3,(#1751,#1752,#1753,#1754,#1755,#1756,
#1757,#1758,#1759,#1760,#1761,#1762,#1763,#1764,#1765,#1766,#1767,#1768,
#1769,#1770,#1771,#1772,#1773,#1774,#1775,#1776,#1777,#1778,#1779,#1780,
#1781,#1782,#1783,#1784,#1785,#1786,#1787,#1788,#1789,#1790,#1791,#1792,
#1793,#1794,#1795,#1796,#1797,#1798,#1799,#1800,#1801,#1802,#1803,#1804,
#1805,#1806,#1807,#1808,#1809,#1810,#1811,#1812,#1813,#1814,#1815,#1816,
#1817,#1818,#1819,#1820,#1821,#1822,#1823,#1824,#1825,#1826,#1827,#1828,
#1829,#1830,#1831,#1832,#1833,#1834,#1835,#1836,#1837,#1838,#1839,#1840,
#1841,#1842,#1843,#1844,#1845,#1846,#1847,#1848,#1849,#1850,#1851,#1852,
#1853,#1854,#1855,#1856,#1857,#1858,#1859,#1860,#1861,#1862,#1863,#1864,
#1865,#1866,#1867,#1868,#1869,#1870,#1871,#1872,#1873,#1874,#1875,#1876,
#1877,#1878,#1879,#1880,#1881,#1882,#1883,#1884,#1885,#1886,#1887,#1888,
#1889,#1890,#1891,#1892,#1893,#1894,#1895,#1896,#1897,#1898,#1899,#1900,
#1901,#1902,#1903,#1904,#1905,#1906,#1907,#1908,#1909,#1910,#1911,#1912,
#1913,#1914,#1915,#1916,#1917,#1918,#1919,#1920,#1921,#1922,#1923,#1924,
#1925,#1926,#1927,#1928,#1929,#1930,#1931,#1932,#1933,#1934,#1935,#1936,
#1937,#1938,#1939,#1940,#1941,#1942,#1943,#1944,#1945,#1946,#1947,#1948,
#1949,#1950,#1951,#1952,#1953,#1954,#1955,#1956,#1957,#1958,#1959,#1960,
#1961,#1962,#1963,#1964,#1965,#1966,#1967,#1968,#1969,#1970,#1971,#1972,
#1973,#1974,#1975,#1976,#1977,#1978,#1979,#1980,#1981,#1982,#1983,#1984,
#1985,#1986,#1987,#1988,#1989,#1990,#1991,#1992,#1993,#1994,#1995,#1996,
#1997,#1998,#1999,#2000,#2001,#2002,#2003,#2004,#2005,#2006,#2007,#2008,
#2009,#2010,#2011,#2012,#2013,#2014,#2015,#2016,#2017,#2018,#2019,#2020,
#2021,#2022,#2023,#2024,#2025,#2026,#2027,#2028,#2029,#2030,#2031,#2032,
#2033,#2034,#2035,#2036,#2037,#2038,#2039,#2040,#2041,#2042,#2043,#2044,
#2045,#2046,#2047,#2048,#2049,#2050,#2051,#2052,#2053,#2054,#2055,#2056,
#2057,#2058,#2059,#2060,#2061,#2062,#2063,#2064,#2065,#2066,#2067,#2068,
#2069,#2070,#2071,#2072,#2073,#2074,#2075,#2076,#2077,#2078,#2079,#2080,
#2081,#2082,#2083,#2084,#2085,#2086,#2087,#2088,#2089,#2090,#2091,#2092,
#2093,#2094,#2095,#2096,#2097,#2098,#2099,#2100,#2101,#2102,#2103,#2104,
#2105,#2106,#2107,#2108,#2109,#2110,#2111,#2112,#2113,#2114,#2115,#2116,
#2117,#2118,#2119,#2120,#2121,#2122,#2123,#2124,#2125,#2126,#2127,#2128,
#2129,#2130,#2131,#2132,#2133,#2134,#2135,#2136,#2137,#2138,#2139,#2140,
#2141,#2142,#2143,#2144,#2145,#2146,#2147,#2148,#2149,#2150,#2151,#2152,
#2153,#2154,#2155,#2156,#2157,#2158,#2159,#2160,#2161,#2162,#2163,#2164,
#2165,#2166,#2167,#2168,#2169,#2170,#2171,#2172,#2173,#2174,#2175,#2176,
#2177,#2178,#2179,#2180,#2181,#2182,#2183,#2184,#2185,#2186,#2187,#2188,
#2189,#2190,#2191,#2192,#2193,#2194,#2195,#2196,#2197,#2198,#2199,#2200,
#2201,#2202,#2203,#2204,#2205,#2206,#2207,#2208,#2209,#2210,#2211,#2212,
#2213,#2214,#2215,#2216,#2217,#2218,#2219,#2220,#2221,#2222,#2223,#2224,
#2225,#2226,#2227,#2228,#2229,#2230,#2231,#2232,#2233,#2234,#2235,#2236,
#2237,#2238,#2239,#2240,#2241,#2242,#2243,#2244,#2245,#2246,#2247,#2248,
#2249,#2250,#2251,#2252,#2253,#2254,#2255,#2256,#2257,#2258,#2259,#2260,
#2261,#2262,#2263,#2264,#2265,#2266,#2267,#2268,#2269,#2270,#2271,#2272,
#2273,#2274,#2275,#2276,#2277,#2278,#2279,#2280,#2281,#2282,#2283,#2284,
#2285,#2286,#2287,#2288,#2289,#2290,#2291,#2292,#2293,#2294,#2295,#2296,
#2297,#2298,#2299,#2300,#2301,#2302,#2303,#2304,#2305,#2306,#2307,#2308,
#2309,#2310,#2311,#2312,#2313,#2314,#2315,#2316,#2317,#2318,#2319,#2320,
#2321,#2322,#2323,#2324,#2325,#2326,#2327,#2328,#2329,#2330,#2331,#2332,
#2333,#2334,#2335,#2336,#2337,#2338,#2339,#2340,#2341,#2342,#2343,#2344,
#2345,#2346,#2347,#2348,#2349,#2350,#2351,#2352,#2353,#2354,#2355,#2356,
#2357,#2358,#2359,#2360,#2361,#2362,#2363,#2364,#2365,#2366,#2367,#2368,
#2369,#2370,#2371,#2372,#2373,#2374,#2375),.UNSPECIFIED.,.F.,.F.,(4,3,3,
3,3,3,3,3,3,3,3,3,3,3,3,3,3,3,3,3,3,3,3,3,3,3,3,3,3,3,3,3,3,3,3,3,3,3,3,
3,3,3,3,3,3,3,3,3,3,3,3,3,3,3,3,3,3,3,3,3,3,3,3,3,3,3,3,3,3,3,3,3,3,3,3,
3,3,3,3,3,3,3,3,3,3,3,3,3,3,3,3,3,3,3,3,3,3,3,3,3,3,3,3,3,3,3,3,3,3,3,3,
3,3,3,3,3,3,3,3,3,3,3,3,3,3,3,3,3,3,3,3,3,3,3,3,3,3,3,3,3,3,3,3,3,3,3,3,
3,3,3,3,3,3,3,3,3,3,3,3,3,3,3,3,3,3,3,3,3,3,3,3,3,3,3,3,3,3,3,3,3,3,3,3,
3,3,3,3,3,3,3,3,3,3,3,3,3,3,3,3,3,3,3,3,3,3,3,3,3,4),(0.,0.00377998009822844,
0.00861514507416144,0.0134486704424328,0.0182833178013304,0.0231167550361529,
0.0279506364896851,0.0327849690149769,0.0376185544517728,0.0424534306533602,
0.0472868023687001,0.0521215729319795,0.0569551854136372,0.0617892424790292,
0.0666232395225817,0.0714566497351944,0.0762917498398214,0.081125286296856,
0.0859600347969389,0.090793433130648,0.0956274254206617,0.100461623415209,
0.105295248522217,0.110130034753302,0.114963414544782,0.119798319405234,
0.124631890027453,0.129466038755419,0.134299914010248,0.139133372562111,
0.143968382420516,0.148801928755527,0.153636773250526,0.158470146808457,
0.163304256576479,0.168138328298032,0.172972005260155,0.177806682848455,
0.182640064071627,0.187475094831514,0.19230863732911,0.197142880491988,
0.201976644016929,0.206810164596193,0.211645063436337,0.216478612935756,
0.2213135406585,0.226146900304026,0.230981131958001,0.235815086675366,0.240648824601401,
0.24548337862637,0.250316750245833,0.255151885799217,0.259985410700328,
0.264819749079207,0.269653411244992,0.274487004346634,0.279321775357014,
0.284155321409898,0.288990298910925,0.293823652467489,0.298658008947068,
0.303491857085597,0.308325662446976,0.31316008212885,0.317993443859447,
0.322828635128032,0.327662151719495,0.332496586564198,0.33733015996161,
0.342163835185341,0.346998467668363,0.351832014300033,0.356666996146606,
0.361500350636527,0.366334835915658,0.371168591158895,0.376002470484445,
0.380836751499572,0.385670112704755,0.390505313075747,0.395338830004662,
0.400173363797978,0.405006863684877,0.409840630852068,0.414675120865821,
0.419508678261468,0.424343627029516,0.42917698804133,0.434011606367718,
0.438845284771215,0.443679244584686,0.448513388340815,0.45334676338889,
0.458181934118336,0.46301545822069,0.467850093256682,0.472683536150291,
0.477517404737137,0.48235175381653,0.487185335326411,0.492020220792313,
0.496853591267493,0.501688345396065,0.506521963880838,0.511356010128622,
0.516190022367058,0.521023427739891,0.525858537008679,0.530692072020282,
0.535526808436569,0.540360210570195,0.54519418906951,0.550028402754477,
0.554862022322549,0.55969682036294,0.564530199347178,0.569365088270625,
0.574198663063414,0.579032800508644,0.583866689806387,0.588700141687447,
0.593535163496655,0.598368708805555,0.603203542181859,0.608036917991469,
0.612871013278954,0.617705099620925,0.622538769720511,0.62737346114557,
0.632206842662322,0.637041858948824,0.641875404129412,0.646709635787746,
0.651543412122915,0.656376924552303,0.661211837628897,0.666045387225795,
0.670880305863676,0.675713666662544,0.680547883438952,0.685381851646448,
0.69021558180813,0.695050151294023,0.699883524295311,0.70471864953331,0.70955217597692,
0.714386502799425,0.719220176469384,0.724053760275389,0.728888547282294,
0.733722093612509,0.738557067614787,0.74339042143565,0.748224762640591,
0.753058622848807,0.757892419684344,0.762726855790405,0.767560218266612,
0.772395405386301,0.777228922416935,0.782063345468286,0.786896928690174,
0.791730593442755,0.796565242829019,0.801398788865085,0.806233772240929,
0.811067126204285,0.815901595687678,0.820735361202196,0.82556923120691,
0.830403528837432,0.835236889336547,0.840072090729913,0.844905607129472,
0.849740128807375,0.854573636588326,0.859407392109847,0.864241899183331,
0.869075454536206,0.873910408931492,0.878743768860027,0.88357837091904,
0.888412057587193,0.893246007314248,0.898080167258217,0.902913539708287,
0.907748715730394,0.912582238619906,0.917416861335437,0.922250310121805,
0.927084165963035,0.931918531675965,0.936752109460468,0.941587003841107,
0.946420373061288,0.951255110741362,0.956088735463058,0.960922770960327,
0.965756798516896,0.970590199283584,0.975425317339769,0.980258850895955,
0.98509357516541,0.989926981306734,0.994760946112962,0.999595175603907,
1.),.UNSPECIFIED.);
#138=B_SPLINE_CURVE_WITH_KNOTS('',3,(#2376,#2377,#2378,#2379,#2380,#2381,
#2382,#2383,#2384,#2385,#2386,#2387,#2388,#2389,#2390,#2391,#2392,#2393,
#2394,#2395,#2396,#2397,#2398,#2399,#2400,#2401,#2402,#2403,#2404,#2405,
#2406,#2407,#2408,#2409,#2410,#2411,#2412,#2413,#2414,#2415,#2416,#2417,
#2418,#2419,#2420,#2421,#2422,#2423,#2424,#2425,#2426,#2427,#2428,#2429,
#2430,#2431,#2432,#2433,#2434,#2435,#2436,#2437,#2438,#2439,#2440,#2441,
#2442,#2443,#2444,#2445,#2446,#2447,#2448,#2449,#2450,#2451,#2452,#2453,
#2454,#2455,#2456,#2457,#2458,#2459,#2460,#2461,#2462,#2463,#2464,#2465,
#2466,#2467,#2468,#2469,#2470,#2471,#2472,#2473,#2474,#2475,#2476,#2477,
#2478,#2479,#2480,#2481,#2482,#2483,#2484,#2485,#2486,#2487,#2488,#2489,
#2490,#2491,#2492,#2493,#2494,#2495,#2496,#2497,#2498,#2499,#2500,#2501,
#2502,#2503,#2504,#2505,#2506,#2507,#2508,#2509,#2510,#2511,#2512,#2513,
#2514,#2515,#2516,#2517,#2518,#2519,#2520,#2521,#2522,#2523,#2524,#2525,
#2526,#2527,#2528,#2529,#2530,#2531,#2532,#2533,#2534,#2535,#2536,#2537,
#2538,#2539,#2540,#2541,#2542,#2543,#2544,#2545,#2546,#2547,#2548,#2549,
#2550,#2551,#2552,#2553,#2554,#2555,#2556,#2557,#2558,#2559,#2560,#2561,
#2562,#2563,#2564,#2565,#2566,#2567,#2568,#2569,#2570,#2571,#2572,#2573,
#2574,#2575,#2576,#2577,#2578,#2579,#2580,#2581,#2582,#2583,#2584,#2585,
#2586,#2587,#2588,#2589,#2590,#2591,#2592,#2593,#2594,#2595,#2596,#2597,
#2598,#2599,#2600,#2601,#2602,#2603,#2604,#2605,#2606,#2607,#2608,#2609,
#2610,#2611,#2612,#2613,#2614,#2615,#2616,#2617,#2618,#2619,#2620,#2621,
#2622,#2623,#2624,#2625,#2626,#2627,#2628,#2629,#2630,#2631,#2632,#2633,
#2634,#2635,#2636,#2637,#2638,#2639,#2640,#2641,#2642,#2643,#2644,#2645,
#2646,#2647,#2648,#2649,#2650,#2651,#2652,#2653,#2654,#2655,#2656,#2657,
#2658,#2659,#2660,#2661,#2662,#2663,#2664,#2665,#2666,#2667,#2668,#2669,
#2670,#2671,#2672,#2673,#2674,#2675,#2676,#2677,#2678,#2679,#2680,#2681,
#2682,#2683,#2684,#2685,#2686,#2687,#2688,#2689,#2690,#2691,#2692,#2693,
#2694,#2695,#2696,#2697,#2698,#2699,#2700,#2701,#2702,#2703,#2704,#2705,
#2706,#2707,#2708,#2709,#2710,#2711,#2712,#2713,#2714,#2715,#2716,#2717,
#2718,#2719,#2720,#2721,#2722,#2723,#2724,#2725,#2726,#2727,#2728,#2729,
#2730,#2731,#2732,#2733,#2734,#2735,#2736,#2737,#2738,#2739,#2740,#2741,
#2742,#2743,#2744,#2745,#2746,#2747,#2748,#2749,#2750,#2751,#2752,#2753,
#2754,#2755,#2756,#2757,#2758,#2759,#2760,#2761,#2762,#2763,#2764,#2765,
#2766,#2767,#2768,#2769,#2770,#2771,#2772,#2773,#2774,#2775,#2776,#2777,
#2778,#2779,#2780,#2781,#2782,#2783,#2784,#2785,#2786,#2787,#2788,#2789,
#2790,#2791,#2792,#2793,#2794,#2795,#2796,#2797,#2798,#2799,#2800,#2801,
#2802,#2803,#2804,#2805,#2806,#2807,#2808,#2809,#2810,#2811,#2812,#2813,
#2814,#2815,#2816,#2817,#2818,#2819,#2820,#2821,#2822,#2823,#2824,#2825,
#2826,#2827,#2828,#2829,#2830,#2831,#2832,#2833,#2834,#2835,#2836,#2837,
#2838,#2839,#2840,#2841,#2842,#2843,#2844,#2845,#2846,#2847,#2848,#2849,
#2850,#2851,#2852,#2853,#2854,#2855,#2856,#2857,#2858,#2859,#2860,#2861,
#2862,#2863,#2864,#2865,#2866,#2867,#2868,#2869,#2870,#2871,#2872,#2873,
#2874,#2875,#2876,#2877,#2878,#2879,#2880,#2881,#2882,#2883,#2884,#2885,
#2886,#2887,#2888,#2889,#2890,#2891,#2892,#2893,#2894,#2895,#2896,#2897,
#2898,#2899,#2900,#2901,#2902,#2903,#2904,#2905,#2906,#2907,#2908,#2909,
#2910,#2911,#2912,#2913,#2914,#2915,#2916,#2917,#2918,#2919,#2920,#2921,
#2922,#2923,#2924,#2925,#2926,#2927,#2928,#2929,#2930,#2931,#2932,#2933,
#2934,#2935,#2936,#2937,#2938,#2939,#2940,#2941,#2942,#2943,#2944,#2945,
#2946,#2947,#2948,#2949,#2950,#2951,#2952,#2953,#2954,#2955,#2956,#2957,
#2958,#2959,#2960,#2961,#2962,#2963,#2964,#2965,#2966,#2967,#2968,#2969,
#2970,#2971,#2972,#2973,#2974,#2975,#2976,#2977,#2978,#2979,#2980,#2981,
#2982,#2983,#2984,#2985),.UNSPECIFIED.,.F.,.F.,(4,3,3,3,3,3,3,3,3,3,3,3,
3,3,3,3,3,3,3,3,3,3,3,3,3,3,3,3,3,3,3,3,3,3,3,3,3,3,3,3,3,3,3,3,3,3,3,3,
3,3,3,3,3,3,3,3,3,3,3,3,3,3,3,3,3,3,3,3,3,3,3,3,3,3,3,3,3,3,3,3,3,3,3,3,
3,3,3,3,3,3,3,3,3,3,3,3,3,3,3,3,3,3,3,3,3,3,3,3,3,3,3,3,3,3,3,3,3,3,3,3,
3,3,3,3,3,3,3,3,3,3,3,3,3,3,3,3,3,3,3,3,3,3,3,3,3,3,3,3,3,3,3,3,3,3,3,3,
3,3,3,3,3,3,3,3,3,3,3,3,3,3,3,3,3,3,3,3,3,3,3,3,3,3,3,3,3,3,3,3,3,3,3,3,
3,3,3,3,3,3,3,3,3,3,3,4),(0.,0.00284829887573024,0.00778615443971896,0.01272364015842,
0.0176621151337245,0.0225992870203925,0.0275381666699464,0.0324755002295588,
0.0374135712809799,0.0423511148675451,0.0472884428779903,0.052227143173787,
0.0571644873295252,0.0621032529800186,0.0670404020526086,0.0719784666437175,
0.0769162044634231,0.0818537537645612,0.0867921000980322,0.0917292608792012,
0.0966682400580811,0.101605557382833,0.106543725791365,0.111481167937369,
0.116418571784915,0.121357138944837,0.126294479703944,0.131233287111536,
0.136170431335201,0.141108624091467,0.146046255355907,0.150983874737512,
0.155922082540245,0.160859234441067,0.165798261185743,0.170735571719623,
0.17567383906974,0.180611193228102,0.185548682795142,0.190487107234971,
0.195424450113986,0.20036325437243,0.205300400738171,0.210238725878221,
0.215176265115308,0.220113961285121,0.225052027308329,0.229989181068389,
0.23492820929453,0.239865521627057,0.244803890546178,0.249741172651712,
0.254678757952593,0.259617036775232,0.264554392986283,0.269493157288818,
0.274430311106353,0.279368772841597,0.284306236732238,0.289244016291951,
0.294181942895479,0.299119113794205,0.304058105299303,0.308995425933213,
0.313933898526469,0.318871125517147,0.323808816097351,0.32874695173441,
0.333684335207675,0.338623029910013,0.343560193549731,0.3484987941778,0.353436199994647,
0.358374068843226,0.363311862536266,0.368249067521894,0.373187990977556,
0.378125323007779,0.383063898758512,0.388001086992366,0.39293889127194,
0.39787688996366,0.402814314808576,0.407752916279618,0.412690087907896,
0.41762882541243,0.42256618943454,0.427504152151439,0.432441822062007,0.437379077387432,
0.442317907200126,0.447255249064521,0.452193922312697,0.45713108604508,
0.462069010680073,0.467006880963658,0.471944359464712,0.476882848900936,
0.481820021369688,0.486758886640189,0.491696222706542,0.496634281991318,
0.501571838430278,0.506509157883267,0.511447873096703,0.516385217558246,
0.521323974675094,0.526261124757216,0.531199174091784,0.536136925461178,
0.541074466693577,0.546012829064435,0.550949991218863,0.55588896109174,
0.560826279781621,0.565764436354629,0.570701889964363,0.575639284099659,
0.58057786783281,0.585515208772758,0.590454013621188,0.595391157955491,
0.600329335016712,0.605266978297757,0.610204588822438,0.615142813492267,
0.620079965933478,0.625018989480019,0.62995630026661,0.634894555510981,
0.639831919357694,0.644769398006781,0.649707839794333,0.65464518182719,
0.659583988481111,0.664521134182315,0.669459443088827,0.674396992452831,
0.679334678953949,0.684272761911247,0.689209914619296,0.694148944752809,
0.699086256390092,0.704024612878959,0.708961902673509,0.713899475864766,
0.718837772072602,0.723775125890875,0.728713896613381,0.733651049258006,
0.738589494312011,0.743526966261425,0.748464735383762,0.753402678388163,
0.758339846257595,0.763278843876947,0.768216163188092,0.773154623190854,
0.778091855833821,0.783029533203397,0.787967685701371,0.792905065052358,
0.79784376939643,0.802780931776434,0.80771951562381,0.812656927445038,0.817594785204964,
0.82253259434797,0.827469794262295,0.832408727272066,0.837346057830608,
0.842284621271838,0.847221813274187,0.852159603412216,0.85709761806439,
0.862035037153342,0.866973650828624,0.871910821678984,0.87684954296254,
0.881786911134795,0.886724862301828,0.891662546475956,0.896599794877727,
0.901538637055442,0.906475977918919,0.911414639901381,0.916351805845881,
0.921289715651876,0.926227600795078,0.931165072212036,0.936103575894545,
0.941040748755799,0.945979599374554,0.950916938098207,0.955854985623847,
0.960792555066749,0.965729866112049,0.970668595996677,0.975605940652492,
0.9805446886621,0.985481839866869,0.99041987399943,0.995357671934424,1.),
 .UNSPECIFIED.);
#139=B_SPLINE_CURVE_WITH_KNOTS('',3,(#2987,#2988,#2989,#2990,#2991,#2992,
#2993,#2994,#2995,#2996,#2997,#2998,#2999,#3000,#3001,#3002,#3003,#3004,
#3005,#3006,#3007,#3008,#3009,#3010,#3011,#3012,#3013,#3014,#3015,#3016,
#3017,#3018,#3019,#3020,#3021,#3022,#3023,#3024,#3025,#3026,#3027,#3028,
#3029,#3030,#3031,#3032,#3033,#3034,#3035,#3036,#3037,#3038,#3039,#3040,
#3041,#3042,#3043,#3044,#3045,#3046,#3047,#3048,#3049,#3050,#3051,#3052,
#3053,#3054,#3055,#3056,#3057,#3058,#3059,#3060,#3061,#3062,#3063,#3064,
#3065,#3066,#3067,#3068,#3069,#3070,#3071,#3072,#3073,#3074,#3075,#3076,
#3077,#3078,#3079,#3080,#3081,#3082,#3083,#3084,#3085,#3086,#3087,#3088,
#3089,#3090,#3091,#3092,#3093,#3094,#3095,#3096,#3097,#3098),
 .UNSPECIFIED.,.F.,.F.,(4,1,1,1,1,1,1,1,1,1,1,1,1,1,1,1,1,1,1,1,1,1,1,1,
1,1,1,1,1,1,1,1,1,1,1,1,1,1,1,1,1,1,1,1,1,1,1,1,1,1,1,1,1,1,1,1,1,1,1,1,
1,1,1,1,1,1,1,1,1,1,1,1,1,1,1,1,1,1,1,1,1,1,1,1,1,1,1,1,1,1,1,1,1,1,1,1,
1,1,1,1,1,1,1,1,1,1,1,1,1,4),(0.,0.00920028359790811,0.0184005671958162,
0.0276008507937243,0.0368011343916325,0.0460014179895406,0.0552017015874487,
0.0644019851853568,0.0736022687832649,0.082802552381173,0.0920028359790811,
0.101203119576989,0.110403403174897,0.119603686772805,0.128803970370714,
0.138004253968622,0.14720453756653,0.156404821164438,0.165605104762346,
0.174805388360254,0.184005671958162,0.19320595555607,0.202406239153979,
0.211606522751887,0.220806806349795,0.230007089947703,0.239207373545611,
0.248407657143519,0.257607940741427,0.266808224339335,0.276008507937243,
0.285208791535152,0.29440907513306,0.303609358730968,0.312809642328876,
0.322009925926784,0.331210209524692,0.3404104931226,0.349610776720508,0.358811060318416,
0.368011343916325,0.377211627514233,0.386411911112141,0.395612194710049,
0.404812478307957,0.414012761905865,0.423213045503773,0.432413329101681,
0.441613612699589,0.450813896297498,0.460014179895406,0.469214463493314,
0.478414747091222,0.48761503068913,0.496815314287038,0.506015597884946,
0.515215881482854,0.524416165080763,0.533616448678671,0.542816732276579,
0.552017015874487,0.561217299472395,0.570417583070303,0.579617866668211,
0.588818150266119,0.598018433864027,0.607218717461936,0.616419001059844,
0.625619284657752,0.63481956825566,0.644019851853568,0.653220135451476,
0.662420419049384,0.671620702647292,0.6808209862452,0.690021269843109,0.699221553441017,
0.708421837038925,0.717622120636833,0.726822404234741,0.736022687832649,
0.745222971430557,0.754423255028465,0.763623538626374,0.772823822224282,
0.78202410582219,0.791224389420098,0.800424673018006,0.809624956615914,
0.818825240213822,0.82802552381173,0.837225807409638,0.846426091007547,
0.855626374605455,0.864826658203363,0.874026941801271,0.883227225399179,
0.892427508997087,0.901627792594995,0.910828076192903,0.920028359790811,
0.92922864338872,0.938428926986628,0.947629210584536,0.956829494182444,
0.966029777780352,0.97523006137826,0.984430344976168,0.993630628574076,
1.),.UNSPECIFIED.);
#140=CIRCLE('',#318,2.067);
#141=CIRCLE('',#319,2.067);
#142=CIRCLE('',#320,2.067);
#143=CIRCLE('',#323,3.);
#144=CIRCLE('',#324,2.5);
#145=CIRCLE('',#326,4.05);
#146=CIRCLE('',#327,4.55);
#147=CIRCLE('',#329,4.05);
#148=CIRCLE('',#331,5.59016994374948);
#149=CIRCLE('',#333,4.55);
#150=CIRCLE('',#335,5.59016994374948);
#151=CIRCLE('',#337,4.5);
#152=CIRCLE('',#338,7.5);
#153=CIRCLE('',#339,7.5);
#154=CIRCLE('',#341,7.5);
#155=CIRCLE('',#343,7.5);
#156=ORIENTED_EDGE('',*,*,#264,.F.);
#157=ORIENTED_EDGE('',*,*,#265,.F.);
#158=ORIENTED_EDGE('',*,*,#266,.F.);
#159=ORIENTED_EDGE('',*,*,#267,.T.);
#160=ORIENTED_EDGE('',*,*,#268,.T.);
#161=ORIENTED_EDGE('',*,*,#269,.T.);
#162=ORIENTED_EDGE('',*,*,#270,.F.);
#163=ORIENTED_EDGE('',*,*,#271,.T.);
#164=ORIENTED_EDGE('',*,*,#272,.T.);
#165=ORIENTED_EDGE('',*,*,#266,.T.);
#166=ORIENTED_EDGE('',*,*,#265,.T.);
#167=ORIENTED_EDGE('',*,*,#273,.F.);
#168=ORIENTED_EDGE('',*,*,#274,.T.);
#169=ORIENTED_EDGE('',*,*,#275,.T.);
#170=ORIENTED_EDGE('',*,*,#268,.F.);
#171=ORIENTED_EDGE('',*,*,#276,.T.);
#172=ORIENTED_EDGE('',*,*,#277,.T.);
#173=ORIENTED_EDGE('',*,*,#278,.T.);
#174=ORIENTED_EDGE('',*,*,#279,.F.);
#175=ORIENTED_EDGE('',*,*,#277,.F.);
#176=ORIENTED_EDGE('',*,*,#280,.F.);
#177=ORIENTED_EDGE('',*,*,#281,.F.);
#178=ORIENTED_EDGE('',*,*,#282,.F.);
#179=ORIENTED_EDGE('',*,*,#283,.F.);
#180=ORIENTED_EDGE('',*,*,#284,.F.);
#181=ORIENTED_EDGE('',*,*,#278,.F.);
#182=ORIENTED_EDGE('',*,*,#279,.T.);
#183=ORIENTED_EDGE('',*,*,#285,.T.);
#184=ORIENTED_EDGE('',*,*,#286,.F.);
#185=ORIENTED_EDGE('',*,*,#287,.F.);
#186=ORIENTED_EDGE('',*,*,#288,.F.);
#187=ORIENTED_EDGE('',*,*,#289,.F.);
#188=ORIENTED_EDGE('',*,*,#290,.F.);
#189=ORIENTED_EDGE('',*,*,#285,.F.);
#190=ORIENTED_EDGE('',*,*,#291,.F.);
#191=ORIENTED_EDGE('',*,*,#289,.T.);
#192=ORIENTED_EDGE('',*,*,#288,.T.);
#193=ORIENTED_EDGE('',*,*,#292,.T.);
#194=ORIENTED_EDGE('',*,*,#283,.T.);
#195=ORIENTED_EDGE('',*,*,#282,.T.);
#196=ORIENTED_EDGE('',*,*,#293,.T.);
#197=ORIENTED_EDGE('',*,*,#287,.T.);
#198=ORIENTED_EDGE('',*,*,#294,.T.);
#199=ORIENTED_EDGE('',*,*,#284,.T.);
#200=ORIENTED_EDGE('',*,*,#292,.F.);
#201=ORIENTED_EDGE('',*,*,#286,.T.);
#202=ORIENTED_EDGE('',*,*,#295,.F.);
#203=ORIENTED_EDGE('',*,*,#280,.T.);
#204=ORIENTED_EDGE('',*,*,#294,.F.);
#205=ORIENTED_EDGE('',*,*,#290,.T.);
#206=ORIENTED_EDGE('',*,*,#293,.F.);
#207=ORIENTED_EDGE('',*,*,#281,.T.);
#208=ORIENTED_EDGE('',*,*,#295,.T.);
#209=ORIENTED_EDGE('',*,*,#291,.T.);
#210=ORIENTED_EDGE('',*,*,#273,.T.);
#211=ORIENTED_EDGE('',*,*,#264,.T.);
#212=ORIENTED_EDGE('',*,*,#296,.F.);
#213=ORIENTED_EDGE('',*,*,#297,.F.);
#214=ORIENTED_EDGE('',*,*,#298,.F.);
#215=ORIENTED_EDGE('',*,*,#299,.F.);
#216=ORIENTED_EDGE('',*,*,#270,.T.);
#217=ORIENTED_EDGE('',*,*,#300,.F.);
#218=ORIENTED_EDGE('',*,*,#297,.T.);
#219=ORIENTED_EDGE('',*,*,#301,.F.);
#220=ORIENTED_EDGE('',*,*,#274,.F.);
#221=ORIENTED_EDGE('',*,*,#299,.T.);
#222=ORIENTED_EDGE('',*,*,#302,.F.);
#223=ORIENTED_EDGE('',*,*,#271,.F.);
#224=ORIENTED_EDGE('',*,*,#275,.F.);
#225=ORIENTED_EDGE('',*,*,#301,.T.);
#226=ORIENTED_EDGE('',*,*,#296,.T.);
#227=ORIENTED_EDGE('',*,*,#269,.F.);
#228=ORIENTED_EDGE('',*,*,#302,.T.);
#229=ORIENTED_EDGE('',*,*,#298,.T.);
#230=ORIENTED_EDGE('',*,*,#300,.T.);
#231=ORIENTED_EDGE('',*,*,#276,.F.);
#232=ORIENTED_EDGE('',*,*,#267,.F.);
#233=ORIENTED_EDGE('',*,*,#272,.F.);
#234=VERTEX_POINT('',#422);
#235=VERTEX_POINT('',#423);
#236=VERTEX_POINT('',#425);
#237=VERTEX_POINT('',#427);
#238=VERTEX_POINT('',#1014);
#239=VERTEX_POINT('',#1016);
#240=VERTEX_POINT('',#1559);
#241=VERTEX_POINT('',#1561);
#242=VERTEX_POINT('',#1566);
#243=VERTEX_POINT('',#1573);
#244=VERTEX_POINT('',#1575);
#245=VERTEX_POINT('',#1576);
#246=VERTEX_POINT('',#1689);
#247=VERTEX_POINT('',#1691);
#248=VERTEX_POINT('',#1694);
#249=VERTEX_POINT('',#1697);
#250=VERTEX_POINT('',#1698);
#251=VERTEX_POINT('',#1700);
#252=VERTEX_POINT('',#1704);
#253=VERTEX_POINT('',#1708);
#254=VERTEX_POINT('',#1712);
#255=VERTEX_POINT('',#1715);
#256=VERTEX_POINT('',#1716);
#257=VERTEX_POINT('',#1718);
#258=VERTEX_POINT('',#1722);
#259=VERTEX_POINT('',#1726);
#260=VERTEX_POINT('',#1730);
#261=VERTEX_POINT('',#1742);
#262=VERTEX_POINT('',#1744);
#263=VERTEX_POINT('',#1747);
#264=EDGE_CURVE('',#234,#235,#303,.T.);
#265=EDGE_CURVE('',#236,#234,#140,.T.);
#266=EDGE_CURVE('',#237,#236,#141,.T.);
#267=EDGE_CURVE('',#237,#238,#128,.T.);
#268=EDGE_CURVE('',#238,#239,#142,.T.);
#269=EDGE_CURVE('',#239,#235,#129,.T.);
#270=EDGE_CURVE('',#241,#234,#304,.T.);
#271=EDGE_CURVE('',#241,#242,#130,.T.);
#272=EDGE_CURVE('',#242,#237,#131,.T.);
#273=EDGE_CURVE('',#243,#243,#143,.T.);
#274=EDGE_CURVE('',#244,#245,#144,.T.);
#275=EDGE_CURVE('',#245,#239,#132,.T.);
#276=EDGE_CURVE('',#238,#244,#133,.T.);
#277=EDGE_CURVE('',#246,#246,#145,.T.);
#278=EDGE_CURVE('',#247,#247,#146,.T.);
#279=EDGE_CURVE('',#248,#248,#147,.T.);
#280=EDGE_CURVE('',#249,#250,#148,.T.);
#281=EDGE_CURVE('',#251,#249,#305,.T.);
#282=EDGE_CURVE('',#252,#251,#42,.T.);
#283=EDGE_CURVE('',#253,#252,#43,.T.);
#284=EDGE_CURVE('',#250,#253,#306,.T.);
#285=EDGE_CURVE('',#254,#254,#149,.T.);
#286=EDGE_CURVE('',#255,#256,#150,.T.);
#287=EDGE_CURVE('',#257,#255,#307,.T.);
#288=EDGE_CURVE('',#258,#257,#44,.T.);
#289=EDGE_CURVE('',#259,#258,#45,.T.);
#290=EDGE_CURVE('',#256,#259,#308,.T.);
#291=EDGE_CURVE('',#260,#260,#151,.T.);
#292=EDGE_CURVE('',#257,#253,#152,.T.);
#293=EDGE_CURVE('',#251,#259,#153,.T.);
#294=EDGE_CURVE('',#255,#250,#154,.T.);
#295=EDGE_CURVE('',#249,#256,#155,.T.);
#296=EDGE_CURVE('',#261,#235,#134,.T.);
#297=EDGE_CURVE('',#262,#261,#309,.T.);
#298=EDGE_CURVE('',#263,#262,#135,.T.);
#299=EDGE_CURVE('',#241,#263,#136,.T.);
#300=EDGE_CURVE('',#262,#244,#137,.T.);
#301=EDGE_CURVE('',#245,#261,#138,.T.);
#302=EDGE_CURVE('',#242,#263,#139,.T.);
#303=LINE('',#421,#310);
#304=LINE('',#1560,#311);
#305=LINE('',#1699,#312);
#306=LINE('',#1709,#313);
#307=LINE('',#1717,#314);
#308=LINE('',#1727,#315);
#309=LINE('',#1743,#316);
#310=VECTOR('',#351,1.);
#311=VECTOR('',#360,1.);
#312=VECTOR('',#381,1.);
#313=VECTOR('',#382,1.);
#314=VECTOR('',#391,1.);
#315=VECTOR('',#392,1.);
#316=VECTOR('',#415,1.);
#317=AXIS2_PLACEMENT_3D('',#420,#349,#350);
#318=AXIS2_PLACEMENT_3D('',#424,#352,#353);
#319=AXIS2_PLACEMENT_3D('',#426,#354,#355);
#320=AXIS2_PLACEMENT_3D('',#1015,#356,#357);
#321=AXIS2_PLACEMENT_3D('',#1558,#358,#359);
#322=AXIS2_PLACEMENT_3D('',#1571,#361,#362);
#323=AXIS2_PLACEMENT_3D('',#1572,#363,#364);
#324=AXIS2_PLACEMENT_3D('',#1574,#365,#366);
#325=AXIS2_PLACEMENT_3D('',#1687,#367,#368);
#326=AXIS2_PLACEMENT_3D('',#1688,#369,#370);
#327=AXIS2_PLACEMENT_3D('',#1690,#371,#372);
#328=AXIS2_PLACEMENT_3D('',#1692,#373,#374);
#329=AXIS2_PLACEMENT_3D('',#1693,#375,#376);
#330=AXIS2_PLACEMENT_3D('',#1695,#377,#378);
#331=AXIS2_PLACEMENT_3D('',#1696,#379,#380);
#332=AXIS2_PLACEMENT_3D('',#1710,#383,#384);
#333=AXIS2_PLACEMENT_3D('',#1711,#385,#386);
#334=AXIS2_PLACEMENT_3D('',#1713,#387,#388);
#335=AXIS2_PLACEMENT_3D('',#1714,#389,#390);
#336=AXIS2_PLACEMENT_3D('',#1728,#393,#394);
#337=AXIS2_PLACEMENT_3D('',#1729,#395,#396);
#338=AXIS2_PLACEMENT_3D('',#1731,#397,#398);
#339=AXIS2_PLACEMENT_3D('',#1732,#399,#400);
#340=AXIS2_PLACEMENT_3D('',#1733,#401,#402);
#341=AXIS2_PLACEMENT_3D('',#1734,#403,#404);
#342=AXIS2_PLACEMENT_3D('',#1735,#405,#406);
#343=AXIS2_PLACEMENT_3D('',#1736,#407,#408);
#344=AXIS2_PLACEMENT_3D('',#1737,#409,#410);
#345=AXIS2_PLACEMENT_3D('',#1738,#411,#412);
#346=AXIS2_PLACEMENT_3D('',#1739,#413,#414);
#347=AXIS2_PLACEMENT_3D('',#1750,#416,#417);
#348=AXIS2_PLACEMENT_3D('',#2986,#418,#419);
#349=DIRECTION('',(0.,0.,1.));
#350=DIRECTION('',(1.,0.,0.));
#351=DIRECTION('',(-1.,-2.44929359829471E-17,0.));
#352=DIRECTION('',(-1.,-2.44929359829471E-17,0.));
#353=DIRECTION('',(0.,-1.,0.));
#354=DIRECTION('',(-1.,-2.44929359829471E-17,0.));
#355=DIRECTION('',(0.,-1.,0.));
#356=DIRECTION('',(-1.,-2.44929359829471E-17,0.));
#357=DIRECTION('',(0.,-1.,0.));
#358=DIRECTION('',(-1.,-2.44929359829471E-17,0.));
#359=DIRECTION('',(0.,1.,0.));
#360=DIRECTION('',(-0.515038074910058,-0.733477000174616,-0.443562026787447));
#361=DIRECTION('',(-1.,-2.44929359829471E-17,0.));
#362=DIRECTION('',(-1.666688238775E-17,1.,0.));
#363=DIRECTION('',(1.,2.44929359829471E-17,0.));
#364=DIRECTION('',(2.44929359829471E-17,-1.,0.));
#365=DIRECTION('',(1.,2.44929359829471E-17,0.));
#366=DIRECTION('',(4.33680868994202E-17,-1.,0.));
#367=DIRECTION('',(-1.,-2.44929359829471E-17,0.));
#368=DIRECTION('',(2.97280514793686E-17,1.,0.));
#369=DIRECTION('',(-1.9982285889631E-16,1.,0.));
#370=DIRECTION('',(-1.,-2.14163392095902E-16,0.));
#371=DIRECTION('',(1.9982285889631E-16,-1.,0.));
#372=DIRECTION('',(-1.,-1.90628953404045E-16,0.));
#373=DIRECTION('',(0.,-1.,0.));
#374=DIRECTION('',(1.,-3.19549779005985E-17,0.));
#375=DIRECTION('',(2.49778573620387E-16,-1.,0.));
#376=DIRECTION('',(-1.,-2.14163392095902E-16,0.));
#377=DIRECTION('',(0.,-1.,0.));
#378=DIRECTION('',(1.,0.,0.));
#379=DIRECTION('',(-1.9982285889631E-16,1.,0.));
#380=DIRECTION('',(0.,0.,1.));
#381=DIRECTION('',(1.,2.44929359829471E-17,0.));
#382=DIRECTION('',(-1.,-2.44929359829471E-17,0.));
#383=DIRECTION('',(-1.9982285889631E-16,1.,0.));
#384=DIRECTION('',(1.,1.99493199737333E-16,0.));
#385=DIRECTION('',(-2.49778573620387E-16,1.,0.));
#386=DIRECTION('',(-1.,-1.90628953404045E-16,0.));
#387=DIRECTION('',(0.,1.,0.));
#388=DIRECTION('',(1.,3.19549779005988E-17,0.));
#389=DIRECTION('',(2.49778573620387E-16,-1.,0.));
#390=DIRECTION('',(0.,0.,-1.));
#391=DIRECTION('',(1.,2.44929359829471E-17,0.));
#392=DIRECTION('',(-1.,-2.44929359829471E-17,0.));
#393=DIRECTION('',(2.49778573620387E-16,-1.,0.));
#394=DIRECTION('',(-1.,-2.4980018054066E-16,0.));
#395=DIRECTION('',(-1.,-2.44929359829471E-17,0.));
#396=DIRECTION('',(2.44929359829471E-17,-1.,0.));
#397=DIRECTION('',(-1.,-2.44929359829471E-17,0.));
#398=DIRECTION('',(0.,-1.,0.));
#399=DIRECTION('',(-1.,-2.44929359829471E-17,0.));
#400=DIRECTION('',(0.,-1.,0.));
#401=DIRECTION('',(1.,2.44929359829471E-17,0.));
#402=DIRECTION('',(1.4125195351905E-17,1.,0.));
#403=DIRECTION('',(-1.,-2.44929359829471E-17,0.));
#404=DIRECTION('',(0.,-1.,0.));
#405=DIRECTION('',(-1.,-2.44929359829471E-17,0.));
#406=DIRECTION('',(0.,1.,0.));
#407=DIRECTION('',(-1.,-2.44929359829471E-17,0.));
#408=DIRECTION('',(0.,-1.,0.));
#409=DIRECTION('',(0.,0.,1.));
#410=DIRECTION('',(1.,0.,0.));
#411=DIRECTION('',(-1.,-2.44929359829471E-17,0.));
#412=DIRECTION('',(0.,1.,0.));
#413=DIRECTION('',(-1.,-2.44929359829471E-17,0.));
#414=DIRECTION('',(0.,0.,1.));
#415=DIRECTION('',(-1.,-2.44929359829471E-17,0.));
#416=DIRECTION('',(0.,-0.517474274186758,0.855698764493024));
#417=DIRECTION('',(0.,-0.855698764493024,-0.517474274186759));
#418=DIRECTION('',(1.,2.44929359829471E-17,0.));
#419=DIRECTION('',(0.,1.,0.));
#420=CARTESIAN_POINT('',(0.,0.,0.));
#421=CARTESIAN_POINT('',(5.,-1.76872934620708,-1.06961932474403));
#422=CARTESIAN_POINT('',(10.,-1.76872934620709,-1.06961932474404));
#423=CARTESIAN_POINT('',(9.32547066049075,-1.76872934620708,-1.06961932474403));
#424=CARTESIAN_POINT('',(10.,2.44929359829471E-16,0.));
#425=CARTESIAN_POINT('',(10.,-2.067,0.));
#426=CARTESIAN_POINT('',(10.,2.44929359829471E-16,0.));
#427=CARTESIAN_POINT('',(10.,-1.86662735547156,-0.887801394347433));
#428=CARTESIAN_POINT('',(10.,-1.86662735547156,-0.887801394347433));
#429=CARTESIAN_POINT('',(9.98561071611442,-1.96615474692429,-0.678542259717491));
#430=CARTESIAN_POINT('',(9.97194115661504,-2.03088248501658,-0.449130950557111));
#431=CARTESIAN_POINT('',(9.95819852692621,-2.0554007686654,-0.218670254423585));
#432=CARTESIAN_POINT('',(9.94445552819458,-2.07991971072504,0.0117966304715662));
#433=CARTESIAN_POINT('',(9.92926081119711,-2.06491449852037,0.249602383923028));
#434=CARTESIAN_POINT('',(9.91440156130197,-2.01165884634841,0.475097554096203));
#435=CARTESIAN_POINT('',(9.89953934565438,-1.95839256489957,0.700637730771043));
#436=CARTESIAN_POINT('',(9.88508319586725,-1.86537242301827,0.920115325272347));
#437=CARTESIAN_POINT('',(9.87133310023951,-1.74029310255622,1.11528871472603));
#438=CARTESIAN_POINT('',(9.85758380413491,-1.61522105504799,1.3104507554848));
#439=CARTESIAN_POINT('',(9.84352516345843,-1.45466154463394,1.48665716180907));
#440=CARTESIAN_POINT('',(9.82870773556424,-1.2720026500365,1.62926310284746));
#441=CARTESIAN_POINT('',(9.81389135206403,-1.08935662999803,1.7718589924257));
#442=CARTESIAN_POINT('',(9.79890099405521,-0.879533074755137,1.88484200641102));
#443=CARTESIAN_POINT('',(9.78497752965964,-0.659888386391221,1.95883544931829));
#444=CARTESIAN_POINT('',(9.77105133098678,-0.440200564402928,2.03284342299066));
#445=CARTESIAN_POINT('',(9.75771287104725,-0.204629973968402,2.06986512300941));
#446=CARTESIAN_POINT('',(9.74329744148483,0.0271388592956853,2.06682183129464));
#447=CARTESIAN_POINT('',(9.72888615731477,0.258841043644197,2.06377941472814));
#448=CARTESIAN_POINT('',(9.71327549502995,0.49314719023478,2.02064051072945));
#449=CARTESIAN_POINT('',(9.69879727675402,0.710736150130594,1.94096448316231));
#450=CARTESIAN_POINT('',(9.68431282316967,0.928418818675406,1.86125414166259));
#451=CARTESIAN_POINT('',(9.67055021001758,1.13536531358754,1.74275438422914));
#452=CARTESIAN_POINT('',(9.6567283767518,1.31431520553996,1.59532584147768));
#453=CARTESIAN_POINT('',(9.64291164343103,1.49319906901471,1.44795169653634));
#454=CARTESIAN_POINT('',(9.62769667849797,1.64900589166416,1.26765972932738));
#455=CARTESIAN_POINT('',(9.61297060546375,1.7688845393198,1.06936265436725));
#456=CARTESIAN_POINT('',(9.59824183568892,1.88878513998466,0.87102926587173));
#457=CARTESIAN_POINT('',(9.58399995568991,1.97605564295794,0.649181054301989));
#458=CARTESIAN_POINT('',(9.57035157262019,2.02341263598508,0.422244365901904));
#459=CARTESIAN_POINT('',(9.55670527702076,2.07076238593329,0.195342386638563));
#460=CARTESIAN_POINT('',(9.5425662542307,2.07950533843284,-0.042861352572875));
#461=CARTESIAN_POINT('',(9.52766054115389,2.04895224006936,-0.272550395183597));
#462=CARTESIAN_POINT('',(9.51275526982873,2.0184000471897,-0.502232630638283));
#463=CARTESIAN_POINT('',(9.49767297661064,1.94771422193829,-0.729802449308691));
#464=CARTESIAN_POINT('',(9.48366485293687,1.84271901830391,-0.936416370842093));
#465=CARTESIAN_POINT('',(9.4696529072826,1.7376951677479,-1.14308666497741));
#466=CARTESIAN_POINT('',(9.45621557325752,1.59543244386233,-1.33447150759578));
#467=CARTESIAN_POINT('',(9.44175643181918,1.42782638610938,-1.49459051620497));
#468=CARTESIAN_POINT('',(9.42730149425253,1.26026905838411,-1.65466297158198));
#469=CARTESIAN_POINT('',(9.41184183732756,1.06276417136781,-1.78793849335151));
#470=CARTESIAN_POINT('',(9.39752910475288,0.851607980742063,-1.88341520837452));
#471=CARTESIAN_POINT('',(9.38321138799473,0.640378258301931,-1.97892517165829));
#472=CARTESIAN_POINT('',(9.3696238306784,0.409653662057835,-2.03922220642786));
#473=CARTESIAN_POINT('',(9.35581022449184,0.1786716635356,-2.05926332377611));
#474=CARTESIAN_POINT('',(9.34200181512153,-0.0522234372580665,-2.07929690145639));
#475=CARTESIAN_POINT('',(9.32664414519786,-0.289680843505459,-2.05967450978391));
#476=CARTESIAN_POINT('',(9.3118290641354,-0.514100276081794,-2.00204642956466));
#477=CARTESIAN_POINT('',(9.29701041855604,-0.738573704100812,-1.94440448399665));
#478=CARTESIAN_POINT('',(9.28267861422509,-0.956216892772555,-1.84712757857193));
#479=CARTESIAN_POINT('',(9.26895023166699,-1.14892856562011,-1.71827010423336));
#480=CARTESIAN_POINT('',(9.25522351015564,-1.34161692158391,-1.58942822082762));
#481=CARTESIAN_POINT('',(9.24097255088608,-1.51465434702754,-1.42548537959918));
#482=CARTESIAN_POINT('',(9.22613685384934,-1.65367872200652,-1.24009503038392));
#483=CARTESIAN_POINT('',(9.21130151370522,-1.79269975256735,-1.05470914098261));
#484=CARTESIAN_POINT('',(9.19642655356767,-1.90158851673921,-0.842717580766256));
#485=CARTESIAN_POINT('',(9.18256818723038,-1.97129879343042,-0.621667167397279));
#486=CARTESIAN_POINT('',(9.16870786343619,-2.04101891651039,-0.400585531253026));
#487=CARTESIAN_POINT('',(9.15533187157009,-2.07345039638074,-0.164350264764711));
#488=CARTESIAN_POINT('',(9.14078751876532,-2.06590410680806,0.0672994908867056));
#489=CARTESIAN_POINT('',(9.12624686849574,-2.05835973828357,0.298890275789578));
#490=CARTESIAN_POINT('',(9.11069407830562,-2.01067713315717,0.532317336243865));
#491=CARTESIAN_POINT('',(9.09629409939997,-1.92678610750725,0.748320984549963));
#492=CARTESIAN_POINT('',(9.08188775036442,-1.84285797091891,0.964420186558356));
#493=CARTESIAN_POINT('',(9.06821339319212,-1.72035307846091,1.16903028578407));
#494=CARTESIAN_POINT('',(9.05432755644848,-1.56947469475776,1.34507924767094));
#495=CARTESIAN_POINT('',(9.04044704525375,-1.41865417650615,1.52106069059041));
#496=CARTESIAN_POINT('',(9.025095457511,-1.23537657364079,1.67332823426335));
#497=CARTESIAN_POINT('',(9.01042210460968,-1.03478536356964,1.78933178906039));
#498=CARTESIAN_POINT('',(8.99574556599659,-0.834150603412541,1.9053605292321));
#499=CARTESIAN_POINT('',(8.98162510645607,-0.610633478894768,1.98830633858425));
#500=CARTESIAN_POINT('',(8.96798565216543,-0.382811478124613,2.03124207622234));
#501=CARTESIAN_POINT('',(8.9543489783041,-0.155035919312914,2.07416906132671));
#502=CARTESIAN_POINT('',(8.93999862526712,0.0832741056154932,2.07827863359102));
#503=CARTESIAN_POINT('',(8.92507432933346,0.312319804003838,2.04326829859101));
#504=CARTESIAN_POINT('',(8.91014977182882,0.541369516766449,2.00825734998163));
#505=CARTESIAN_POINT('',(8.89518316286443,0.76753581915364,1.93315691437441));
#506=CARTESIAN_POINT('',(8.88124076068862,0.972077389129719,1.82415858673054));
#507=CARTESIAN_POINT('',(8.86729540282345,1.17666232045302,1.71513715222222));
#508=CARTESIAN_POINT('',(8.85380787731687,1.36523476398915,1.56918640743192));
#509=CARTESIAN_POINT('',(8.83924085156714,1.52205619308214,1.39851133177401));
#510=CARTESIAN_POINT('',(8.82467753367364,1.67883770522002,1.22787969934559));
#511=CARTESIAN_POINT('',(8.80928847278988,1.80825389217341,1.02781902412462));
#512=CARTESIAN_POINT('',(8.79505464517033,1.89961069118992,0.814842452205909));
#513=CARTESIAN_POINT('',(8.78081592134089,1.99099891548957,0.60179261974013));
#514=CARTESIAN_POINT('',(8.76730547657193,2.0467995163789,0.369935700946812));
#515=CARTESIAN_POINT('',(8.75340954814879,2.06234703574948,0.138613506323577));
#516=CARTESIAN_POINT('',(8.739518840616,2.07788871370441,-0.0926217773875106));
#517=CARTESIAN_POINT('',(8.7240276080678,2.05365783728421,-0.329643467865956));
#518=CARTESIAN_POINT('',(8.7092653793471,1.99167939687416,-0.552903409346505));
#519=CARTESIAN_POINT('',(8.69449900157595,1.92968353689414,-0.776226099940217));
#520=CARTESIAN_POINT('',(8.68028900368951,1.82818643188487,-0.99195248407676));
#521=CARTESIAN_POINT('',(8.66657053777025,1.69560001985475,-1.18212925379104));
#522=CARTESIAN_POINT('',(8.65285455266564,1.56303758443504,-1.37227163239204));
#523=CARTESIAN_POINT('',(8.6384037015354,1.39577419125677,-1.5420759539409));
#524=CARTESIAN_POINT('',(8.62356419444716,1.20772130794452,-1.67746780664691));
#525=CARTESIAN_POINT('',(8.60872437711235,1.01966449304853,-1.8128624899631));
#526=CARTESIAN_POINT('',(8.59396933565801,0.805584031754473,-1.91761577083036));
#527=CARTESIAN_POINT('',(8.58016972252751,0.583211262945833,-1.98301629412699));
#528=CARTESIAN_POINT('',(8.56636896112914,0.360819990465829,-2.04842225941095));
#529=CARTESIAN_POINT('',(8.55291006324067,0.124012378149507,-2.07625179054542));
#530=CARTESIAN_POINT('',(8.53825701892138,-0.10743193968023,-2.06420623444862));
#531=CARTESIAN_POINT('',(8.52360715098059,-0.338826086723666,-2.05216328949832));
#532=CARTESIAN_POINT('',(8.50812514151005,-0.571287960671874,-1.99995422136062));
#533=CARTESIAN_POINT('',(8.49380449582132,-0.785625516534079,-1.91187906201479));
#534=CARTESIAN_POINT('',(8.47947759715726,-1.00005666087523,-1.82376544547857));
#535=CARTESIAN_POINT('',(8.46588108411614,-1.20224958933926,-1.69730369987715));
#536=CARTESIAN_POINT('',(8.45191468068535,-1.37532871590516,-1.5430359435887));
#537=CARTESIAN_POINT('',(8.4379536300567,-1.54834150768962,-1.38882731238424));
#538=CARTESIAN_POINT('',(8.42249701482345,-1.69701490640175,-1.20263232130407));
#539=CARTESIAN_POINT('',(8.40788379482529,-1.80910045502846,-0.999822256011451));
#540=CARTESIAN_POINT('',(8.39326692908859,-1.92121396700644,-0.796961593213927));
#541=CARTESIAN_POINT('',(8.37926397289802,-1.99980353776293,-0.571860306508413));
#542=CARTESIAN_POINT('',(8.36562062163715,-2.03830207030375,-0.343239960079606));
#543=CARTESIAN_POINT('',(8.35198069292039,-2.07679094517884,-0.114676964898759));
#544=CARTESIAN_POINT('',(8.3374146885443,-2.0762671665729,0.123649834609232));
#545=CARTESIAN_POINT('',(8.32248634894973,-2.03681314749315,0.351967615270292));
#546=CARTESIAN_POINT('',(8.30755705846059,-1.99735661529988,0.580299939151906));
#547=CARTESIAN_POINT('',(8.29271066831929,-1.91786911769541,0.80497805067468));
#548=CARTESIAN_POINT('',(8.27882768958236,-1.804908484819,1.0073700221013));
#549=CARTESIAN_POINT('',(8.26494266146106,-1.69193117686436,1.20979187032544));
#550=CARTESIAN_POINT('',(8.25136385732378,-1.54235001097393,1.39547910358945));
#551=CARTESIAN_POINT('',(8.23670828326481,-1.36867020000982,1.54894508734335));
#552=CARTESIAN_POINT('',(8.22205584290182,-1.19502752575032,1.7023782565699));
#553=CARTESIAN_POINT('',(8.20674891320898,-0.992484796448086,1.82788696902576));
#554=CARTESIAN_POINT('',(8.19259380682602,-0.777767314186425,1.91508929425843));
#555=CARTESIAN_POINT('',(8.17843409720485,-0.562980005835667,2.00231997767258));
#556=CARTESIAN_POINT('',(8.16498903281951,-0.330081689795475,2.05360231782205));
#557=CARTESIAN_POINT('',(8.15099347525013,-0.0985102686185391,2.06465123615993));
#558=CARTESIAN_POINT('',(8.13700301160041,0.132976868226893,2.07569613305728));
#559=CARTESIAN_POINT('',(8.12141378233941,0.369475931229527,2.04686697364163));
#560=CARTESIAN_POINT('',(8.1067118844103,0.591492826815887,1.98056184852313));
#561=CARTESIAN_POINT('',(8.09200526843714,0.813580970719772,1.91423544516544));
#562=CARTESIAN_POINT('',(8.07791319082829,1.02730863619789,1.80855641665661));
#563=CARTESIAN_POINT('',(8.06419190219212,1.21487814232526,1.67229187024883));
#564=CARTESIAN_POINT('',(8.05047386233427,1.40240323777374,1.53605958708649));
#565=CARTESIAN_POINT('',(8.03582213120859,1.56891189317516,1.36553931662246));
#566=CARTESIAN_POINT('',(8.02099218758393,1.70062153925756,1.17489377401246));
#567=CARTESIAN_POINT('',(8.00616129773351,1.83233958908466,0.984236067248082));
#568=CARTESIAN_POINT('',(7.99152931195448,1.93291759439025,0.768146807193086));
#569=CARTESIAN_POINT('',(7.97778096702364,1.99398340782792,0.544535737401099));
#570=CARTESIAN_POINT('',(7.96403229053293,2.05505069395002,0.320919274926656));
#571=CARTESIAN_POINT('',(7.95045164361833,2.07826852357932,0.0836311575817427));
#572=CARTESIAN_POINT('',(7.93570935037305,2.06172896651578,-0.147521756462533));
#573=CARTESIAN_POINT('',(7.92096963553718,2.04519230220091,-0.378634242139562));
#574=CARTESIAN_POINT('',(7.90556996571166,1.98847549196459,-0.610045162335665));
#575=CARTESIAN_POINT('',(7.89132850290244,1.89624846984609,-0.822636457134224));
#576=CARTESIAN_POINT('',(7.87708112655258,1.80398315192535,-1.0353160270825));
#577=CARTESIAN_POINT('',(7.86355078237469,1.67361406119204,-1.23501240895218));
#578=CARTESIAN_POINT('',(7.8494866431664,1.51601827635623,-1.40505429993075));
#579=CARTESIAN_POINT('',(7.8354277274552,1.35848102344406,-1.57503303643479));
#580=CARTESIAN_POINT('',(7.81990360987114,1.16943752242601,-1.72005862671041));
#581=CARTESIAN_POINT('',(7.80535672529676,0.964484791262527,-1.82818436910047));
#582=CARTESIAN_POINT('',(7.79080576477637,0.759474633626684,-1.93634040764673));
#583=CARTESIAN_POINT('',(7.77691506454085,0.532874738775097,-2.01054358680536));
#584=CARTESIAN_POINT('',(7.76325409125227,0.303543517540048,-2.04459050495678));
#585=CARTESIAN_POINT('',(7.74959712361457,0.0742795404747185,-2.07862743992));
#586=CARTESIAN_POINT('',(7.73481788020959,-0.163974966401955,-2.0734718789319));
#587=CARTESIAN_POINT('',(7.71989894731774,-0.391480411972875,-2.02958914242305));
#588=CARTESIAN_POINT('',(7.70497839535604,-0.619010547460291,-1.98570164356182));
#589=CARTESIAN_POINT('',(7.6902553787132,-0.842116063153897,-1.90185618224278));
#590=CARTESIAN_POINT('',(7.67642439085478,-1.0422817871824,-1.78497553935841));
#591=CARTESIAN_POINT('',(7.66259227491984,-1.24246383703337,-1.66808536351012));
#592=CARTESIAN_POINT('',(7.64888751401967,-1.4251946868112,-1.51493226055734));
#593=CARTESIAN_POINT('',(7.63416187884237,-1.57524859827779,-1.33831268903193));
#594=CARTESIAN_POINT('',(7.61943874276729,-1.72527704394551,-1.16172309179002));
#595=CARTESIAN_POINT('',(7.60422412839119,-1.84683126321663,-0.956772852813281));
#596=CARTESIAN_POINT('',(7.59014632939377,-1.92984584036344,-0.740394511346438));
#597=CARTESIAN_POINT('',(7.57606439293668,-2.01288481546226,-0.523952576369012));
#598=CARTESIAN_POINT('',(7.56267174476459,-2.05962874924525,-0.290103638590283));
#599=CARTESIAN_POINT('',(7.54855871193198,-2.06617558097089,-0.0583735265305059));
#600=CARTESIAN_POINT('',(7.53445053580862,-2.07272015973938,0.173276840389201));
#601=CARTESIAN_POINT('',(7.5188048649975,-2.03930408243964,0.409166753327869));
#602=CARTESIAN_POINT('',(7.50416956674437,-1.96869727714399,0.62985715123816));
#603=CARTESIAN_POINT('',(7.48952900259886,-1.89806506697913,0.850626955243526));
#604=CARTESIAN_POINT('',(7.47554963938773,-1.78824388634186,1.06227427676819));
#605=CARTESIAN_POINT('',(7.46181190051215,-1.6483534287916,1.24716477411407));
#606=CARTESIAN_POINT('',(7.44807811322336,-1.50850320998,1.43200208870155));
#607=CARTESIAN_POINT('',(7.43323104295144,-1.33479042819389,1.59515383766989));
#608=CARTESIAN_POINT('',(7.41842292194063,-1.14162293446115,1.72313263433559));
#609=CARTESIAN_POINT('',(7.40361325561151,-0.948435282514919,1.85112478637417));
#610=CARTESIAN_POINT('',(7.38910608533287,-0.730418162413978,1.94748895981569));
#611=CARTESIAN_POINT('',(7.37540041218116,-0.505653407850594,2.00419650511847));
#612=CARTESIAN_POINT('',(7.36169521233666,-0.280896415239344,2.06090209210152));
#613=CARTESIAN_POINT('',(7.34796059379974,-0.0432191283635421,2.07950011904706));
#614=CARTESIAN_POINT('',(7.33314763824442,0.187556741881289,2.0584730915353));
#615=CARTESIAN_POINT('',(7.31833660834893,0.418302611642942,2.03744879750249));
#616=CARTESIAN_POINT('',(7.30302948784794,0.648576964414165,1.9762442551597));
#617=CARTESIAN_POINT('',(7.28886583232445,0.859342255764389,1.87989890352055));
#618=CARTESIAN_POINT('',(7.27469678913981,1.07018771935331,1.78351690342529));
#619=CARTESIAN_POINT('',(7.26121971177947,1.26730944262168,1.64929099235605));
#620=CARTESIAN_POINT('',(7.24704013427281,1.43424803618112,1.48842922932553));
#621=CARTESIAN_POINT('',(7.23286553517938,1.6011280180293,1.32762394444669));
#622=CARTESIAN_POINT('',(7.2173171863067,1.74245315735216,1.13580132057154));
#623=CARTESIAN_POINT('',(7.20284162524207,1.84657825421945,0.928782940758753));
#624=CARTESIAN_POINT('',(7.18836159543495,1.95073549548814,0.721700652415767));
#625=CARTESIAN_POINT('',(7.17457659922778,2.02052334258798,0.493688561428855));
#626=CARTESIAN_POINT('',(7.16088343711339,2.05010563231297,0.263734518708962));
#627=CARTESIAN_POINT('',(7.14719479199481,2.07967816365799,0.0338563314737225));
#628=CARTESIAN_POINT('',(7.13221139159847,2.06989374672065,-0.204237228590646));
#629=CARTESIAN_POINT('',(7.11731419970633,2.02159855324323,-0.430846016025295));
#630=CARTESIAN_POINT('',(7.10241474427268,1.97329602159257,-0.657489235344818));
#631=CARTESIAN_POINT('',(7.08781688015914,1.8851231104119,-0.878938018073607));
#632=CARTESIAN_POINT('',(7.07402934319924,1.76436609360391,-1.07680141518337));
#633=CARTESIAN_POINT('',(7.06024159485436,1.64360722539787,-1.2746678458552));
#634=CARTESIAN_POINT('',(7.04638268178973,1.48694142217029,-1.45437262935492));
#635=CARTESIAN_POINT('',(7.0316045675965,1.30744770557771,-1.60095893050996));
#636=CARTESIAN_POINT('',(7.01682827864778,1.12797615824959,-1.7475271267946));
#637=CARTESIAN_POINT('',(7.00171481166014,0.920693799931824,-1.86508081610715));
#638=CARTESIAN_POINT('',(6.9877116929446,0.702735283115789,-1.94387554176294));
#639=CARTESIAN_POINT('',(6.97370503966704,0.484721750848363,-2.02269015619143));
#640=CARTESIAN_POINT('',(6.9603506480734,0.250012808758546,-2.06487708998809));
#641=CARTESIAN_POINT('',(6.94610183288547,0.018214127035886,-2.06691974821867));
#642=CARTESIAN_POINT('',(6.93185756632552,-0.213510557939859,-2.06896175437451));
#643=CARTESIAN_POINT('',(6.91620280270688,-0.448705160691456,-2.03097119072712));
#644=CARTESIAN_POINT('',(6.90163915785409,-0.667985697256894,-1.95608898270509));
#645=CARTESIAN_POINT('',(6.88706973514089,-0.887353229375051,-1.88117706653304));
#646=CARTESIAN_POINT('',(6.8731965851122,-1.09683872925619,-1.76725504775813));
#647=CARTESIAN_POINT('',(6.85942794002809,-1.27897898084837,-1.62379240254044));
#648=CARTESIAN_POINT('',(6.84566386435539,-1.46105878540765,-1.48037736838708));
#649=CARTESIAN_POINT('',(6.83063345892434,-1.62079364737245,-1.30353712022546));
#650=CARTESIAN_POINT('',(6.81585828176515,-1.74499396580184,-1.10791924765082));
#651=CARTESIAN_POINT('',(6.801080998274,-1.86921199008334,-0.912273488021094));
#652=CARTESIAN_POINT('',(6.78669902852986,-1.96132502636896,-0.692410245200189));
#653=CARTESIAN_POINT('',(6.77302634753924,-2.01365214337781,-0.466576944854694));
#654=CARTESIAN_POINT('',(6.75935491863405,-2.06597446849393,-0.240764325353334));
#655=CARTESIAN_POINT('',(6.74544079357259,-2.07994617709665,-0.00278872795846479));
#656=CARTESIAN_POINT('',(6.73057485341484,-2.05443946175126,0.227524719533096));
#657=CARTESIAN_POINT('',(6.7157101507598,-2.028934869691,0.45781899477492));
#658=CARTESIAN_POINT('',(6.7005044360507,-1.96326394321689,0.686871241263164));
#659=CARTESIAN_POINT('',(6.68641600106298,-1.86283512231247,0.89573115781415));
#660=CARTESIAN_POINT('',(6.6723228524554,-1.76237270056563,1.10466095340066));
#661=CARTESIAN_POINT('',(6.65888490646321,-1.62434151905383,1.29913114747378));
#662=CARTESIAN_POINT('',(6.64457177801101,-1.46027655093979,1.46290170372974));
#663=CARTESIAN_POINT('',(6.63026330627803,-1.29626496070833,1.62661897788885));
#664=CARTESIAN_POINT('',(6.61473950385003,-1.10173313943631,1.76419205187662));
#665=CARTESIAN_POINT('',(6.60033903459159,-0.892726981965481,1.86427667894838));
#666=CARTESIAN_POINT('',(6.58593375891622,-0.683651064911586,1.96439471107357));
#667=CARTESIAN_POINT('',(6.57224663391934,-0.454314239652746,2.02973954890608));
#668=CARTESIAN_POINT('',(6.55850593993637,-0.223826179147795,2.05484569774183));
#669=CARTESIAN_POINT('',(6.54477018179707,0.00657908691929193,2.07994282810836));
#670=CARTESIAN_POINT('',(6.5295983031622,0.244423432743933,2.06553391718389));
#671=CARTESIAN_POINT('',(6.51473404655771,0.470051322285078,2.01284394686177));
#672=CARTESIAN_POINT('',(6.49986690451632,0.69572301052087,1.96014374840727));
#673=CARTESIAN_POINT('',(6.48539459608555,0.915431266302908,1.86767542307447));
#674=CARTESIAN_POINT('',(6.47164089042246,1.11091691141375,1.74308709361723));
#675=CARTESIAN_POINT('',(6.45788787055645,1.30639280907974,1.61850497647224));
#676=CARTESIAN_POINT('',(6.44385315132034,1.48300334951671,1.45838653582159));
#677=CARTESIAN_POINT('',(6.42903918856191,1.62606763476803,1.27608504699331));
#678=CARTESIAN_POINT('',(6.41422635962948,1.76912097021402,1.09379751109401));
#679=CARTESIAN_POINT('',(6.39922151278471,1.88262918080312,0.884259397448959));
#680=CARTESIAN_POINT('',(6.38528924666518,1.95717325211752,0.664802121834568));
#681=CARTESIAN_POINT('',(6.37135414989242,2.03173246873664,0.445300258538625));
#682=CARTESIAN_POINT('',(6.35801689495033,2.06934547685029,0.209822180359441));
#683=CARTESIAN_POINT('',(6.34361961174201,2.06688338979871,-0.0219557048213592));
#684=CARTESIAN_POINT('',(6.3292265247493,2.06442202034419,-0.253666036286181));
#685=CARTESIAN_POINT('',(6.31360940519081,2.02187056283352,-0.488079314367727));
#686=CARTESIAN_POINT('',(6.29912123643458,1.94274056806855,-0.705866903304508));
#687=CARTESIAN_POINT('',(6.28462686926144,1.86357671942554,-0.92374766745881));
#688=CARTESIAN_POINT('',(6.27085217676564,1.74559719079209,-1.13098966806103));
#689=CARTESIAN_POINT('',(6.25703742963883,1.59861813424011,-1.31030876547426));
#690=CARTESIAN_POINT('',(6.24322773671837,1.45169285083894,-1.48956225794286));
#691=CARTESIAN_POINT('',(6.22803238815735,1.27179105476047,-1.6458216896849));
#692=CARTESIAN_POINT('',(6.21330011483432,1.07379542592517,-1.76619715299911));
#693=CARTESIAN_POINT('',(6.19856521009533,0.875764431953513,-1.88659411726616));
#694=CARTESIAN_POINT('',(6.18430744754507,0.654137692774465,-1.97442026070993));
#695=CARTESIAN_POINT('',(6.17065702683206,0.427321546395204,-2.02234648267462));
#696=CARTESIAN_POINT('',(6.15700860080603,0.200538543845331,-2.07026570135252));
#697=CARTESIAN_POINT('',(6.14289618137927,-0.0376449375434743,-2.07960641573604));
#698=CARTESIAN_POINT('',(6.12799398006265,-0.267410820435607,-2.04962934529977));
#699=CARTESIAN_POINT('',(6.11309231170309,-0.497168486061815,-2.01965334695286));
#700=CARTESIAN_POINT('',(6.09799549341682,-0.724913219731363,-1.94953906157362));
#701=CARTESIAN_POINT('',(6.08397849059346,-0.931788879289813,-1.84506327382879));
#702=CARTESIAN_POINT('',(6.06995755843988,-1.13872253147278,-1.74055819880511));
#703=CARTESIAN_POINT('',(6.05652338049455,-1.33046486522124,-1.59877548565482));
#704=CARTESIAN_POINT('',(6.04207960913964,-1.49100507687667,-1.43157006839623));
#705=CARTESIAN_POINT('',(6.02764009930147,-1.65149792245431,-1.26441398372989));
#706=CARTESIAN_POINT('',(6.01217224335558,-1.78526784470511,-1.06724420252857));
#707=CARTESIAN_POINT('',(5.99784938055276,-1.88127356561109,-0.856328658479753));
#708=CARTESIAN_POINT('',(5.98352153854517,-1.9773126619777,-0.645339791681316));
#709=CARTESIAN_POINT('',(5.96992324188657,-2.03818819187766,-0.414767929294908));
#710=CARTESIAN_POINT('',(5.95611902806309,-2.05880867259653,-0.18383647527438));
#711=CARTESIAN_POINT('',(5.94231999479837,-2.079421414692,0.0470083128929973));
#712=CARTESIAN_POINT('',(5.92698183218638,-2.06039433704372,0.284515587993989));
#713=CARTESIAN_POINT('',(5.91216053850519,-2.00332923954112,0.509078538144746));
#714=CARTESIAN_POINT('',(5.89733575683174,-1.94625071253479,0.733694336167647));
#715=CARTESIAN_POINT('',(5.88298802177655,-1.84952105279524,0.951578865151965));
#716=CARTESIAN_POINT('',(5.86925747984858,-1.72114835381964,1.14461231172128));
#717=CARTESIAN_POINT('',(5.85552848995364,-1.5927901654634,1.33762393873793));
#718=CARTESIAN_POINT('',(5.84130291133705,-1.42928037805647,1.51107390487914));
#719=CARTESIAN_POINT('',(5.82646873656151,-1.24423862453009,1.65056331148716));
#720=CARTESIAN_POINT('',(5.81163500653006,-1.0592024187493,1.79004853605665));
#721=CARTESIAN_POINT('',(5.79674487295295,-0.847486179998797,1.89946794171118));
#722=CARTESIAN_POINT('',(5.78287843894341,-0.626612482366852,1.96973241759942));
#723=CARTESIAN_POINT('',(5.7690099448363,-0.405705970143347,2.04000733248561));
#724=CARTESIAN_POINT('',(5.75564148230665,-0.169551270421735,2.07303180500513));
#725=CARTESIAN_POINT('',(5.74111261210376,0.0621187117693483,2.06606637493768));
#726=CARTESIAN_POINT('',(5.72658750641562,0.293728666920835,2.05910274965366));
#727=CARTESIAN_POINT('',(5.71102649494585,0.527274005615272,2.0120054951024));
#728=CARTESIAN_POINT('',(5.69661633261561,0.743486765294974,1.92865663865598));
#729=CARTESIAN_POINT('',(5.68219980286388,0.959795062952872,1.84527095283261));
#730=CARTESIAN_POINT('',(5.66851461572628,1.1647112031969,1.72328016874505));
#731=CARTESIAN_POINT('',(5.654637954613,1.34113838509248,1.57284354976315));
#732=CARTESIAN_POINT('',(5.64076660197502,1.51749807529603,1.42246447986099));
#733=CARTESIAN_POINT('',(5.62543099501868,1.67022541177731,1.23956830119421));
#734=CARTESIAN_POINT('',(5.61075039744406,1.78673141648129,1.03926889944747));
#735=CARTESIAN_POINT('',(5.59606667558919,1.90326221563987,0.838926870589489));
#736=CARTESIAN_POINT('',(5.58193074055823,1.98676785544302,0.615620344796961));
#737=CARTESIAN_POINT('',(5.56829083522961,2.03027500970899,0.387907701587836));
#738=CARTESIAN_POINT('',(5.55465362363121,2.07377357179388,0.160240029103546));
#739=CARTESIAN_POINT('',(5.54033092485908,2.07848103421953,-0.0780613209231361));
#740=CARTESIAN_POINT('',(5.52540818706233,2.04404509789763,-0.307194787977449));
#741=CARTESIAN_POINT('',(5.51048527786509,2.00960876604939,-0.536330886826689));
#742=CARTESIAN_POINT('',(5.49550345784222,1.93507644549412,-0.762683052215677));
#743=CARTESIAN_POINT('',(5.48155290506617,1.82659239053995,-0.967496376645178));
#744=CARTESIAN_POINT('',(5.46759928198159,1.71808445986387,-1.17235477743157));
#745=CARTESIAN_POINT('',(5.45412067607539,1.57260637373613,-1.36129423978671));
#746=CARTESIAN_POINT('',(5.43956646714533,1.40232370467844,-1.51854444363573));
#747=CARTESIAN_POINT('',(5.42501603477723,1.23208522098699,-1.67575384381467));
#748=CARTESIAN_POINT('',(5.40961718796349,1.03235019906672,-1.80567074134799));
#749=CARTESIAN_POINT('',(5.39537316314648,0.819604061522157,-1.89756111425598));
#750=CARTESIAN_POINT('',(5.38112421863301,0.606784444295297,-1.98948322487486));
#751=CARTESIAN_POINT('',(5.36760445663015,0.375068519845372,-2.04586527578826));
#752=CARTESIAN_POINT('',(5.35372011070422,0.143785100609832,-2.06199293035709));
#753=CARTESIAN_POINT('',(5.33984099192501,-0.0874112455743097,-2.0781145132235));
#754=CARTESIAN_POINT('',(5.32436512354549,-0.324494049816315,-2.05447773400889));
#755=CARTESIAN_POINT('',(5.30959562942457,-0.547908300887755,-1.99305933023036));
#756=CARTESIAN_POINT('',(5.29482206084292,-0.771384185254279,-1.93162398295522));
#757=CARTESIAN_POINT('',(5.28059653616645,-0.9873625099604,-1.83066930184964));
#758=CARTESIAN_POINT('',(5.26687748711432,-1.17787044491288,-1.69856121909125));
#759=CARTESIAN_POINT('',(5.25316081577864,-1.3683453619901,-1.56647603264002));
#760=CARTESIAN_POINT('',(5.23873595141544,-1.53857040354987,-1.39963753576936));
#761=CARTESIAN_POINT('',(5.22389616119397,-1.67443378433545,-1.21192429708958));
#762=CARTESIAN_POINT('',(5.20905614523488,-1.81029923182639,-1.02420820298286));
#763=CARTESIAN_POINT('',(5.19428542495087,-1.91558838684634,-0.810392795135095));
#764=CARTESIAN_POINT('',(5.18047862753779,-1.98154644079229,-0.588185942524472));
#765=CARTESIAN_POINT('',(5.16667057655192,-2.04751048332625,-0.365958914890272));
#766=CARTESIAN_POINT('',(5.15322469798399,-2.07593439968566,-0.129219982198266));
#767=CARTESIAN_POINT('',(5.13858456844199,-2.06446912679727,0.102255681998146));
#768=CARTESIAN_POINT('',(5.12394768751708,-2.05300639803129,0.333679982181759));
#769=CARTESIAN_POINT('',(5.10845586701194,-2.00138036595094,0.566271220568364));
#770=CARTESIAN_POINT('',(5.09412496712614,-1.91384330876976,0.780828271438221));
#771=CARTESIAN_POINT('',(5.07978778595206,-1.82626788376132,0.99547936348484));
#772=CARTESIAN_POINT('',(5.06618185821727,-1.70031394073574,1.19798867295279));
#773=CARTESIAN_POINT('',(5.05222680312088,-1.54648009175054,1.371454820918));
#774=CARTESIAN_POINT('',(5.03827710698356,-1.39270531736541,1.5448543551738));
#775=CARTESIAN_POINT('',(5.02283205870086,-1.2068829044736,1.69399455272392));
#776=CARTESIAN_POINT('',(5.00821070545622,-1.00435487974464,1.80658802042224));
#777=CARTESIAN_POINT('',(4.99358576422738,-0.801777155966518,1.91920911781918));
#778=CARTESIAN_POINT('',(4.97956791331241,-0.576875486746738,1.99836250482052));
#779=CARTESIAN_POINT('',(4.96592581764721,-0.348353248537647,2.03743441961534));
#780=CARTESIAN_POINT('',(4.95228706478323,-0.119887006447722,2.07649676039401));
#781=CARTESIAN_POINT('',(4.93774889263056,0.118442642544488,2.07657077491757));
#782=CARTESIAN_POINT('',(4.92282029568339,0.346859094128176,2.03768932097623));
#783=CARTESIAN_POINT('',(4.90789083570168,0.575288750655712,1.99880561926591));
#784=CARTESIAN_POINT('',(4.89302872707026,0.800163635005285,1.91988258941013));
#785=CARTESIAN_POINT('',(4.8791384747209,1.0028372928661,1.80743087393045));
#786=CARTESIAN_POINT('',(4.86524605472746,1.20554257897555,1.69496160979224));
#787=CARTESIAN_POINT('',(4.85168111344272,1.39160612923572,1.54584561543019));
#788=CARTESIAN_POINT('',(4.8370359075854,1.54550827948789,1.37254987451618));
#789=CARTESIAN_POINT('',(4.82239391332725,1.69937667999131,1.19929213624024));
#790=CARTESIAN_POINT('',(4.80707578524213,1.82539224596712,0.997065500215998));
#791=CARTESIAN_POINT('',(4.79291057490197,1.91313252697841,0.782568165859812));
#792=CARTESIAN_POINT('',(4.77874071308053,2.00090161958266,0.568000396239288));
#793=CARTESIAN_POINT('',(4.76528791530659,2.05276812630056,0.335231349650695));
#794=CARTESIAN_POINT('',(4.75130620523994,2.06439773494413,0.10368699030038));
#795=CARTESIAN_POINT('',(4.73732961252175,2.07602308711553,-0.127772623109501));
#796=CARTESIAN_POINT('',(4.72175081772279,2.04778663842636,-0.364343991581391));
#797=CARTESIAN_POINT('',(4.70704075728883,1.98203841666648,-0.586525971171127));
#798=CARTESIAN_POINT('',(4.69232605123584,1.91626943080494,-0.808778118578158));
#799=CARTESIAN_POINT('',(4.6782190229797,1.81112780140111,-1.02276827426388));
#800=CARTESIAN_POINT('',(4.66449884609353,1.67533494818625,-1.21067824436791));
#801=CARTESIAN_POINT('',(4.65078182222254,1.53957330134216,-1.39854503113749));
#802=CARTESIAN_POINT('',(4.63615583719893,1.36946966994243,-1.56548240143639));
#803=CARTESIAN_POINT('',(4.62132394690905,1.17915470809424,-1.69766992503819));
#804=CARTESIAN_POINT('',(4.60649119045513,0.988828632087707,-1.82986516822786));
#805=CARTESIAN_POINT('',(4.59184319856024,0.772994040582478,-1.93098411053477));
#806=CARTESIAN_POINT('',(4.57808869819665,0.549538007999642,-1.99261059360925));
#807=CARTESIAN_POINT('',(4.56433376120083,0.326074881876316,-2.05423903299677));
#808=CARTESIAN_POINT('',(4.55077077520149,0.088843622368249,-2.07805240915977));
#809=CARTESIAN_POINT('',(4.53603893486602,-0.14235171057,-2.06209238165941));
#810=CARTESIAN_POINT('',(4.52130975357135,-0.37350531363525,-2.04613523488295));
#811=CARTESIAN_POINT('',(4.50589885703444,-0.60505665350346,-1.98999897102079));
#812=CARTESIAN_POINT('',(4.49164722862602,-0.817877760988289,-1.89830581521545));
#813=CARTESIAN_POINT('',(4.47738963160636,-1.03078799838998,-1.80657425812815));
#814=CARTESIAN_POINT('',(4.4638514489015,-1.23081093045003,-1.67670652248051));
#815=CARTESIAN_POINT('',(4.44980090496379,-1.40124846227632,-1.51953668826003));
#816=CARTESIAN_POINT('',(4.43575560856261,-1.57162233982864,-1.36242555315107));
#817=CARTESIAN_POINT('',(4.42023788913517,-1.71712159386773,-1.17374571321631));
#818=CARTESIAN_POINT('',(4.40568213913959,-1.82576059366937,-0.969065144664729));
#819=CARTESIAN_POINT('',(4.39112236685153,-1.93442961444769,-0.764328015296253));
#820=CARTESIAN_POINT('',(4.37721752279261,-2.00920043085536,-0.537916653076378));
#821=CARTESIAN_POINT('',(4.36355962464567,-2.04382251149706,-0.308672223398596));
#822=CARTESIAN_POINT('',(4.34990566060957,-2.07843461936689,-0.0794938267945154));
#823=CARTESIAN_POINT('',(4.33515356194694,-2.07387657154499,0.15877499816344));
#824=CARTESIAN_POINT('',(4.3202326983619,-2.03056439620467,0.386390000991186));
#825=CARTESIAN_POINT('',(4.30531030060362,-1.98724776747732,0.614028407346806));
#826=CARTESIAN_POINT('',(4.29057123576283,-1.90396293929849,0.837341572420931));
#827=CARTESIAN_POINT('',(4.27673399612563,-1.78758568034821,1.03779884149773));
#828=CARTESIAN_POINT('',(4.26289550942877,-1.6711979330788,1.23827417647356));
#829=CARTESIAN_POINT('',(4.24920872306537,-1.51850241234697,1.42139044151546));
#830=CARTESIAN_POINT('',(4.23449112043771,-1.34225849169097,1.57188776364073));
#831=CARTESIAN_POINT('',(4.21977610146585,-1.1660455104237,1.72235866615883));
#832=CARTESIAN_POINT('',(4.20454905051882,-0.961401700297227,1.84442575014033));
#833=CARTESIAN_POINT('',(4.19046139848109,-0.745233143659675,1.92798251070675));
#834=CARTESIAN_POINT('',(4.17636954040809,-0.529000047340825,2.01156421813308));
#835=CARTESIAN_POINT('',(4.16297089958365,-0.295268675433865,2.05889483029412));
#836=CARTESIAN_POINT('',(4.14887404463149,-0.0635539671277278,2.06602272331703));
#837=CARTESIAN_POINT('',(4.13478208179406,0.168080327856445,2.07314814270518));
#838=CARTESIAN_POINT('',(4.11914115366888,0.404053689832779,2.0403232500577));
#839=CARTESIAN_POINT('',(4.10449695217464,0.624919935155412,1.97027005119739));
#840=CARTESIAN_POINT('',(4.08984755388307,0.845864559426417,1.90019199251276));
#841=CARTESIAN_POINT('',(4.07585398503031,1.05778489284403,1.79090299607233));
#842=CARTESIAN_POINT('',(4.06211916418467,1.24302508194022,1.65147741300555));
#843=CARTESIAN_POINT('',(4.04838820851337,1.42821314180718,1.51209106628492));
#844=CARTESIAN_POINT('',(4.03356580474025,1.59180143739359,1.33878658162677));
#845=CARTESIAN_POINT('',(4.01875421870558,1.72026433258824,1.14594049846611));
#846=CARTESIAN_POINT('',(4.00394116250103,1.84873997876579,0.953075273769614));
#847=CARTESIAN_POINT('',(3.98941783628827,1.9456499964576,0.735302333966598));
#848=CARTESIAN_POINT('',(3.97570717839418,2.0029211749422,0.510681668917308));
#849=CARTESIAN_POINT('',(3.96199689116445,2.06019080511418,0.286067076433955));
#850=CARTESIAN_POINT('',(3.9482837167909,2.07938533598553,0.0484348898166392));
#851=CARTESIAN_POINT('',(3.93347886592363,2.05893692727975,-0.182394433807158));
#852=CARTESIAN_POINT('',(3.91867602734786,2.03849129794402,-0.413192382857025));
#853=CARTESIAN_POINT('',(3.90335643865003,1.97786464823616,-0.643618197454734));
#854=CARTESIAN_POINT('',(3.88918286333413,1.88204876484604,-0.854623570200063));
#855=CARTESIAN_POINT('',(3.87500382336053,1.78619593940042,-1.06571029659902));
#856=CARTESIAN_POINT('',(3.86152063995824,1.65246480878251,-1.26316858001904));
#857=CARTESIAN_POINT('',(3.84735696916441,1.49202095129185,-1.43051126556422));
#858=CARTESIAN_POINT('',(3.8331983135205,1.33163390463872,-1.59779469749716));
#859=CARTESIAN_POINT('',(3.81765046327359,1.14016596045747,-1.73960023746915));
#860=CARTESIAN_POINT('',(3.80316546156864,0.933409759035422,-1.8442438075638));
#861=CARTESIAN_POINT('',(3.78867603920492,0.726590457958128,-1.94891931369303));
#862=CARTESIAN_POINT('',(3.77487781705338,0.498755696021816,-2.01927846473472));
#863=CARTESIAN_POINT('',(3.76118965478287,0.268877045326569,-2.04943751661193));
#864=CARTESIAN_POINT('',(3.74750594818514,0.0390732230874437,-2.07958675133002));
#865=CARTESIAN_POINT('',(3.73254814832637,-0.199046072234869,-2.07039939350773));
#866=CARTESIAN_POINT('',(3.71764749777865,-0.425775293073682,-2.02267258838598));
#867=CARTESIAN_POINT('',(3.70274466552581,-0.6525377108725,-1.97493879525961));
#868=CARTESIAN_POINT('',(3.68813060092362,-0.874204982575885,-1.88732249906102));
#869=CARTESIAN_POINT('',(3.67433797539735,-1.07236970771987,-1.76706315958564));
#870=CARTESIAN_POINT('',(3.66054502102549,-1.27053915753349,-1.64680095287116));
#871=CARTESIAN_POINT('',(3.64670735419324,-1.45063826510705,-1.49058504548379));
#872=CARTESIAN_POINT('',(3.63193505644219,-1.59767508245721,-1.31145847471255));
#873=CARTESIAN_POINT('',(3.61716467232136,-1.74469285239158,-1.13235510832188));
#874=CARTESIAN_POINT('',(3.60203770529339,-1.86276529024902,-0.925369399882793));
#875=CARTESIAN_POINT('',(3.58802514021544,-1.94210627382251,-0.707610218396567));
#876=CARTESIAN_POINT('',(3.57400895635306,-2.02146774742872,-0.489794799987733));
#877=CARTESIAN_POINT('',(3.56065046504725,-2.06424367015476,-0.255191738791658));
#878=CARTESIAN_POINT('',(3.54642021283194,-2.06686757853613,-0.0233968544082379));
#879=CARTESIAN_POINT('',(3.53219455164608,-2.0694906403801,0.208323247242745));
#880=CARTESIAN_POINT('',(3.5165381029155,-2.03208959478275,0.44361239613851));
#881=CARTESIAN_POINT('',(3.5019649712453,-1.95775752748353,0.663079530359334));
#882=CARTESIAN_POINT('',(3.4873861249467,-1.88339631201273,0.882632725225562));
#883=CARTESIAN_POINT('',(3.47349968012321,-1.77000105175966,1.09240174505462));
#884=CARTESIAN_POINT('',(3.45973586259411,-1.6269962558584,1.27490085238922));
#885=CARTESIAN_POINT('',(3.44597654045835,-1.48403816667974,1.45734035378453));
#886=CARTESIAN_POINT('',(3.43096889200447,-1.30759778065131,1.61751942836684));
#887=CARTESIAN_POINT('',(3.41618887954924,-1.11229203056892,1.74220992958164));
#888=CARTESIAN_POINT('',(3.40140683106247,-0.916959375998572,1.8669176076286));
#889=CARTESIAN_POINT('',(3.38700873298644,-0.697329720391617,1.95958122520673));
#890=CARTESIAN_POINT('',(3.37333237606447,-0.471629494126925,2.01247475021914));
#891=CARTESIAN_POINT('',(3.35965717259361,-0.245948303207403,2.06536381424131));
#892=CARTESIAN_POINT('',(3.34576740867247,-0.008006107587073,2.07993277414549));
#893=CARTESIAN_POINT('',(3.33090734492091,0.222371796851556,2.05500359706863));
#894=CARTESIAN_POINT('',(3.31604860877307,0.452729119240902,2.03007664717389));
#895=CARTESIAN_POINT('',(3.3008293594475,0.681943860484055,1.96498077591337));
#896=CARTESIAN_POINT('',(3.28673140610847,0.891054077354363,1.86507684325074));
#897=CARTESIAN_POINT('',(3.27262864519489,1.10023560336656,1.76513884212501));
#898=CARTESIAN_POINT('',(3.2591865193047,1.29505220539707,1.62759572496264));
#899=CARTESIAN_POINT('',(3.24489162026032,1.45923512782947,1.46394051850084));
#900=CARTESIAN_POINT('',(3.23060142246645,1.62336405442429,1.30033913432345));
#901=CARTESIAN_POINT('',(3.21507155724319,1.7614241270073,1.10615293448345));
#902=CARTESIAN_POINT('',(3.20066122993334,1.86203230144562,0.897398856904292));
#903=CARTESIAN_POINT('',(3.18624613561016,1.96267375760601,0.688575722360057));
#904=CARTESIAN_POINT('',(3.17254686641704,2.0285933921146,0.459404870288837));
#905=CARTESIAN_POINT('',(3.15881319293921,2.05427769368687,0.22898069180737));
#906=CARTESIAN_POINT('',(3.14508440755086,2.07995285370174,-0.00136147409356298));
#907=CARTESIAN_POINT('',(3.12993573856084,2.06614034871961,-0.239242922978151));
#908=CARTESIAN_POINT('',(3.11506664377833,2.01401639474798,-0.465002109335371));
#909=CARTESIAN_POINT('',(3.10019474263877,1.96188260302713,-0.690803904936334));
#910=CARTESIAN_POINT('',(3.08570625914447,1.86996666338384,-0.910741437394922));
#911=CARTESIAN_POINT('',(3.07194876575909,1.74587010806461,-1.10653809955485));
#912=CARTESIAN_POINT('',(3.05819184392691,1.62177870831989,-1.30232662736908));
#913=CARTESIAN_POINT('',(3.04418079554748,1.46210235932995,-1.47934019878065));
#914=CARTESIAN_POINT('',(3.02937055834575,1.2801594013525,-1.62286194949811));
#915=CARTESIAN_POINT('',(3.01456154444638,1.09823147157799,-1.76637184554408));
#916=CARTESIAN_POINT('',(2.99954231018174,0.888980093003034,-1.88040453289374));
#917=CARTESIAN_POINT('',(2.98560115869256,0.669711601690069,-1.95549875238051));
#918=CARTESIAN_POINT('',(2.97165708127817,0.450397090992962,-2.03060873240685));
#919=CARTESIAN_POINT('',(2.95832015550219,0.215013070104636,-2.06881280718496));
#920=CARTESIAN_POINT('',(2.9439413687499,-0.0167724209524133,-2.06693194999143));
#921=CARTESIAN_POINT('',(2.92956682760089,-0.24848947304751,-2.06505164815585));
#922=CARTESIAN_POINT('',(2.91394349105584,-0.483008438299971,-2.02308788970911));
#923=CARTESIAN_POINT('',(2.89944541382842,-0.700993294831575,-1.9445044100236));
#924=CARTESIAN_POINT('',(2.88494117963492,-0.919070724009105,-1.86588755792518));
#925=CARTESIAN_POINT('',(2.87115425892019,-1.12660685583188,-1.74842903229891));
#926=CARTESIAN_POINT('',(2.85734633485585,-1.30629397882984,-1.60190044661736));
#927=CARTESIAN_POINT('',(2.84354341516366,-1.4859159782633,-1.45542496693273));
#928=CARTESIAN_POINT('',(2.82836809426002,-1.64262707773144,-1.27591446211152));
#929=CARTESIAN_POINT('',(2.81362976669358,-1.7634986163147,-1.07822151261053));
#930=CARTESIAN_POINT('',(2.79888887357171,-1.88439119545567,-0.880494149963453));
#931=CARTESIAN_POINT('',(2.78461518875783,-1.97277242227753,-0.659090277959877));
#932=CARTESIAN_POINT('',(2.77096253477504,-2.02126757319189,-0.432396111873111));
#933=CARTESIAN_POINT('',(2.75731178196895,-2.06975597099795,-0.205733513690022));
#934=CARTESIAN_POINT('',(2.74322576648009,-2.0796944124489,0.0324282110350699));
#935=CARTESIAN_POINT('',(2.72832733881225,-2.05029356384018,0.262269521819693));
#936=CARTESIAN_POINT('',(2.71342953531602,-2.02089394698394,0.492101203371923));
#937=CARTESIAN_POINT('',(2.69831829349875,-1.95135162569808,0.720019436582723));
#938=CARTESIAN_POINT('',(2.68429232850583,-1.84739590055968,0.927155535277273));
#939=CARTESIAN_POINT('',(2.67026232807052,-1.74341026608247,1.13435122957128));
#940=CARTESIAN_POINT('',(2.65683050356014,-1.60210850095002,1.32644980717591));
#941=CARTESIAN_POINT('',(2.64240243887733,-1.43530477822118,1.48741023043929));
#942=CARTESIAN_POINT('',(2.62797869184714,-1.26855097213366,1.64832248569068));
#943=CARTESIAN_POINT('',(2.61250285434178,-1.07171750877234,1.78258598039512));
#944=CARTESIAN_POINT('',(2.59816988174901,-0.861043924018792,1.8791201028436));
#945=CARTESIAN_POINT('',(2.58383193881491,-0.650297282568873,1.97568770107919));
#946=CARTESIAN_POINT('',(2.57022273133717,-0.419879669474233,2.03714132620918));
#947=CARTESIAN_POINT('',(2.55642763322561,-0.189000282471737,2.05834105367055));
#948=CARTESIAN_POINT('',(2.54263769611669,0.0417927282603269,2.07953284991981));
#949=CARTESIAN_POINT('',(2.52731951693628,0.279348417239634,2.06110122982885));
#950=CARTESIAN_POINT('',(2.5124921577571,0.504053490985995,2.00459948075042));
#951=CARTESIAN_POINT('',(2.49766138737507,0.728810260693699,1.94808473280112));
#952=CARTESIAN_POINT('',(2.48329768216376,0.946934757813903,1.85190292565114));
#953=CARTESIAN_POINT('',(2.46956478647385,1.14028875884286,1.72401581966541));
#954=CARTESIAN_POINT('',(2.45583333312794,1.33362245221141,1.59614214545719));
#955=CARTESIAN_POINT('',(2.44163299499837,1.50748388943182,1.4330664566209));
#956=CARTESIAN_POINT('',(2.42680058556814,1.64743747806419,1.24837444537666));
#957=CARTESIAN_POINT('',(2.41196870905012,1.78738603831746,1.063689069914));
#958=CARTESIAN_POINT('',(2.39706348022818,1.89733539756858,0.852249468442146));
#959=CARTESIAN_POINT('',(2.38318887532793,1.96815362829509,0.631553873734362));
#960=CARTESIAN_POINT('',(2.36931210828085,2.03898289496919,0.41082388696406));
#961=CARTESIAN_POINT('',(2.35595040558427,2.0726001625702,0.174751292595788));
#962=CARTESIAN_POINT('',(2.34143735659525,2.06621565274707,-0.056937477490828));
#963=CARTESIAN_POINT('',(2.32692813268587,2.05983282563434,-0.288565183358624));
#964=CARTESIAN_POINT('',(2.31135911773316,2.01332120738612,-0.522227366484488));
#965=CARTESIAN_POINT('',(2.29693879282744,1.93051503274852,-0.738647891983996));
#966=CARTESIAN_POINT('',(2.28251210747172,1.84767233434761,-0.955163875244757));
#967=CARTESIAN_POINT('',(2.26881591969172,1.72619646154866,-1.16038470961464));
#968=CARTESIAN_POINT('',(2.25494815976075,1.57620261362418,-1.33718896226536));
#969=CARTESIAN_POINT('',(2.24108568783893,1.42626596086635,-1.51392579649303));
#970=CARTESIAN_POINT('',(2.22576657504503,1.24375234257124,-1.66711201119804));
#971=CARTESIAN_POINT('',(2.21107885879616,1.04374600151495,-1.78411975055531));
#972=CARTESIAN_POINT('',(2.19638808017981,0.843697959427255,-1.90115188585617));
#973=CARTESIAN_POINT('',(2.18223660724731,0.620603442396661,-1.98521682971988));
#974=CARTESIAN_POINT('',(2.16859603926334,0.393001603993382,-2.02929513360148));
#975=CARTESIAN_POINT('',(2.15495807748,0.165443251759952,-2.07336501577338));
#976=CARTESIAN_POINT('',(2.14066294664577,-0.0728479320648272,-2.07867036748804));
#977=CARTESIAN_POINT('',(2.12574201140882,-0.302067759630026,-2.04480905431093));
#978=CARTESIAN_POINT('',(2.11082099516072,-0.531288831712399,-2.01094755728854));
#979=CARTESIAN_POINT('',(2.09582404249457,-0.757825450322495,-1.93698380896084));
#980=CARTESIAN_POINT('',(2.08186523666733,-0.962909242663074,-1.8290147048053));
#981=CARTESIAN_POINT('',(2.06790324663119,-1.16803981763274,-1.72102097130926));
#982=CARTESIAN_POINT('',(2.05443286247377,-1.35734508420717,-1.57601650249577));
#983=CARTESIAN_POINT('',(2.03989179417741,-1.51502309810593,-1.40612731009874));
#984=CARTESIAN_POINT('',(2.02535456980698,-1.67265942988107,-1.23628302784577));
#985=CARTESIAN_POINT('',(2.00994613198899,-1.80307623572857,-1.03687488613368));
#986=CARTESIAN_POINT('',(1.9956919095228,-1.89549960613481,-0.82436050556949));
#987=CARTESIAN_POINT('',(1.981432747359,-1.98795500519101,-0.611772479685104));
#988=CARTESIAN_POINT('',(1.96790347540066,-2.04491814097919,-0.380199064223815));
#989=CARTESIAN_POINT('',(1.95403042500659,-2.06162584605435,-0.148955936037135));
#990=CARTESIAN_POINT('',(1.940162605413,-2.07832725152927,0.0822000024811152));
#991=CARTESIAN_POINT('',(1.92470268055648,-2.05528473878179,0.319342472812601));
#992=CARTESIAN_POINT('',(1.90992604812575,-1.99442676475407,0.542909642604189));
#993=CARTESIAN_POINT('',(1.89514541607176,-1.93355231816613,0.76653732580801));
#994=CARTESIAN_POINT('',(1.88090430268699,-1.83314069677481,0.982766227431135));
#995=CARTESIAN_POINT('',(1.86718446029963,-1.70151178762924,1.17360412258937));
#996=CARTESIAN_POINT('',(1.85346689169526,-1.56990469328051,1.3644103902735));
#997=CARTESIAN_POINT('',(1.83906798370021,-1.40349215274632,1.53505510873096));
#998=CARTESIAN_POINT('',(1.8242281354071,-1.21611972136949,1.67138918965518));
#999=CARTESIAN_POINT('',(1.80938814639308,-1.0287455132078,1.80772456338607));
#1000=CARTESIAN_POINT('',(1.79460180241812,-0.815196491526356,1.91354892909054));
#1001=CARTESIAN_POINT('',(1.78078769846342,-0.593156953909494,1.98006409694959));
#1002=CARTESIAN_POINT('',(1.76697223579652,-0.371095577175895,2.04658580703321));
#1003=CARTESIAN_POINT('',(1.75353871562575,-0.134426854515818,2.07560394460416));
#1004=CARTESIAN_POINT('',(1.73891182646282,0.0970787241663673,2.0647190417377));
#1005=CARTESIAN_POINT('',(1.724288256921,0.328531761888216,2.0538366092361));
#1006=CARTESIAN_POINT('',(1.70878682069826,0.561250936865564,2.00279392398813));
#1007=CARTESIAN_POINT('',(1.69444566670924,0.776026147802239,1.91579550524768));
#1008=CARTESIAN_POINT('',(1.68009820689967,0.990895795625787,1.82875883321072));
#1009=CARTESIAN_POINT('',(1.66648267268654,1.19372016282108,1.70331351647754));
#1010=CARTESIAN_POINT('',(1.65253868124167,1.36757220836265,1.54991459600653));
#1011=CARTESIAN_POINT('',(1.64093008280947,1.51230684846109,1.42220751337373));
#1012=CARTESIAN_POINT('',(1.62831029807764,1.64015690400965,1.27264089401955));
#1013=CARTESIAN_POINT('',(1.61600340346176,1.74377310242558,1.10983979350943));
#1014=CARTESIAN_POINT('',(1.61600340346176,1.74377310242558,1.10983979350943));
#1015=CARTESIAN_POINT('',(1.61600340346176,3.95806679092136E-17,0.));
#1016=CARTESIAN_POINT('',(1.61600340346176,1.96399227935472,-0.644378248108242));
#1017=CARTESIAN_POINT('',(1.61600340346176,1.96399227935472,-0.644378248108242));
#1018=CARTESIAN_POINT('',(1.62989743347826,2.03623581072614,-0.424188106272534));
#1019=CARTESIAN_POINT('',(1.64324074701686,2.07139389280286,-0.18842235783837));
#1020=CARTESIAN_POINT('',(1.65770540679131,2.06654787088751,0.0432307451970683));
#1021=CARTESIAN_POINT('',(1.67217098350031,2.06170154177622,0.274898533039152));
#1022=CARTESIAN_POINT('',(1.6877600952214,2.01674033981214,0.508862837394616));
#1023=CARTESIAN_POINT('',(1.7022071790886,1.93537206519257,0.725826404364263));
#1024=CARTESIAN_POINT('',(1.71666058537912,1.8539681816791,0.942884920288814));
#1025=CARTESIAN_POINT('',(1.73038667303928,1.73385814720493,1.1489051828878));
#1026=CARTESIAN_POINT('',(1.74423220099939,1.58504030647245,1.32670125757751));
#1027=CARTESIAN_POINT('',(1.75807251211707,1.43627853866317,1.50443034066464));
#1028=CARTESIAN_POINT('',(1.7733456185226,1.25478229502618,1.65882590189014));
#1029=CARTESIAN_POINT('',(1.78805153759453,1.05555714957285,1.77715730985911));
#1030=CARTESIAN_POINT('',(1.80276035290871,0.856292767926344,1.89551202248657));
#1031=CARTESIAN_POINT('',(1.81695320434582,0.633765819310602,1.98105381728374));
#1032=CARTESIAN_POINT('',(1.83059653022842,0.40646403962151,2.02664155303659));
#1033=CARTESIAN_POINT('',(1.84423748533701,0.179201757717498,2.07222136709789));
#1034=CARTESIAN_POINT('',(1.85846022105897,-0.059055338751573,2.07910816228046));
#1035=CARTESIAN_POINT('',(1.87337519293381,-0.288496806407506,2.04676784044811));
#1036=CARTESIAN_POINT('',(1.88829000584956,-0.517935828748423,2.01442786328874));
#1037=CARTESIAN_POINT('',(1.90332658562159,-0.744953543224277,1.94197022060146));
#1038=CARTESIAN_POINT('',(1.91730769696728,-0.950746537068296,1.83536645448604));
#1039=CARTESIAN_POINT('',(1.93129228986681,-1.15659077715227,1.72873614207243));
#1040=CARTESIAN_POINT('',(1.94474439262912,-1.34685774761958,1.58498904218508));
#1041=CARTESIAN_POINT('',(1.95924912875461,-1.50566268780147,1.4161457801238));
#1042=CARTESIAN_POINT('',(1.97374984945302,-1.6644236651252,1.24734925988537));
#1043=CARTESIAN_POINT('',(1.98918269503008,-1.7961588889585,1.04881165021324));
#1044=CARTESIAN_POINT('',(2.00346387350152,-1.88998928817152,0.836916656900144));
#1045=CARTESIAN_POINT('',(2.01775002732955,-1.98385237654221,0.624947842427777));
#1046=CARTESIAN_POINT('',(2.03130536294712,-2.0423507488945,0.393758681022764));
#1047=CARTESIAN_POINT('',(2.04514990944772,-2.06059230929144,0.162629440412711));
#1048=CARTESIAN_POINT('',(2.05898922869718,-2.0788269822676,-0.0684125333022189));
#1049=CARTESIAN_POINT('',(2.0744042866447,-2.05735715766334,-0.3057058405616));
#1050=CARTESIAN_POINT('',(2.08919916859391,-1.99798344746489,-0.529670787996026));
#1051=CARTESIAN_POINT('',(2.1039978510285,-1.93859448544366,-0.753693267184412));
#1052=CARTESIAN_POINT('',(2.11828047512239,-1.83962235064698,-0.97057838886442));
#1053=CARTESIAN_POINT('',(2.13200341441787,-1.70926495004849,-1.16228324023696));
#1054=CARTESIAN_POINT('',(2.14572435870686,-1.57892650048197,-1.353960222039));
#1055=CARTESIAN_POINT('',(2.1600548614846,-1.41364575437698,-1.52570997548633));
#1056=CARTESIAN_POINT('',(2.17489376082962,-1.22718038316107,-1.66328509498061));
#1057=CARTESIAN_POINT('',(2.18973257372255,-1.04071609830074,-1.8008594129561));
#1058=CARTESIAN_POINT('',(2.20455995594737,-0.82787810459284,-1.908096244217));
#1059=CARTESIAN_POINT('',(2.2183939576713,-0.60628786510228,-1.97608300044045));
#1060=CARTESIAN_POINT('',(2.23222959503751,-0.384671426224808,-2.04407779497521));
#1061=CARTESIAN_POINT('',(2.24563371746656,-0.148195802166149,-2.07466688669496));
#1062=CARTESIAN_POINT('',(2.26022400182521,0.0833819942672938,-2.06531751627492));
#1063=CARTESIAN_POINT('',(2.27481078492071,0.314904218459411,-2.0559703894442));
#1064=CARTESIAN_POINT('',(2.29033669243699,0.54795491066304,-2.00647219078476));
#1065=CARTESIAN_POINT('',(2.30470494924075,0.763300732463712,-1.92090108850517));
#1066=CARTESIAN_POINT('',(2.3190795580133,0.978741755091904,-1.83529215665601));
#1067=CARTESIAN_POINT('',(2.33272140679306,1.18239308044674,-1.71119616016762));
#1068=CARTESIAN_POINT('',(2.34663749676301,1.35726042270675,-1.55895257944361));
#1069=CARTESIAN_POINT('',(2.36054822880957,1.53206043816567,-1.40676761500063));
#1070=CARTESIAN_POINT('',(2.3759460234949,1.68289457599537,-1.22231298708335));
#1071=CARTESIAN_POINT('',(2.39059610765067,1.79733354703768,-1.02082374614472));
#1072=CARTESIAN_POINT('',(2.40524956522864,1.91179886953045,-0.819288109002942));
#1073=CARTESIAN_POINT('',(2.41932240400688,1.99300314499085,-0.595126101830769));
#1074=CARTESIAN_POINT('',(2.43296182799823,2.03416303095783,-0.366973791277329));
#1075=CARTESIAN_POINT('',(2.44659820781574,2.0753137304776,-0.138872401884348));
#1076=CARTESIAN_POINT('',(2.46103481704317,2.0775669499546,0.0994550649641787));
#1077=CARTESIAN_POINT('',(2.47596241825015,2.04077463308583,0.328219281812302));
#1078=CARTESIAN_POINT('',(2.49089055938154,2.00398098545602,0.556991772956049));
#1079=CARTESIAN_POINT('',(2.50580947210902,1.92711956421724,0.782572012888901));
#1080=CARTESIAN_POINT('',(2.51972724714091,1.81652883196288,0.986261629917524));
#1081=CARTESIAN_POINT('',(2.53364761804777,1.70591747286898,1.18998923813185));
#1082=CARTESIAN_POINT('',(2.54716713674818,1.55850530456742,1.37741442710023));
#1083=CARTESIAN_POINT('',(2.56177191291534,1.38661868404566,1.53289843925013));
#1084=CARTESIAN_POINT('',(2.57637320274717,1.21477309492296,1.68834533550044));
#1085=CARTESIAN_POINT('',(2.59173066865443,1.01370913768627,1.81620178489584));
#1086=CARTESIAN_POINT('',(2.60593286679663,0.80002553263206,1.90589825204201));
#1087=CARTESIAN_POINT('',(2.62013986670348,0.586269681128972,1.99562504557296));
#1088=CARTESIAN_POINT('',(2.6336226396875,0.353984638745766,2.04961801977654));
#1089=CARTESIAN_POINT('',(2.64755637266986,0.122551699027014,2.06336377817039));
#1090=CARTESIAN_POINT('',(2.66148491980845,-0.108795106195638,2.07710442068068));
#1091=CARTESIAN_POINT('',(2.67702002282446,-0.345617828971103,2.05103004254636));
#1092=CARTESIAN_POINT('',(2.69175891146345,-0.568389794831977,1.98731528478268));
#1093=CARTESIAN_POINT('',(2.70650217912277,-0.791227947702545,1.92358159694729));
#1094=CARTESIAN_POINT('',(2.72066439355993,-1.00616340141293,1.82040440973137));
#1095=CARTESIAN_POINT('',(2.73438240977512,-1.19530427466178,1.6863382492772));
#1096=CARTESIAN_POINT('',(2.74809763064513,-1.38440660632998,1.55229940772901));
#1097=CARTESIAN_POINT('',(2.76262920889187,-1.55289802136869,1.38372352813625));
#1098=CARTESIAN_POINT('',(2.77746642833728,-1.68682057820129,1.19462351264183));
#1099=CARTESIAN_POINT('',(2.79230421699441,-1.8207482728085,1.0055162425573));
#1100=CARTESIAN_POINT('',(2.80701025807796,-1.92383352217436,0.790621331322353));
#1101=CARTESIAN_POINT('',(2.82078837007254,-1.98750034913357,0.567742337855787));
#1102=CARTESIAN_POINT('',(2.83456730283363,-2.05117096874588,0.34485006741677));
#1103=CARTESIAN_POINT('',(2.84807068275711,-2.07715399121963,0.107838952672383));
#1104=CARTESIAN_POINT('',(2.86276177047066,-2.0633073005115,-0.12349892167926));
#1105=CARTESIAN_POINT('',(2.87744991361457,-2.04946338512852,-0.354790428430666));
#1106=CARTESIAN_POINT('',(2.8929002476001,-1.99544606202009,-0.586841545379099));
#1107=CARTESIAN_POINT('',(2.90718908320987,-1.90570359877084,-0.800489096510296));
#1108=CARTESIAN_POINT('',(2.92148406058051,-1.81592256157726,-1.01422847962877));
#1109=CARTESIAN_POINT('',(2.93505259311853,-1.68788941585315,-1.21543067580857));
#1110=CARTESIAN_POINT('',(2.94905605939919,-1.53228094756396,-1.38730101194099));
#1111=CARTESIAN_POINT('',(2.96305420819903,-1.37673156786256,-1.5591060844309));
#1112=CARTESIAN_POINT('',(2.97854269851225,-1.18938708112717,-1.70632444803099));
#1113=CARTESIAN_POINT('',(2.99313001931201,-0.985709406750244,-1.81682854596797));
#1114=CARTESIAN_POINT('',(3.00772116202505,-0.781978368330746,-1.92736159624548));
#1115=CARTESIAN_POINT('',(3.02167844151066,-0.556266378199647,-2.00419740089016));
#1116=CARTESIAN_POINT('',(3.03532715627039,-0.327350702701727,-2.04091413769435));
#1117=CARTESIAN_POINT('',(3.048972207213,-0.0984964765918489,-2.07762101837575));
#1118=CARTESIAN_POINT('',(3.06362430640004,0.13981203008954,-2.0752413465381));
#1119=CARTESIAN_POINT('',(3.07855043027426,0.367814494667989,-2.03401118421511));
#1120=CARTESIAN_POINT('',(3.09347777551233,0.595835616063703,-1.99277764814084));
#1121=CARTESIAN_POINT('',(3.10827504021982,0.819893819268969,-1.91154064940922));
#1122=CARTESIAN_POINT('',(3.12213623484091,1.02140306210573,-1.79700439195931));
#1123=CARTESIAN_POINT('',(3.13599911032855,1.22293674079771,-1.68245424536285));
#1124=CARTESIAN_POINT('',(3.14962457482771,1.40744802037885,-1.53143499238097));
#1125=CARTESIAN_POINT('',(3.16431038743521,1.55955376452131,-1.35656959112588));
#1126=CARTESIAN_POINT('',(3.17899331447072,1.71162962185492,-1.1817385486575));
#1127=CARTESIAN_POINT('',(3.19426440697001,1.83555963828088,-0.978222304998691));
#1128=CARTESIAN_POINT('',(3.20838830366657,1.9210881585352,-0.762829789098363));
#1129=CARTESIAN_POINT('',(3.22251663578567,2.00664353788759,-0.547369632033521));
#1130=CARTESIAN_POINT('',(3.23593907636713,2.05610999104692,-0.31407957977695));
#1131=CARTESIAN_POINT('',(3.24997952761281,2.06535558176026,-0.0824337363689884));
#1132=CARTESIAN_POINT('',(3.26401496898126,2.07459787348601,0.149129451772815));
#1133=CARTESIAN_POINT('',(3.27963212888947,2.04392963667851,0.385394838983544));
#1134=CARTESIAN_POINT('',(3.29430802972205,1.97589806029174,0.606890315736978));
#1135=CARTESIAN_POINT('',(3.30898887120653,1.90784358102895,0.828460359091906));
#1136=CARTESIAN_POINT('',(3.32303509396771,1.8005002275224,1.0413643673698));
#1137=CARTESIAN_POINT('',(3.33676128903492,1.6627766852634,1.22786916849657));
#1138=CARTESIAN_POINT('',(3.35048394500576,1.52508865298269,1.41432588211898));
#1139=CARTESIAN_POINT('',(3.36521496381751,1.35328160471864,1.57949694528192));
#1140=CARTESIAN_POINT('',(3.38003757324814,1.16161715901779,1.70971768894032));
#1141=CARTESIAN_POINT('',(3.3948613735058,0.969937315272371,1.83994889434508));
#1142=CARTESIAN_POINT('',(3.40944348876703,0.753065935976054,1.93884327713849));
#1143=CARTESIAN_POINT('',(3.4231736446621,0.528982477672873,1.9981657935004));
#1144=CARTESIAN_POINT('',(3.43690380733651,0.304898908727106,2.05748833915316));
#1145=CARTESIAN_POINT('',(3.45054264457088,0.0674439403358127,2.07885622576852));
#1146=CARTESIAN_POINT('',(3.46531542889623,-0.16356818523823,2.06051800496328));
#1147=CARTESIAN_POINT('',(3.48008589081083,-0.394543993688209,2.04218266708655));
#1148=CARTESIAN_POINT('',(3.49544963277505,-0.625509845973132,1.98366546627764));
#1149=CARTESIAN_POINT('',(3.50965969039319,-0.837379143933604,1.88978442402964));
#1150=CARTESIAN_POINT('',(3.52387547112836,-1.04933377249735,1.79586557108396));
#1151=CARTESIAN_POINT('',(3.53738285841894,-1.24800798040372,1.66394520417569));
#1152=CARTESIAN_POINT('',(3.55149109287638,-1.41681445854556,1.50503348469603));
#1153=CARTESIAN_POINT('',(3.56559419036277,-1.5855594722998,1.34617962680809));
#1154=CARTESIAN_POINT('',(3.58113352662609,-1.72910881870479,1.15601436908304));
#1155=CARTESIAN_POINT('',(3.59565236757026,-1.83563663536474,0.950224785462263));
#1156=CARTESIAN_POINT('',(3.61017544704255,-1.94219555100495,0.744375125080334));
#1157=CARTESIAN_POINT('',(3.62402294018748,-2.01463322653166,0.517199035128446));
#1158=CARTESIAN_POINT('',(3.63769501523073,-2.04689296742375,0.287607684026719));
#1159=CARTESIAN_POINT('',(3.6513628702058,-2.07914275091684,0.0580871993556275));
#1160=CARTESIAN_POINT('',(3.66622536681439,-2.07213230754049,-0.18011344954869));
#1161=CARTESIAN_POINT('',(3.68113700714123,-2.02647978528927,-0.407269787504488));
#1162=CARTESIAN_POINT('',(3.69605052758346,-1.98082150699731,-0.634454766180962));
#1163=CARTESIAN_POINT('',(3.71072354098847,-1.89523859875567,-0.856906631325996));
#1164=CARTESIAN_POINT('',(3.72453603464361,-1.77679965236182,-1.05615907673367));
#1165=CARTESIAN_POINT('',(3.73834928763759,-1.65835419481252,-1.2554224760014));
#1166=CARTESIAN_POINT('',(3.75211278664518,-1.50378664669007,-1.43694927927273));
#1167=CARTESIAN_POINT('',(3.7668615050398,-1.32600769244986,-1.58562057238288));
#1168=CARTESIAN_POINT('',(3.78160799081804,-1.14825564984991,-1.73426936008244));
#1169=CARTESIAN_POINT('',(3.79678306704348,-0.94236199325173,-1.85422632142909));
#1170=CARTESIAN_POINT('',(3.81083056397283,-0.725340861769168,-1.93555408972417));
#1171=CARTESIAN_POINT('',(3.82488197124342,-0.508259319048496,-2.01690449688));
#1172=CARTESIAN_POINT('',(3.83825752688363,-0.274054966283288,-2.06182490751631));
#1173=CARTESIAN_POINT('',(3.85242273713626,-0.0422865851252441,-2.06656740628474));
#1174=CARTESIAN_POINT('',(3.86658320774349,0.18940424688795,-2.07130831822445));
#1175=CARTESIAN_POINT('',(3.88223852403459,0.425025922637254,-2.03605801333006));
#1176=CARTESIAN_POINT('',(3.89684565426586,0.645161491552652,-1.96373512720468));
#1177=CARTESIAN_POINT('',(3.91145826101748,0.86537959392281,-1.89138512570816));
#1178=CARTESIAN_POINT('',(3.92539421973186,1.07617060371333,-1.77991597510348));
#1179=CARTESIAN_POINT('',(3.93914256068113,1.25996779741133,-1.63858785223327));
#1180=CARTESIAN_POINT('',(3.95288669091292,1.44370869936777,-1.49730301406185));
#1181=CARTESIAN_POINT('',(3.96780901169857,1.60549867199402,-1.32232942663679));
#1182=CARTESIAN_POINT('',(3.98260520514771,1.73196935740008,-1.12817159378667));
#1183=CARTESIAN_POINT('',(3.99740317318332,1.8584552111105,-0.933990474551308));
#1184=CARTESIAN_POINT('',(4.01186015360451,1.95312065780371,-0.715223884036482));
#1185=CARTESIAN_POINT('',(4.02555138724224,2.00807585219213,-0.490020787153821));
#1186=CARTESIAN_POINT('',(4.03924183179407,2.0630278792714,-0.264830669714479));
#1187=CARTESIAN_POINT('',(4.05304567696379,2.07977315741518,-0.027022987386476));
#1188=CARTESIAN_POINT('',(4.06788192960736,2.0569504259182,0.203577860571647));
#1189=CARTESIAN_POINT('',(4.08271652913516,2.03413023742302,0.434153014043129));
#1190=CARTESIAN_POINT('',(4.09798401069947,1.97113368578851,0.663948021154226));
#1191=CARTESIAN_POINT('',(4.11211715259059,1.87314811030755,0.873959470943172));
#1192=CARTESIAN_POINT('',(4.12625542773381,1.77512694580719,1.0840471983018));
#1193=CARTESIAN_POINT('',(4.13971505345026,1.63937028005014,1.28011579912389));
#1194=CARTESIAN_POINT('',(4.15394595020628,1.47721763793681,1.44579287941544));
#1195=CARTESIAN_POINT('',(4.16817199035066,1.31512033403734,1.61141341869982));
#1196=CARTESIAN_POINT('',(4.18371665362519,1.12220389649188,1.75124150561365));
#1197=CARTESIAN_POINT('',(4.19816251452903,0.914379754714694,1.85375258979405));
#1198=CARTESIAN_POINT('',(4.21261298751752,0.706489261576216,1.95629640236647));
#1199=CARTESIAN_POINT('',(4.22635776223147,0.477935873920693,2.0243074949978));
#1200=CARTESIAN_POINT('',(4.24006808386336,0.247757176336581,2.05209780019709));
#1201=CARTESIAN_POINT('',(4.25377370805504,0.0176573427427226,2.07987858386211));
#1202=CARTESIAN_POINT('',(4.2688348678323,-0.220346951021676,2.06824084652114));
#1203=CARTESIAN_POINT('',(4.28372014419549,-0.446572870149651,2.01818276467874));
#1204=CARTESIAN_POINT('',(4.29860793580522,-0.672837015908048,1.96811622424855));
#1205=CARTESIAN_POINT('',(4.3131554698048,-0.893598529245222,1.87821850375264));
#1206=CARTESIAN_POINT('',(4.32692823849513,-1.09051834252971,1.75592105306766));
#1207=CARTESIAN_POINT('',(4.34070085608982,-1.28743599548419,1.63362494406003));
#1208=CARTESIAN_POINT('',(4.35462797087475,-1.46590923097562,1.47556864870902));
#1209=CARTESIAN_POINT('',(4.36942238895796,-1.61109097177401,1.2949420375709));
#1210=CARTESIAN_POINT('',(4.38421525786735,-1.75625751009881,1.11433434045924));
#1211=CARTESIAN_POINT('',(4.39928602902417,-1.87219578850857,0.906139031339435));
#1212=CARTESIAN_POINT('',(4.41326023561233,-1.94929119289273,0.687570247546266));
#1213=CARTESIAN_POINT('',(4.42723770490163,-2.02640459753057,0.468950432260565));
#1214=CARTESIAN_POINT('',(4.44058100381019,-2.06676101083118,0.233922344401324));
#1215=CARTESIAN_POINT('',(4.45488944034183,-2.06699891139422,0.00212138990486837));
#1216=CARTESIAN_POINT('',(4.46919346307972,-2.06723673857089,-0.229608059811773));
#1217=CARTESIAN_POINT('',(4.48483732474905,-2.02741725080648,-0.464500010160451));
#1218=CARTESIAN_POINT('',(4.49937111943351,-1.9508298757698,-0.683192356371495));
#1219=CARTESIAN_POINT('',(4.51391088139833,-1.87421105551532,-0.901974493209982));
#1220=CARTESIAN_POINT('',(4.52774358977862,-1.75865811108471,-1.11057106334123));
#1221=CARTESIAN_POINT('',(4.54152884566585,-1.61377980801922,-1.29158961409166));
#1222=CARTESIAN_POINT('',(4.55530931474753,-1.46895181263542,-1.47254530778593));
#1223=CARTESIAN_POINT('',(4.57040836495549,-1.29087703834038,-1.63089474000144));
#1224=CARTESIAN_POINT('',(4.58516748337748,-1.09429777466588,-1.7535681852615));
#1225=CARTESIAN_POINT('',(4.59992892261397,-0.897687599659683,-1.87626092044811));
#1226=CARTESIAN_POINT('',(4.61426093430077,-0.677107869192312,-1.96666068250835));
#1227=CARTESIAN_POINT('',(4.62792335083248,-0.450870486541993,-2.01722700863472));
#1228=CARTESIAN_POINT('',(4.64158421296993,-0.224658843268685,-2.06778758175194));
#1229=CARTESIAN_POINT('',(4.65557590537216,0.0134108727871572,-2.07990441134061));
#1230=CARTESIAN_POINT('',(4.6704583257899,0.243515157095261,-2.05260550721874));
#1231=CARTESIAN_POINT('',(4.68533979000275,0.473604657058131,-2.02530835706866));
#1232=CARTESIAN_POINT('',(4.70050269952147,0.702143314229198,-1.95785440543508));
#1233=CARTESIAN_POINT('',(4.71456199460608,0.910217710355492,-1.85579975206249));
#1234=CARTESIAN_POINT('',(4.72862570026851,1.11835738203867,-1.75371308286068));
#1235=CARTESIAN_POINT('',(4.74205595362833,1.31174386467031,-1.61417229396672));
#1236=CARTESIAN_POINT('',(4.75642389238388,1.47422753751016,-1.44884166410507));
#1237=CARTESIAN_POINT('',(4.77078732176198,1.63666021485084,-1.28356292326002));
#1238=CARTESIAN_POINT('',(4.78629036538902,1.77271574858125,-1.08796559415733));
#1239=CARTESIAN_POINT('',(4.80065997251424,1.87117075497901,-0.878185063475463));
#1240=CARTESIAN_POINT('',(4.81503448421736,1.9696593656531,-0.668332931326317));
#1241=CARTESIAN_POINT('',(4.82868486966649,2.03321672942635,-0.438490397435931));
#1242=CARTESIAN_POINT('',(4.84244905958229,2.05652679672034,-0.207813701115153));
#1243=CARTESIAN_POINT('',(4.856208189142,2.07982829414994,0.0227781877282501));
#1244=CARTESIAN_POINT('',(4.87144971246848,2.06356831914216,0.260498016027518));
#1245=CARTESIAN_POINT('',(4.88629789443049,2.00912305349866,0.485709332729192));
#1246=CARTESIAN_POINT('',(4.90114920534618,1.95466631461791,0.710968108155421));
#1247=CARTESIAN_POINT('',(4.91557141011282,1.8604865469531,0.929955670936755));
#1248=CARTESIAN_POINT('',(4.92931449750446,1.7343763285571,1.12446776340667));
#1249=CARTESIAN_POINT('',(4.9430565477829,1.60827562698718,1.31896517714731));
#1250=CARTESIAN_POINT('',(4.95716629536213,1.44679107042904,1.4943173444518));
#1251=CARTESIAN_POINT('',(4.97199017579769,1.26338356854553,1.63595567138262));
#1252=CARTESIAN_POINT('',(4.98681319976455,1.07998666326555,1.77758581497753));
#1253=CARTESIAN_POINT('',(5.00177274248838,0.869566527625266,1.88946101925933));
#1254=CARTESIAN_POINT('',(5.01567796502367,0.649531849114551,1.9622939068819));
#1255=CARTESIAN_POINT('',(5.02958571568237,0.429457165863006,2.03514003632987));
#1256=CARTESIAN_POINT('',(5.0429295132642,0.193696893438515,2.07091634050797));
#1257=CARTESIAN_POINT('',(5.05738200099304,-0.038048165670529,2.06664978578595));
#1258=CARTESIAN_POINT('',(5.07183045503097,-0.269728544707981,2.06238442185982));
#1259=CARTESIAN_POINT('',(5.08742675328479,-0.503804479572127,2.01800985785476));
#1260=CARTESIAN_POINT('',(5.10188390198641,-0.720970910133474,1.93718608985853));
#1261=CARTESIAN_POINT('',(5.11634734886659,-0.938231948074539,1.85632711142535));
#1262=CARTESIAN_POINT('',(5.1300850356259,-1.14455196330528,1.73673488132027));
#1263=CARTESIAN_POINT('',(5.14392265086969,-1.3227208840827,1.58836345425456));
#1264=CARTESIAN_POINT('',(5.1577550828719,-1.5008230670198,1.4400476035967));
#1265=CARTESIAN_POINT('',(5.17300993446637,-1.65567414104792,1.25893804241771));
#1266=CARTESIAN_POINT('',(5.18772249090972,-1.77450464618774,1.06001050025843));
#1267=CARTESIAN_POINT('',(5.202437879881,-1.89335802911405,0.861044659668682));
#1268=CARTESIAN_POINT('',(5.2166464719316,-1.97945717256169,0.638734841711861));
#1269=CARTESIAN_POINT('',(5.2302912146774,-2.02561504539549,0.411549131778231));
#1270=CARTESIAN_POINT('',(5.24393367709076,-2.07176520424764,0.184401389504118));
#1271=CARTESIAN_POINT('',(5.25812928314323,-2.07924984532723,-0.0538400965769263));
#1272=CARTESIAN_POINT('',(5.27304154220237,-2.04748492816263,-0.283362786806638));
#1273=CARTESIAN_POINT('',(5.28795355131839,-2.01572054340715,-0.512881630025806));
#1274=CARTESIAN_POINT('',(5.30300495252967,-1.94383310019036,-0.740078651211009));
#1275=CARTESIAN_POINT('',(5.3169946692333,-1.83774671957514,-0.946137407933334));
#1276=CARTESIAN_POINT('',(5.3309879782335,-1.73163309796928,-1.15224907667538));
#1277=CARTESIAN_POINT('',(5.34443451829528,-1.58836308407356,-1.3428773863664));
#1278=CARTESIAN_POINT('',(5.35892491914503,-1.41991717939531,-1.50210658864745));
#1279=CARTESIAN_POINT('',(5.37341124233007,-1.25151867616082,-1.66129098310671));
#1280=CARTESIAN_POINT('',(5.38885294367578,-1.05331239989025,-1.79352316023539));
#1281=CARTESIAN_POINT('',(5.40314429865362,-0.841653971575903,-1.88788442234436));
#1282=CARTESIAN_POINT('',(5.41744063579105,-0.629921756271387,-1.98227858006527));
#1283=CARTESIAN_POINT('',(5.43100616078639,-0.398880625068108,-2.0413566647537));
#1284=CARTESIAN_POINT('',(5.44484044703764,-0.167797207619514,-2.06017792850887));
#1285=CARTESIAN_POINT('',(5.45866951262806,0.0631990056087519,-2.07899208966166));
#1286=CARTESIAN_POINT('',(5.47406662710602,0.300546693638646,-2.05811711662513));
#1287=CARTESIAN_POINT('',(5.48886816210484,0.524659485401187,-1.99930523542019));
#1288=CARTESIAN_POINT('',(5.50367342185435,0.748828674306063,-1.94047855442622));
#1289=CARTESIAN_POINT('',(5.51797183579094,0.965959391441091,-1.84205176150166));
#1290=CARTESIAN_POINT('',(5.53169631766317,1.15798979288509,-1.71217657955421));
#1291=CARTESIAN_POINT('',(5.54541891132166,1.34999377479325,-1.58231926582969));
#1292=CARTESIAN_POINT('',(5.5597236884423,1.52215937122387,-1.41746832043878));
#1293=CARTESIAN_POINT('',(5.57456180560285,1.66020214603703,-1.23134797449544));
#1294=CARTESIAN_POINT('',(5.58939974962336,1.79824331008434,-1.04522980031589));
#1295=CARTESIAN_POINT('',(5.60424252924503,1.90601290292911,-0.832663030645547));
#1296=CARTESIAN_POINT('',(5.61808426245167,1.9745552197873,-0.611245191400899));
#1297=CARTESIAN_POINT('',(5.63192773540261,2.0431061516147,-0.389799522518245));
#1298=CARTESIAN_POINT('',(5.64532202794061,2.07428882620422,-0.153399695440031));
#1299=CARTESIAN_POINT('',(5.65989787055235,2.06552010976165,0.0782027887624092));
#1300=CARTESIAN_POINT('',(5.67447014563871,2.05675353951531,0.30974858686));
#1301=CARTESIAN_POINT('',(5.69000493226982,2.00783978862041,0.542922004426069));
#1302=CARTESIAN_POINT('',(5.704383420176,1.92280924928702,0.7584811077781));
#1303=CARTESIAN_POINT('',(5.71876827022518,1.83774108593822,0.97413559096765));
#1304=CARTESIAN_POINT('',(5.73242040161934,1.71415669187897,1.17809712240232));
#1305=CARTESIAN_POINT('',(5.74632645498315,1.56235174266252,1.35334623515174));
#1306=CARTESIAN_POINT('',(5.76022715754086,1.41060520533522,1.52852791510796));
#1307=CARTESIAN_POINT('',(5.77561064757426,1.22652846836023,1.67982467244125));
#1308=CARTESIAN_POINT('',(5.79026835115498,1.02532713728127,1.79476830302816));
#1309=CARTESIAN_POINT('',(5.80492936819831,0.824080323423577,1.90973791731851));
#1310=CARTESIAN_POINT('',(5.81901747047598,0.600124528295156,1.99150364306355));
#1311=CARTESIAN_POINT('',(5.83265667579723,0.372077076334339,2.03323575840739));
#1312=CARTESIAN_POINT('',(5.84629292097456,0.144079117966398,2.07495881654709));
#1313=CARTESIAN_POINT('',(5.86070170015576,-0.0942442979320193,2.07780991265153));
#1314=CARTESIAN_POINT('',(5.87562848739759,-0.323100653934126,2.04159128314835));
#1315=CARTESIAN_POINT('',(5.89055572520088,-0.551963917909696,2.00537156039465));
#1316=CARTESIAN_POINT('',(5.90549007369697,-0.777734396231956,1.92907681836411));
#1317=CARTESIAN_POINT('',(5.91941566561493,-0.981699756654462,1.81899823743306));
#1318=CARTESIAN_POINT('',(5.93334396988169,-1.18570484430743,1.70889821601258));
#1319=CARTESIAN_POINT('',(5.94685248933897,-1.37350080360182,1.5619557216456));
#1320=CARTESIAN_POINT('',(5.96144544272627,-1.52941657217801,1.39045817943124));
#1321=CARTESIAN_POINT('',(5.97603483711563,-1.68529431528499,1.21900246284218));
#1322=CARTESIAN_POINT('',(5.99140267577871,-1.81365395489655,1.01826034205475));
#1323=CARTESIAN_POINT('',(6.00561505286655,-1.903885772595,0.80480305970489));
#1324=CARTESIAN_POINT('',(6.01983226562055,-1.99414829106533,0.591273149943771));
#1325=CARTESIAN_POINT('',(6.03332374046244,-2.04872383107631,0.359124402510185));
#1326=CARTESIAN_POINT('',(6.04724499196522,-2.06304997195199,0.127725538671364));
#1327=CARTESIAN_POINT('',(6.06116104385327,-2.07737076198598,-0.10358689723829));
#1328=CARTESIAN_POINT('',(6.07668266457015,-2.05188994499004,-0.340475223725306));
#1329=CARTESIAN_POINT('',(6.09142919676522,-1.98873399040695,-0.563405817683884));
#1330=CARTESIAN_POINT('',(6.10618003418739,-1.92555959754133,-0.786401495882001));
#1331=CARTESIAN_POINT('',(6.12035756511035,-1.82292284532665,-1.00159312192211));
#1332=CARTESIAN_POINT('',(6.13407549929032,-1.68933237835489,-1.19106889617764));
#1333=CARTESIAN_POINT('',(6.14779073847966,-1.55576815622809,-1.38050744650221));
#1334=CARTESIAN_POINT('',(6.16229632506158,-1.38761387642903,-1.54942280599491));
#1335=CARTESIAN_POINT('',(6.17713451133576,-1.19884988785656,-1.6838194518375));
#1336=CARTESIAN_POINT('',(6.19197318399875,-1.01007971168877,-1.81822050313932));
#1337=CARTESIAN_POINT('',(6.20669505640552,-0.795445706943659,-1.92184367522624));
#1338=CARTESIAN_POINT('',(6.22047995777054,-0.572728280310884,-1.98606931322452));
#1339=CARTESIAN_POINT('',(6.23426578542166,-0.349995888024688,-2.05029926690952));
#1340=CARTESIAN_POINT('',(6.24775418394805,-0.113048708986422,-2.07687716677279));
#1341=CARTESIAN_POINT('',(6.26243335634562,0.118324952951375,-2.06361047814481));
#1342=CARTESIAN_POINT('',(6.27710950830937,0.34965100669874,-2.05034651931345));
#1343=CARTESIAN_POINT('',(6.29257024140985,0.581835919881695,-1.99691125591997));
#1344=CARTESIAN_POINT('',(6.30686931474501,0.79570710671006,-1.90770521840538));
#1345=CARTESIAN_POINT('',(6.32117456942862,1.00967074794411,-1.81846061800018));
#1346=CARTESIAN_POINT('',(6.33475190427892,1.2111934194987,-1.69093270857769));
#1347=CARTESIAN_POINT('',(6.348743130399,1.38345425182375,-1.5357549717031));
#1348=CARTESIAN_POINT('',(6.3627290250825,1.55564944317531,-1.38063636619096));
#1349=CARTESIAN_POINT('',(6.37820792987402,1.70333737268872,-1.19366089378917));
#1350=CARTESIAN_POINT('',(6.3928036960766,1.8143515442596,-0.990261315937778));
#1351=CARTESIAN_POINT('',(6.40740322798078,1.92539435744049,-0.786809261080026));
#1352=CARTESIAN_POINT('',(6.42137512163543,2.00279552902306,-0.561292460877824));
#1353=CARTESIAN_POINT('',(6.43502186497441,2.04008638393422,-0.332470368734115));
#1354=CARTESIAN_POINT('',(6.44866502113641,2.07736743658757,-0.103708424665482));
#1355=CARTESIAN_POINT('',(6.4632894600163,2.07558546786879,0.134607532618815));
#1356=CARTESIAN_POINT('',(6.47821652889232,2.0349270888654,0.362713031199296));
#1357=CARTESIAN_POINT('',(6.49314473241446,1.99426561931075,0.590835868683944));
#1358=CARTESIAN_POINT('',(6.50795786904808,1.91359157500198,0.815095206645418));
#1359=CARTESIAN_POINT('',(6.52182594511886,1.7995620397687,1.01689009485958));
#1360=CARTESIAN_POINT('',(6.53569582091681,1.6855177063722,1.21871117097046));
#1361=CARTESIAN_POINT('',(6.54930567490966,1.53496059691308,1.40360243643928));
#1362=CARTESIAN_POINT('',(6.56398206898421,1.36047590326261,1.55614726701614));
#1363=CARTESIAN_POINT('',(6.57865549658942,1.1860264773688,1.70866126443593));
#1364=CARTESIAN_POINT('',(6.59393830449035,0.982822468718078,1.83310055872529));
#1365=CARTESIAN_POINT('',(6.60807222345425,0.767645959097323,1.91916874752627));
#1366=CARTESIAN_POINT('',(6.62221063478463,0.552401057140254,2.00526429249417));
#1367=CARTESIAN_POINT('',(6.6356401299579,0.319235583261314,2.05531594362296));
#1368=CARTESIAN_POINT('',(6.64966580733356,0.0876121246796906,2.06514239596429));
#1369=CARTESIAN_POINT('',(6.66368644599166,-0.143928123290745,2.07496531815754));
#1370=CARTESIAN_POINT('',(6.67929536162166,-0.380270286163673,2.04488919822454));
#1371=CARTESIAN_POINT('',(6.69397974055265,-0.601935160670023,1.9774132249859));
#1372=CARTESIAN_POINT('',(6.70866898883774,-0.823673539460851,1.90991487664998));
#1373=CARTESIAN_POINT('',(6.72272988391016,-1.036844256207,1.80310685752095));
#1374=CARTESIAN_POINT('',(6.73645425651966,-1.22369322680191,1.66585230037934));
#1375=CARTESIAN_POINT('',(6.7501751823394,-1.41049527145437,1.52863221385551));
#1376=CARTESIAN_POINT('',(6.76488078726088,-1.57609820733143,1.35723847376307));
#1377=CARTESIAN_POINT('',(6.77970596925748,-1.70679933723407,1.16590094880197));
#1378=CARTESIAN_POINT('',(6.79453226396475,-1.83751027696857,0.974549062917215));
#1379=CARTESIAN_POINT('',(6.80913046669297,-1.93694758288496,0.757928163048456));
#1380=CARTESIAN_POINT('',(6.82286632585003,-1.99683197862333,0.53399536434996));
#1381=CARTESIAN_POINT('',(6.83660229611222,-2.05671685874815,0.310060754327958));
#1382=CARTESIAN_POINT('',(6.8502218531769,-2.07868070094535,0.0726579260019239));
#1383=CARTESIAN_POINT('',(6.86498513935522,-2.06092166504511,-0.158401043392093));
#1384=CARTESIAN_POINT('',(6.8797460197843,-2.04316552306609,-0.389422360604026));
#1385=CARTESIAN_POINT('',(6.89512150680502,-1.98522782696566,-0.62053305772884));
#1386=CARTESIAN_POINT('',(6.90934165034412,-1.89187891030965,-0.832636288379001));
#1387=CARTESIAN_POINT('',(6.92356758145151,-1.79849200084238,-1.04482584459459));
#1388=CARTESIAN_POINT('',(6.93708213171803,-1.66707037159498,-1.24383063273966));
#1389=CARTESIAN_POINT('',(6.95117585199839,-1.50858139145136,-1.41303615854892));
#1390=CARTESIAN_POINT('',(6.96526440557016,-1.35015051281376,-1.58217965420399));
#1391=CARTESIAN_POINT('',(6.98079962087422,-1.16034532680008,-1.72620537997247));
#1392=CARTESIAN_POINT('',(6.99532757659316,-0.954823919455679,-1.83324856002543));
#1393=CARTESIAN_POINT('',(7.00985971916891,-0.749243282256947,-1.94032258918575));
#1394=CARTESIAN_POINT('',(7.02372100832126,-0.522251252571155,-2.01332939124639));
#1395=CARTESIAN_POINT('',(7.03738924927661,-0.292742137426786,-2.04616495937517));
#1396=CARTESIAN_POINT('',(7.05105333790995,-0.0633027456472282,-2.07899055227359));
#1397=CARTESIAN_POINT('',(7.06588920603198,0.174916801400648,-2.07257746310478));
#1398=CARTESIAN_POINT('',(7.08080340682846,0.402187055321326,-2.02749465413154));
#1399=CARTESIAN_POINT('',(7.09571940408476,0.629484684619519,-1.98240641479997));
#1400=CARTESIAN_POINT('',(7.11040854804246,0.852148547293245,-1.89738255410465));
#1401=CARTESIAN_POINT('',(7.12422684424925,1.05169646751027,-1.77944472806165));
#1402=CARTESIAN_POINT('',(7.13804601840362,1.25125706603514,-1.66149940882071));
#1403=CARTESIAN_POINT('',(7.15179013082481,1.43317287750569,-1.50738637686022));
#1404=CARTESIAN_POINT('',(7.16653171917312,1.58229044601135,-1.32997967821362));
#1405=CARTESIAN_POINT('',(7.18127098847493,1.73138455635447,-1.15260088798327));
#1406=CARTESIAN_POINT('',(7.19645894838769,1.85185675698364,-0.947009757924763));
#1407=CARTESIAN_POINT('',(7.21051615406538,1.93372836173238,-0.730194236509578));
#1408=CARTESIAN_POINT('',(7.22457734549292,2.0156231801797,-0.51331723968815));
#1409=CARTESIAN_POINT('',(7.23795815343539,2.06113122128086,-0.279225769871061));
#1410=CARTESIAN_POINT('',(7.25210623614512,2.06645488119157,-0.0474681366764732));
#1411=CARTESIAN_POINT('',(7.26624954041742,2.07177674306531,0.184211221646973));
#1412=CARTESIAN_POINT('',(7.28190260236247,2.0371169745019,0.419920798146737));
#1413=CARTESIAN_POINT('',(7.29651888857762,1.96534632916005,0.640236523838745));
#1414=CARTESIAN_POINT('',(7.31114058417111,1.8935491220385,0.860633786735027));
#1415=CARTESIAN_POINT('',(7.32509040339569,1.7826100107923,1.07170202010635));
#1416=CARTESIAN_POINT('',(7.33883507318802,1.64174397616705,1.25585258558447));
#1417=CARTESIAN_POINT('',(7.35257561414872,1.50092025701015,1.43994783313272));
#1418=CARTESIAN_POINT('',(7.367473934299,1.32635160074339,1.60217744555546));
#1419=CARTESIAN_POINT('',(7.38227415969459,1.13251147348998,1.72913468602465));
#1420=CARTESIAN_POINT('',(7.3970760865024,0.938649062659739,1.85610652131206));
#1421=CARTESIAN_POINT('',(7.41154923315673,0.720122422244472,1.95131973362227));
#1422=CARTESIAN_POINT('',(7.42524494356027,0.495059010460328,2.00683969867103));
#1423=CARTESIAN_POINT('',(7.4389399660744,0.270006902853412,2.06235687513892));
#1424=CARTESIAN_POINT('',(7.45272109398741,0.0322396273606321,2.0796989847589));
#1425=CARTESIAN_POINT('',(7.46755014936554,-0.198419085938098,2.05745446276108));
#1426=CARTESIAN_POINT('',(7.48237746330599,-0.429050712024056,2.03521255303007));
#1427=CARTESIAN_POINT('',(7.49765786143799,-0.659001602866666,1.97279278282988));
#1428=CARTESIAN_POINT('',(7.51180078092937,-0.869257235308619,1.87533486579427));
#1429=CARTESIAN_POINT('',(7.52594891805543,-1.07959043568681,1.77784099438538));
#1430=CARTESIAN_POINT('',(7.53941391290881,-1.27599956265132,1.64257643866941));
#1431=CARTESIAN_POINT('',(7.55362796122421,-1.44208407369057,1.48083845317712));
#1432=CARTESIAN_POINT('',(7.5678371125097,-1.60811136522403,1.31915618972381));
#1433=CARTESIAN_POINT('',(7.58338383985855,-1.74842251513891,1.12659081447412));
#1434=CARTESIAN_POINT('',(7.59783932766816,-1.85145412571185,0.919024820331271));
#1435=CARTESIAN_POINT('',(7.61229938243744,-1.95451828732824,0.711393249326566));
#1436=CARTESIAN_POINT('',(7.62605696921689,-2.02310210752935,0.48301266280187));
#1437=CARTESIAN_POINT('',(7.6397614923693,-2.05146976129198,0.252904761727894));
#1438=CARTESIAN_POINT('',(7.65346137449061,-2.07982780836038,0.0228747865994865));
#1439=CARTESIAN_POINT('',(7.66849779049856,-2.06878689644811,-0.215159802754783));
#1440=CARTESIAN_POINT('',(7.68338709620402,-2.01929628081061,-0.441510509845967));
#1441=CARTESIAN_POINT('',(7.69827883647554,-1.9697975729104,-0.667898227779804));
#1442=CARTESIAN_POINT('',(7.71284258219214,-1.88045480239643,-0.888882560042829));
#1443=CARTESIAN_POINT('',(7.72661993459741,-1.75865269119437,-1.08610759676691));
#1444=CARTESIAN_POINT('',(7.7403972522574,-1.63685088716665,-1.2833321361066));
#1445=CARTESIAN_POINT('',(7.75430204730459,-1.4792413783521,-1.46220321072913));
#1446=CARTESIAN_POINT('',(7.76909150194202,-1.29897847775251,-1.60783827368792));
#1447=CARTESIAN_POINT('',(7.78387931826793,-1.11873554589383,-1.75345720382721));
#1448=CARTESIAN_POINT('',(7.79896396626732,-0.910832933075903,-1.86991654841998));
#1449=CARTESIAN_POINT('',(7.81294741294742,-0.692459271230118,-1.94755979566417));
#1450=CARTESIAN_POINT('',(7.82693421151661,-0.474033264328907,-2.02522165431069));
#1451=CARTESIAN_POINT('',(7.84028081019237,-0.239106379701155,-2.06616792194708));
#1452=CARTESIAN_POINT('',(7.85456971555851,-0.0073045862319866,-2.06698709309468));
#1453=CARTESIAN_POINT('',(7.86885416326266,0.224424892807352,-2.06780600868819));
#1454=CARTESIAN_POINT('',(7.88450248526712,0.459415821455077,-2.02857532716283));
#1455=CARTESIAN_POINT('',(7.89904595625579,0.67829906620417,-1.9525366518422));
#1456=CARTESIAN_POINT('',(7.91359533474396,0.897271220448198,-1.87646708991705));
#1457=CARTESIAN_POINT('',(7.92744092717097,1.1061555182362,-1.76143866146249));
#1458=CARTESIAN_POINT('',(7.94122056363151,1.28753657728517,-1.61701532526838));
#1459=CARTESIAN_POINT('',(7.95499548116361,1.46885552118021,-1.4726414478094));
#1460=CARTESIAN_POINT('',(7.97007276986662,1.62765218618301,-1.29496312525915));
#1461=CARTESIAN_POINT('',(7.98483723035486,1.75081820715017,-1.09869222510741));
#1462=CARTESIAN_POINT('',(7.99960394319589,1.87400301738036,-0.902391383373257));
#1463=CARTESIAN_POINT('',(8.01395202231952,1.96495520299368,-0.682040964498895));
#1464=CARTESIAN_POINT('',(8.02761755262781,2.01608898815267,-0.455932222868196));
#1465=CARTESIAN_POINT('',(8.04128162523879,2.0672173188888,-0.229847600177375));
#1466=CARTESIAN_POINT('',(8.0552480324504,2.07993163374482,0.00819338544276414));
#1467=CARTESIAN_POINT('',(8.07012543423062,2.05320977953391,0.238366527067135));
#1468=CARTESIAN_POINT('',(8.08500178899363,2.0264898059095,0.468523469946388));
#1469=CARTESIAN_POINT('',(8.10017861088912,1.95960971234299,0.697229037549507));
#1470=CARTESIAN_POINT('',(8.11424722012664,1.85807805315253,0.905557810629949));
#1471=CARTESIAN_POINT('',(8.1283203393278,1.75651384603336,1.11395336751074));
#1472=CARTESIAN_POINT('',(8.1417521418947,1.61745830400382,1.30769023191948));
#1473=CARTESIAN_POINT('',(8.15610279104005,1.45253422293854,1.47058945025195));
#1474=CARTESIAN_POINT('',(8.17044888175711,1.28766252937078,1.63343692427673));
#1475=CARTESIAN_POINT('',(8.18595885856354,1.09240711403632,1.76998212142534));
#1476=CARTESIAN_POINT('',(8.2003384445298,0.882874618241943,1.86896265571686));
#1477=CARTESIAN_POINT('',(8.21472290772617,0.67327105376738,1.96797676196536));
#1478=CARTESIAN_POINT('',(8.22838496352729,0.443589803576707,2.03211028478172));
#1479=CARTESIAN_POINT('',(8.24214130407254,0.212972255572858,2.05599898306303));
#1480=CARTESIAN_POINT('',(8.25589262032227,-0.017561062856546,2.07987895635828));
#1481=CARTESIAN_POINT('',(8.27111212729913,-0.255322532846223,2.06421504199253));
#1482=CARTESIAN_POINT('',(8.2859656575876,-0.480669488580236,2.01033475887674));
#1483=CARTESIAN_POINT('',(8.30082223872314,-0.706062729546569,1.95644340899765));
#1484=CARTESIAN_POINT('',(8.31526055791873,-0.925283864139627,1.86281424683739));
#1485=CARTESIAN_POINT('',(8.32900687417551,-1.12011081299563,1.73719335901628));
#1486=CARTESIAN_POINT('',(8.34275226588526,-1.31492465821927,1.61158092017998));
#1487=CARTESIAN_POINT('',(8.35683761099036,-1.49068326958798,1.450535274959));
#1488=CARTESIAN_POINT('',(8.3716585672444,-1.63278178054471,1.26748280348137));
#1489=CARTESIAN_POINT('',(8.38647857781705,-1.77487122461559,1.08444201204069));
#1490=CARTESIAN_POINT('',(8.40145281315189,-1.88727313016945,0.874304587292045));
#1491=CARTESIAN_POINT('',(8.41536665307723,-1.96065764494669,0.654454428751242));
#1492=CARTESIAN_POINT('',(8.42928311959755,-2.03405601293761,0.43456276784125));
#1493=CARTESIAN_POINT('',(8.44262391301524,-2.07042411790546,0.19889175862193));
#1494=CARTESIAN_POINT('',(8.45705898660624,-2.06673870286914,-0.0328653930872017));
#1495=CARTESIAN_POINT('',(8.47148997263763,-2.06305433142665,-0.264556918447572));
#1496=CARTESIAN_POINT('',(8.4870932245195,-2.01926667160423,-0.498743020566184));
#1497=CARTESIAN_POINT('',(8.50156040321767,-1.93898791173241,-0.716110939837952));
#1498=CARTESIAN_POINT('',(8.51603385271316,-1.85867435503925,-0.933573077215044));
#1499=CARTESIAN_POINT('',(8.52978329624025,-1.73960071481629,-1.1401914813983));
#1500=CARTESIAN_POINT('',(8.54361326655864,-1.59167669460691,-1.31873208038829));
#1501=CARTESIAN_POINT('',(8.55743809104985,-1.44380771366566,-1.49720624835587));
#1502=CARTESIAN_POINT('',(8.57267423533991,-1.26308596129978,-1.65251190425162));
#1503=CARTESIAN_POINT('',(8.58739329110543,-1.06445726314479,-1.77184077584254));
#1504=CARTESIAN_POINT('',(8.60211511517425,-0.865791207669491,-1.89119209034791));
#1505=CARTESIAN_POINT('',(8.61633949666551,-0.643699921111451,-1.97784803722338));
#1506=CARTESIAN_POINT('',(8.62998585841196,-0.416631722722397,-2.02457575991153));
#1507=CARTESIAN_POINT('',(8.64363003103577,-0.189599950169326,-2.07129598662987));
#1508=CARTESIAN_POINT('',(8.65779866152438,0.0486244296942254,-2.07937845200206));
#1509=CARTESIAN_POINT('',(8.67270795279555,0.278226931757503,-2.04818914518283));
#1510=CARTESIAN_POINT('',(8.68761690303746,0.507824181983529,-2.01700055177554));
#1511=CARTESIAN_POINT('',(8.70268303339204,0.735199096393282,-1.94568374500227));
#1512=CARTESIAN_POINT('',(8.71668144629695,0.941522321692711,-1.84011540881391));
#1513=CARTESIAN_POINT('',(8.73068356122142,1.14790011122172,-1.73451915402878));
#1514=CARTESIAN_POINT('',(8.74412529952279,1.33888852570219,-1.59172717169966));
#1515=CARTESIAN_POINT('',(8.75860103349042,1.49854100906034,-1.42367968453737));
#1516=CARTESIAN_POINT('',(8.77307262901632,1.65814784965513,-1.25568024017108));
#1517=CARTESIAN_POINT('',(8.78852297767734,1.79087616208625,-1.05780651470962));
#1518=CARTESIAN_POINT('',(8.80282449711455,1.88576769351509,-0.846385967567259));
#1519=CARTESIAN_POINT('',(8.8171310017693,1.98069230219353,-0.634891723540667));
#1520=CARTESIAN_POINT('',(8.83070689618765,2.04034971268076,-0.404000137580912));
#1521=CARTESIAN_POINT('',(8.84453120313958,2.05975057540659,-0.172964063065777));
#1522=CARTESIAN_POINT('',(8.85835029903981,2.07914412500642,0.0579849227488387));
#1523=CARTESIAN_POINT('',(8.87372895224627,2.05886415676459,0.295385539428756));
#1524=CARTESIAN_POINT('',(8.88853700116515,2.00061448058768,0.519644782580251));
#1525=CARTESIAN_POINT('',(8.9033486988498,1.94235045144459,0.743959284156235));
#1526=CARTESIAN_POINT('',(8.91766295108628,1.8444696181774,0.961334227757296));
#1527=CARTESIAN_POINT('',(8.93138917636384,1.71507748256523,1.15368896536186));
#1528=CARTESIAN_POINT('',(8.94511362095679,1.58570213281948,1.34601874904696));
#1529=CARTESIAN_POINT('',(8.9593927685836,1.42128203852235,1.51859912901965));
#1530=CARTESIAN_POINT('',(8.97422986762919,1.23550787040744,1.65710871766498));
#1531=CARTESIAN_POINT('',(8.98906670644352,1.04973696062785,1.79561587695918));
#1532=CARTESIAN_POINT('',(9.00392481448028,0.83744273734397,1.90391755252382));
#1533=CARTESIAN_POINT('',(9.01777439005562,0.616198690085784,1.97301499597356));
#1534=CARTESIAN_POINT('',(9.03162580906721,0.394925194322588,2.04212163658108));
#1535=CARTESIAN_POINT('',(9.04501099796515,0.158602699445423,2.07389770928036));
#1536=CARTESIAN_POINT('',(9.05957206531162,-0.0730230366395545,2.06570971729329));
#1537=CARTESIAN_POINT('',(9.07412950022883,-0.304590990964504,2.05752376789699));
#1538=CARTESIAN_POINT('',(9.08967295716343,-0.537885702613469,2.00919475964842));
#1539=CARTESIAN_POINT('',(9.10406166365465,-0.753656746162605,1.92470530444627));
#1540=CARTESIAN_POINT('',(9.11845673837541,-0.969523286797243,1.8401784554558));
#1541=CARTESIAN_POINT('',(9.13211933156729,-1.17379368643237,1.71710647439398));
#1542=CARTESIAN_POINT('',(9.14601562703865,-1.3494234300717,1.56574116838433));
#1543=CARTESIAN_POINT('',(9.15990658193276,-1.52498567628219,1.41443403457695));
#1544=CARTESIAN_POINT('',(9.17527521391239,-1.67674414604701,1.23073632843162));
#1545=CARTESIAN_POINT('',(9.18994041896021,-1.79219172766496,1.02982416522884));
#1546=CARTESIAN_POINT('',(9.20460887703933,-1.90766491783016,0.828867435751475));
#1547=CARTESIAN_POINT('',(9.21871231413614,-1.98999157601763,0.605119267511071));
#1548=CARTESIAN_POINT('',(9.23235151855972,-2.03229566316296,0.377178124351096));
#1549=CARTESIAN_POINT('',(9.24598784774479,-2.07459083231452,0.149285032758523));
#1550=CARTESIAN_POINT('',(9.2603688381973,-2.07803981364759,-0.0890328439515307));
#1551=CARTESIAN_POINT('',(9.27529457423361,-2.04239510449352,-0.317979931978262));
#1552=CARTESIAN_POINT('',(9.2902206711883,-2.00674953341677,-0.546932556161534));
#1553=CARTESIAN_POINT('',(9.30517038621812,-1.93102193724184,-0.772891864474278));
#1554=CARTESIAN_POINT('',(9.31910390509661,-1.82145619485054,-0.977131685209614));
#1555=CARTESIAN_POINT('',(9.32123725679804,-1.80468065774555,-1.00840270675598));
#1556=CARTESIAN_POINT('',(9.32335855839307,-1.78709338214238,-1.03925243764488));
#1557=CARTESIAN_POINT('',(9.32547066049075,-1.76872934620708,-1.06961932474403));
#1558=CARTESIAN_POINT('',(5.,1.22464679914735E-16,0.));
#1559=CARTESIAN_POINT('',(11.24197889953,2.75349069507829E-16,0.));
#1560=CARTESIAN_POINT('',(11.24197889953,1.63139723052101E-16,1.855500918913E-16));
#1561=CARTESIAN_POINT('',(10.0470304066279,-1.70175231431202,-1.02911571248555));
#1562=CARTESIAN_POINT('',(10.0470304066279,-1.70175231431202,-1.02911571248555));
#1563=CARTESIAN_POINT('',(10.04714999788,-1.73106879035706,-0.98025317600892));
#1564=CARTESIAN_POINT('',(10.0472431049661,-1.75834501005269,-0.930108633500568));
#1565=CARTESIAN_POINT('',(10.0472934248212,-1.78346003340762,-0.878959336237639));
#1566=CARTESIAN_POINT('',(10.0472934248212,-1.78346003340762,-0.878959336237639));
#1567=CARTESIAN_POINT('',(10.0472934248212,-1.78346003340762,-0.878959336237639));
#1568=CARTESIAN_POINT('',(10.0315010885087,-1.81112416755778,-0.882281545038216));
#1569=CARTESIAN_POINT('',(10.0157354380006,-1.83885105417681,-0.885229944733467));
#1570=CARTESIAN_POINT('',(10.,-1.86662735547147,-0.887801394347624));
#1571=CARTESIAN_POINT('',(10.620989449765,2.6013921466865E-16,0.));
#1572=CARTESIAN_POINT('',(0.,0.,0.));
#1573=CARTESIAN_POINT('',(1.83697019872103E-17,-3.,0.));
#1574=CARTESIAN_POINT('',(0.866025403784439,2.12115047744982E-17,0.));
#1575=CARTESIAN_POINT('',(0.86602540378444,-2.44068694822621,0.54133836069339));
#1576=CARTESIAN_POINT('',(0.866025403791226,-0.784359072533174,-2.37376933279856));
#1577=CARTESIAN_POINT('',(0.866025403791226,-0.784359072533174,-2.37376933279856));
#1578=CARTESIAN_POINT('',(0.873534855421339,-0.590238501340058,-2.43334600245484));
#1579=CARTESIAN_POINT('',(0.880787273139014,-0.38733501051096,-2.46954320029519));
#1580=CARTESIAN_POINT('',(0.88830377834334,-0.184562266646728,-2.48028024303258));
#1581=CARTESIAN_POINT('',(0.898673620790729,0.0951849495577653,-2.49509316985309));
#1582=CARTESIAN_POINT('',(0.910506485210202,0.38141473375826,-2.46072997349772));
#1583=CARTESIAN_POINT('',(0.921796757667982,0.649842670902782,-2.38070226757219));
#1584=CARTESIAN_POINT('',(0.932920086043694,0.914301487219146,-2.30185789464024));
#1585=CARTESIAN_POINT('',(0.943574078677818,1.16895981307502,-2.17665160444216));
#1586=CARTESIAN_POINT('',(0.953829617446978,1.39258577246846,-2.01489597605612));
#1587=CARTESIAN_POINT('',(0.96412583293232,1.61709870327177,-1.85249877359634));
#1588=CARTESIAN_POINT('',(0.975073434131829,1.81630579523941,-1.64830657592865));
#1589=CARTESIAN_POINT('',(0.986460445722735,1.97274987759151,-1.41965727113632));
#1590=CARTESIAN_POINT('',(0.9976197084389,2.12606495955301,-1.1955811259883));
#1591=CARTESIAN_POINT('',(1.00872379327605,2.24299457644343,-0.942086039652261));
#1592=CARTESIAN_POINT('',(1.01905197516878,2.31381321428763,-0.679944452874608));
#1593=CARTESIAN_POINT('',(1.02942796476026,2.38495966162816,-0.41658944962715));
#1594=CARTESIAN_POINT('',(1.03952344658063,2.41138610755677,-0.13697603537295));
#1595=CARTESIAN_POINT('',(1.05075143406075,2.38954298551846,0.134910238979795));
#1596=CARTESIAN_POINT('',(1.06177456417621,2.36809839655874,0.401835882075077));
#1597=CARTESIAN_POINT('',(1.07350970883977,2.29998950376077,0.668668833367008));
#1598=CARTESIAN_POINT('',(1.08430095559749,2.1912328107258,0.913385423422804));
#1599=CARTESIAN_POINT('',(1.09508088915062,2.08259013479618,1.15784546028219));
#1600=CARTESIAN_POINT('',(1.10524175973919,1.93026095857587,1.38713363073086));
#1601=CARTESIAN_POINT('',(1.11583966195855,1.74620272624419,1.58127378423173));
#1602=CARTESIAN_POINT('',(1.12635388865269,1.56359772200829,1.77388110802968));
#1603=CARTESIAN_POINT('',(1.13818277373142,1.34450934520014,1.93693629414949));
#1604=CARTESIAN_POINT('',(1.14928530024533,1.10788413764311,2.05709436824014));
#1605=CARTESIAN_POINT('',(1.16024021309632,0.874404980994785,2.17565488042231));
#1606=CARTESIAN_POINT('',(1.17067367829319,0.617309284323296,2.25587484607304));
#1607=CARTESIAN_POINT('',(1.18092387359694,0.357713212135886,2.29042820415571));
#1608=CARTESIAN_POINT('',(1.19118378824624,0.097870988157794,2.32501432610454));
#1609=CARTESIAN_POINT('',(1.20237967441568,-0.171780816759296,2.31427674606878));
#1610=CARTESIAN_POINT('',(1.21380975440212,-0.42797584490751,2.25902362067673));
#1611=CARTESIAN_POINT('',(1.22500472113516,-0.678901019595145,2.20490703519397));
#1612=CARTESIAN_POINT('',(1.23608177873814,-0.924001491146135,2.10700768678311));
#1613=CARTESIAN_POINT('',(1.24646431215142,-1.14308054643485,1.97316469693974));
#1614=CARTESIAN_POINT('',(1.25690224507183,-1.3633285718781,1.83860754270345));
#1615=CARTESIAN_POINT('',(1.26724641822177,-1.5633735289234,1.6636862188367));
#1616=CARTESIAN_POINT('',(1.27851393519497,-1.72524409663253,1.46270180829136));
#1617=CARTESIAN_POINT('',(1.28956558473458,-1.88401348560717,1.26556793455928));
#1618=CARTESIAN_POINT('',(1.30104714069792,-2.01081460215061,1.03824274568555));
#1619=CARTESIAN_POINT('',(1.3116529690053,-2.09532233539286,0.799626775068092));
#1620=CARTESIAN_POINT('',(1.32226200823239,-2.17985565339279,0.56093856334851));
#1621=CARTESIAN_POINT('',(1.33233127174967,-2.22439683945074,0.304148355138029));
#1622=CARTESIAN_POINT('',(1.34308778890768,-2.22398460076574,0.0509396993278701));
#1623=CARTESIAN_POINT('',(1.35371471781297,-2.22357732849227,-0.199218446098797));
#1624=CARTESIAN_POINT('',(1.3656076673076,-2.17912629612105,-0.452726152502841));
#1625=CARTESIAN_POINT('',(1.37670449043142,-2.09499038964687,-0.688289742580549));
#1626=CARTESIAN_POINT('',(1.38767965026405,-2.01177693198298,-0.92127066180439));
#1627=CARTESIAN_POINT('',(1.39814585076301,-1.88742084552513,-1.14328855966024));
#1628=CARTESIAN_POINT('',(1.40852023490084,-1.73161936981655,-1.33549499741119));
#1629=CARTESIAN_POINT('',(1.41888800714859,-1.57591719081965,-1.52757893653275));
#1630=CARTESIAN_POINT('',(1.43026642886355,-1.38409779960575,-1.69488913519489));
#1631=CARTESIAN_POINT('',(1.44156152670234,-1.17272098411761,-1.82310442895162));
#1632=CARTESIAN_POINT('',(1.45263687920686,-0.965456489712293,-1.94882530318349));
#1633=CARTESIAN_POINT('',(1.46346269797668,-0.73375052453853,-2.04075474464728));
#1634=CARTESIAN_POINT('',(1.47376097206958,-0.49656025479678,-2.09097121388159));
#1635=CARTESIAN_POINT('',(1.48409795273105,-0.2584784937859,-2.14137642417993));
#1636=CARTESIAN_POINT('',(1.49463944094887,-0.00807582073122844,-2.15085079331529));
#1637=CARTESIAN_POINT('',(1.50600476239249,0.232972740912525,-2.11773155844464));
#1638=CARTESIAN_POINT('',(1.51712623250783,0.468849428427729,-2.08532292111008));
#1639=CARTESIAN_POINT('',(1.52855876846249,0.7023557384503,-2.01174192967518));
#1640=CARTESIAN_POINT('',(1.53917883865683,0.914262925528678,-1.90314001091611));
#1641=CARTESIAN_POINT('',(1.54982257035267,1.12664224152279,-1.79429612723429));
#1642=CARTESIAN_POINT('',(1.5599977825593,1.3233214731499,-1.64709839571244));
#1643=CARTESIAN_POINT('',(1.57092697963623,1.48674613032938,-1.473207084893));
#1644=CARTESIAN_POINT('',(1.58169928901489,1.64782484039805,-1.30181196911079));
#1645=CARTESIAN_POINT('',(1.59342165226031,1.78106543546219,-1.09983747671864));
#1646=CARTESIAN_POINT('',(1.60432302997245,1.87565518223777,-0.8844944504335));
#1647=CARTESIAN_POINT('',(1.60827570639405,1.909952008903,-0.806414291665437));
#1648=CARTESIAN_POINT('',(1.61217076750392,1.93951616202801,-0.726076704309497));
#1649=CARTESIAN_POINT('',(1.61600340346176,1.96399227935472,-0.644378248108242));
#1650=CARTESIAN_POINT('',(1.61600340346176,1.74377310242558,1.10983979350943));
#1651=CARTESIAN_POINT('',(1.59401379576223,1.87785126641868,0.922821925650239));
#1652=CARTESIAN_POINT('',(1.57276852038702,1.98123460638639,0.709870181922825));
#1653=CARTESIAN_POINT('',(1.55276401573335,2.04592020120593,0.488845809009932));
#1654=CARTESIAN_POINT('',(1.532699668285,2.11079930078036,0.26716024920956));
#1655=CARTESIAN_POINT('',(1.51265811981213,2.13888891742109,0.0317821941348935));
#1656=CARTESIAN_POINT('',(1.49125927792617,2.12975332880188,-0.198901558241906));
#1657=CARTESIAN_POINT('',(1.4689260923717,2.12021885040022,-0.43965772035992));
#1658=CARTESIAN_POINT('',(1.44604783055321,2.0689247827166,-0.682113789278387));
#1659=CARTESIAN_POINT('',(1.42508870925811,1.97973129470881,-0.906074598315903));
#1660=CARTESIAN_POINT('',(1.40418143538537,1.89075844822408,-1.1294813864813));
#1661=CARTESIAN_POINT('',(1.38450239193903,1.76184197973435,-1.34033882931488));
#1662=CARTESIAN_POINT('',(1.36399895434563,1.60510111057539,-1.52275534033543));
#1663=CARTESIAN_POINT('',(1.34304151872012,1.44488960163598,-1.70921101486934));
#1664=CARTESIAN_POINT('',(1.32007547482756,1.25150642404796,-1.87136118412127));
#1665=CARTESIAN_POINT('',(1.29881839316062,1.03944018646871,-1.99565401427862));
#1666=CARTESIAN_POINT('',(1.27705984545798,0.822371191825827,-2.12287897941948));
#1667=CARTESIAN_POINT('',(1.25656631331196,0.579924251285592,-2.21367997961706));
#1668=CARTESIAN_POINT('',(1.23656088316582,0.332799287900121,-2.2617175672427));
#1669=CARTESIAN_POINT('',(1.21656332313179,0.08577154317745,-2.30973625693926));
#1670=CARTESIAN_POINT('',(1.19503627212281,-0.172260823243425,-2.31726900616564));
#1671=CARTESIAN_POINT('',(1.17331446929558,-0.421560463632829,-2.28400857601348));
#1672=CARTESIAN_POINT('',(1.15066836936753,-0.681468198418474,-2.24933286189958));
#1673=CARTESIAN_POINT('',(1.1284748500757,-0.938983335999405,-2.16849039353238));
#1674=CARTESIAN_POINT('',(1.10796995259741,-1.17236321683287,-2.04857099562599));
#1675=CARTESIAN_POINT('',(1.08769540225745,-1.40312136362699,-1.92999874369614));
#1676=CARTESIAN_POINT('',(1.06804052320041,-1.61645484823329,-1.77048716705602));
#1677=CARTESIAN_POINT('',(1.04674571470267,-1.79700168129621,-1.58429068257509));
#1678=CARTESIAN_POINT('',(1.02466666315343,-1.98419767484895,-1.39123697281385));
#1679=CARTESIAN_POINT('',(1.00167781722709,-2.14085174660616,-1.16340424478986));
#1680=CARTESIAN_POINT('',(0.980767407707067,-2.2535196438505,-0.919133372444568));
#1681=CARTESIAN_POINT('',(0.959824471763627,-2.36636279752525,-0.674482533470019));
#1682=CARTESIAN_POINT('',(0.94030505391144,-2.43808709461678,-0.406968753623176));
#1683=CARTESIAN_POINT('',(0.920064407195441,-2.46489395889659,-0.138830869026188));
#1684=CARTESIAN_POINT('',(0.903018495845718,-2.48746969170243,0.0869847718707873));
#1685=CARTESIAN_POINT('',(0.884242980296326,-2.47948684280171,0.317830824878289));
#1686=CARTESIAN_POINT('',(0.86602540378444,-2.44068694822621,0.54133836069339));
#1687=CARTESIAN_POINT('',(0.808001701730881,1.97903339546068E-17,0.));
#1688=CARTESIAN_POINT('',(16.,-4.49999999999999,0.));
#1689=CARTESIAN_POINT('',(20.05,-4.49999999999999,-4.95981953654678E-16));
#1690=CARTESIAN_POINT('',(16.,-5.,0.));
#1691=CARTESIAN_POINT('',(20.55,-5.,5.57214293612046E-16));
#1692=CARTESIAN_POINT('',(16.,-4.75,0.));
#1693=CARTESIAN_POINT('',(16.,4.5,0.));
#1694=CARTESIAN_POINT('',(20.05,4.5,4.95981953654678E-16));
#1695=CARTESIAN_POINT('',(16.,0.,0.));
#1696=CARTESIAN_POINT('',(17.5,-5.,0.));
#1697=CARTESIAN_POINT('',(17.5,-5.,5.59016994374947));
#1698=CARTESIAN_POINT('',(17.5,-5.,-5.59016994374947));
#1699=CARTESIAN_POINT('',(11.3480762113533,-5.,5.59016994374947));
#1700=CARTESIAN_POINT('',(5.19615242270663,-5.,5.59016994374947));
#1701=CARTESIAN_POINT('',(0.866025403784441,-5.,0.));
#1702=CARTESIAN_POINT('',(0.86602540378444,-5.,2.23606797749979));
#1703=CARTESIAN_POINT('',(5.19615242270663,-5.,5.59016994374947));
#1704=CARTESIAN_POINT('',(0.86602540378445,-5.,0.));
#1705=CARTESIAN_POINT('',(5.19615242270663,-5.,-5.59016994374947));
#1706=CARTESIAN_POINT('',(0.86602540378444,-5.,-2.23606797749979));
#1707=CARTESIAN_POINT('',(0.866025403784441,-5.,0.));
#1708=CARTESIAN_POINT('',(5.19615242270663,-5.,-5.59016994374947));
#1709=CARTESIAN_POINT('',(11.3480762113533,-5.,-5.59016994374947));
#1710=CARTESIAN_POINT('',(23.0901699437495,-5.,0.));
#1711=CARTESIAN_POINT('',(16.,5.,0.));
#1712=CARTESIAN_POINT('',(20.55,5.,-5.57214293612046E-16));
#1713=CARTESIAN_POINT('',(16.,4.75,0.));
#1714=CARTESIAN_POINT('',(17.5,5.,0.));
#1715=CARTESIAN_POINT('',(17.5,5.,-5.59016994374947));
#1716=CARTESIAN_POINT('',(17.5,5.,5.59016994374947));
#1717=CARTESIAN_POINT('',(11.3480762113533,5.,-5.59016994374947));
#1718=CARTESIAN_POINT('',(5.19615242270663,5.,-5.59016994374947));
#1719=CARTESIAN_POINT('',(0.866025403784435,5.,0.));
#1720=CARTESIAN_POINT('',(0.866025403784435,5.,-2.23606797749979));
#1721=CARTESIAN_POINT('',(5.19615242270663,5.,-5.59016994374947));
#1722=CARTESIAN_POINT('',(0.866025403784452,5.,0.));
#1723=CARTESIAN_POINT('',(5.19615242270663,5.,5.59016994374947));
#1724=CARTESIAN_POINT('',(0.866025403784435,5.,2.23606797749979));
#1725=CARTESIAN_POINT('',(0.866025403784435,5.,0.));
#1726=CARTESIAN_POINT('',(5.19615242270663,5.,5.59016994374947));
#1727=CARTESIAN_POINT('',(11.3480762113533,5.,5.59016994374947));
#1728=CARTESIAN_POINT('',(0.866025403784452,5.,0.));
#1729=CARTESIAN_POINT('',(0.,0.,0.));
#1730=CARTESIAN_POINT('',(0.,-4.5,0.));
#1731=CARTESIAN_POINT('',(5.19615242270663,1.27269028646989E-16,0.));
#1732=CARTESIAN_POINT('',(5.19615242270663,1.27269028646989E-16,0.));
#1733=CARTESIAN_POINT('',(2.59807621135332,6.36345143234945E-17,0.));
#1734=CARTESIAN_POINT('',(17.5,4.28626379701574E-16,0.));
#1735=CARTESIAN_POINT('',(11.3480762113533,2.77947704174281E-16,0.));
#1736=CARTESIAN_POINT('',(17.5,4.28626379701574E-16,0.));
#1737=CARTESIAN_POINT('',(17.5,2.14313189850787E-15,0.));
#1738=CARTESIAN_POINT('',(11.3480762113533,2.77947704174281E-16,0.));
#1739=CARTESIAN_POINT('',(0.,-2.25,0.));
#1740=CARTESIAN_POINT('',(9.6417465557106,-2.23700744440372,-1.3528052764328));
#1741=CARTESIAN_POINT('',(9.28023424904346,-1.70175231431202,-1.02911571248555));
#1742=CARTESIAN_POINT('',(9.57571891046102,-2.13924691123256,-1.2936856854669));
#1743=CARTESIAN_POINT('',(-1.2,-2.13924691123256,-1.2936856854669));
#1744=CARTESIAN_POINT('',(9.76274141759608,-2.13924691123256,-1.2936856854669));
#1745=CARTESIAN_POINT('',(10.0582260790136,-1.70175231431202,-1.02911571248555));
#1746=CARTESIAN_POINT('',(9.6967137723465,-2.23700744440372,-1.3528052764328));
#1747=CARTESIAN_POINT('',(10.0582260790136,-1.70175231431202,-1.02911571248555));
#1748=CARTESIAN_POINT('',(9.28023424904346,-1.70175231431202,-1.02911571248555));
#1749=CARTESIAN_POINT('',(10.0582260790136,-1.70175231431202,-1.02911571248555));
#1750=CARTESIAN_POINT('',(9.66923016402855,-1.70175231431202,-1.02911571248555));
#1751=CARTESIAN_POINT('',(9.76274141759608,-2.13924691123256,-1.2936856854669));
#1752=CARTESIAN_POINT('',(9.75109097068787,-2.25322210076212,-1.10521558419166));
#1753=CARTESIAN_POINT('',(9.73977606126645,-2.342846565364,-0.899778581047866));
#1754=CARTESIAN_POINT('',(9.72902747690549,-2.40347152967406,-0.68798590541248));
#1755=CARTESIAN_POINT('',(9.71535401052871,-2.48059363089685,-0.418560655361063));
#1756=CARTESIAN_POINT('',(9.70207472488885,-2.51218418252433,-0.132051047293078));
#1757=CARTESIAN_POINT('',(9.68731323687399,-2.49563605190029,0.147650589079468));
#1758=CARTESIAN_POINT('',(9.67255643303456,-2.47909317239639,0.427263469390839));
#1759=CARTESIAN_POINT('',(9.65690300812106,-2.41400873827591,0.707836328943749));
#1760=CARTESIAN_POINT('',(9.64260839679873,-2.30574618146656,0.966195915253418));
#1761=CARTESIAN_POINT('',(9.62831065945458,-2.19745994922399,1.2246120010151));
#1762=CARTESIAN_POINT('',(9.61493670867214,-2.04297074495881,1.46791889678384));
#1763=CARTESIAN_POINT('',(9.6010135454462,-1.85513783641488,1.67584713142396));
#1764=CARTESIAN_POINT('',(9.58709373395989,-1.6673501451101,1.88372531125322));
#1765=CARTESIAN_POINT('',(9.57141232905557,-1.44110574623538,2.06195799957721));
#1766=CARTESIAN_POINT('',(9.55675791151549,-1.19508124168589,2.19585537451138));
#1767=CARTESIAN_POINT('',(9.54210230811396,-0.949036828397271,2.32976358465854));
#1768=CARTESIAN_POINT('',(9.52824738925638,-0.676403942374716,2.4230104136706));
#1769=CARTESIAN_POINT('',(9.51474588007463,-0.399828756694646,2.46782028626884));
#1770=CARTESIAN_POINT('',(9.50124315279248,-0.123228618519222,2.51263420159468));
#1771=CARTESIAN_POINT('',(9.48659593076462,0.164886487878748,2.51023584429566));
#1772=CARTESIAN_POINT('',(9.47153939670748,0.440628867665126,2.4608628976398));
#1773=CARTESIAN_POINT('',(9.45648508587065,0.716330531835247,2.41149724130308));
#1774=CARTESIAN_POINT('',(9.44160730811648,0.987324677178682,2.31380103512199));
#1775=CARTESIAN_POINT('',(9.4278319812994,1.2311508965665,2.1758371882757));
#1776=CARTESIAN_POINT('',(9.41405309110523,1.475040188488,2.03783765318637));
#1777=CARTESIAN_POINT('',(9.40063658824339,1.69844930371431,1.85573923585812));
#1778=CARTESIAN_POINT('',(9.38588642136499,1.88277505933167,1.64473647614401));
#1779=CARTESIAN_POINT('',(9.37114057085691,2.06704687534093,1.43379546258215));
#1780=CARTESIAN_POINT('',(9.35569474482693,2.21739296864301,1.18812425716496));
#1781=CARTESIAN_POINT('',(9.34159419044683,2.32137731668577,0.928012582660808));
#1782=CARTESIAN_POINT('',(9.32748975174922,2.42539030957561,0.667829254496457));
#1783=CARTESIAN_POINT('',(9.3142894824987,2.48586170879705,0.386017893338404));
#1784=CARTESIAN_POINT('',(9.30033409304651,2.49774928098861,0.106059084103575));
#1785=CARTESIAN_POINT('',(9.28638190130946,2.50963412928129,-0.173835575826855));
#1786=CARTESIAN_POINT('',(9.27055004127728,2.47331119646362,-0.459554745646256));
#1787=CARTESIAN_POINT('',(9.25578199697611,2.39179654184823,-0.72753646121885));
#1788=CARTESIAN_POINT('',(9.24101275693623,2.31027528715593,-0.995539874729596));
#1789=CARTESIAN_POINT('',(9.22703984525359,2.18128407210019,-1.25319776232328));
#1790=CARTESIAN_POINT('',(9.21344424371016,2.01551567621714,-1.47908639332628));
#1791=CARTESIAN_POINT('',(9.19984880936728,1.84974931897645,-1.70497224632008));
#1792=CARTESIAN_POINT('',(9.18512056417157,1.64267564007049,-1.90527726048666));
#1793=CARTESIAN_POINT('',(9.17018598007902,1.41147638611208,-2.06342783044331));
#1794=CARTESIAN_POINT('',(9.15525316327578,1.18030449119961,-2.22155968559602));
#1795=CARTESIAN_POINT('',(9.14062493771997,0.918592858604212,-2.34193741363179));
#1796=CARTESIAN_POINT('',(9.1270077286769,0.648018488140547,-2.41455421124232));
#1797=CARTESIAN_POINT('',(9.11338589656668,0.377352257187724,-2.48719566238726));
#1798=CARTESIAN_POINT('',(9.09997137023368,0.0903688148951693,-2.51402775083783));
#1799=CARTESIAN_POINT('',(9.08512251086925,-0.189011450724176,-2.49284469462001));
#1800=CARTESIAN_POINT('',(9.070278139525,-0.468307274553139,-2.47166804091309));
#1801=CARTESIAN_POINT('',(9.05471174939246,-0.747767687801147,-2.40194014061055));
#1802=CARTESIAN_POINT('',(9.04049875409221,-1.00430045183407,-2.28940616808069));
#1803=CARTESIAN_POINT('',(9.02628238069037,-1.26089418779607,-2.17684544881764));
#1804=CARTESIAN_POINT('',(9.01297396095946,-1.50161194619739,-2.01833523274912));
#1805=CARTESIAN_POINT('',(8.99894479813679,-1.70639544191248,-1.82707815810389));
#1806=CARTESIAN_POINT('',(8.98491938959234,-1.91112413648043,-1.63587226486395));
#1807=CARTESIAN_POINT('',(8.96917819963464,-2.08557691606566,-1.40670766531301));
#1808=CARTESIAN_POINT('',(8.95459342683239,-2.21537590122982,-1.15849454735452));
#1809=CARTESIAN_POINT('',(8.94000703990784,-2.34518925147468,-0.910253959216158));
#1810=CARTESIAN_POINT('',(8.92626720973147,-2.43390278953852,-0.636099060599292));
#1811=CARTESIAN_POINT('',(8.91274484433735,-2.47411667958685,-0.358812842287025));
#1812=CARTESIAN_POINT('',(8.89922192715503,-2.51433221058697,-0.0815153091450843));
#1813=CARTESIAN_POINT('',(8.88435591053868,-2.50715480456017,0.206500688222313));
#1814=CARTESIAN_POINT('',(8.86931158124389,-2.45321699061311,0.48137968067541));
#1815=CARTESIAN_POINT('',(8.85426897817499,-2.39928536563261,0.756227132790346));
#1816=CARTESIAN_POINT('',(8.83951909247582,-2.29710466262412,1.02557197740407));
#1817=CARTESIAN_POINT('',(8.82579647872253,-2.15511239117961,1.2670795481674));
#1818=CARTESIAN_POINT('',(8.81207066688388,-2.0130870281236,1.50864340280185));
#1819=CARTESIAN_POINT('',(8.79851797469286,-1.82731558230526,1.72899128075916));
#1820=CARTESIAN_POINT('',(8.78369868824391,-1.61329246327039,1.90978727295868));
#1821=CARTESIAN_POINT('',(8.76888345429102,-1.39932787119968,2.09053382451551));
#1822=CARTESIAN_POINT('',(8.7535340613689,-1.15119342082945,2.23678939039691));
#1823=CARTESIAN_POINT('',(8.73951319963212,-0.889389394741497,2.33644741103274));
#1824=CARTESIAN_POINT('',(8.72548810643021,-0.62750635677617,2.4361355082393));
#1825=CARTESIAN_POINT('',(8.71233989744406,-0.344719972047377,2.49192436009394));
#1826=CARTESIAN_POINT('',(8.69825906011115,-0.0646013438131926,2.49916519389526));
#1827=CARTESIAN_POINT('',(8.68418192398144,0.215443654143049,2.50640412441507));
#1828=CARTESIAN_POINT('',(8.66829922413786,0.500515756238517,2.46534859562975));
#1829=CARTESIAN_POINT('',(8.65360063439612,0.7671099864523,2.37939956053731));
#1830=CARTESIAN_POINT('',(8.63890046608804,1.03373284775834,2.29344129488219));
#1831=CARTESIAN_POINT('',(8.6250436597472,1.2892249735476,2.16018663374903));
#1832=CARTESIAN_POINT('',(8.61142956752959,1.51233472480297,1.99068924751079));
#1833=CARTESIAN_POINT('',(8.59781622715854,1.73543215468603,1.82120122186925));
#1834=CARTESIAN_POINT('',(8.58288755706324,1.93226203166373,1.61084607895948));
#1835=CARTESIAN_POINT('',(8.56797689027836,2.08655340492346,1.37706023412279));
#1836=CARTESIAN_POINT('',(8.5530675053065,2.24083151434364,1.1432944869615));
#1837=CARTESIAN_POINT('',(8.53856836978825,2.35685523425854,0.879613330577014));
#1838=CARTESIAN_POINT('',(8.52499476408834,2.42497375698723,0.60786699032209));
#1839=CARTESIAN_POINT('',(8.51141692506776,2.49311352444317,0.336035898128194));
#1840=CARTESIAN_POINT('',(8.49783997454767,2.51517972817388,0.0486606279854176));
#1841=CARTESIAN_POINT('',(8.48291996878501,2.48936785208189,-0.230320856678706));
#1842=CARTESIAN_POINT('',(8.46800418278075,2.4635632762472,-0.509223438258987));
#1843=CARTESIAN_POINT('',(8.45253374622638,2.3892105895225,-0.787494783215939));
#1844=CARTESIAN_POINT('',(8.4384010840584,2.27243603550284,-1.04212977337211));
#1845=CARTESIAN_POINT('',(8.42426480478066,2.1556315942352,-1.29682993473924));
#1846=CARTESIAN_POINT('',(8.41101034477159,1.99314423781887,-1.53489122687272));
#1847=CARTESIAN_POINT('',(8.39685926669548,1.79851665760459,-1.73647281358471));
#1848=CARTESIAN_POINT('',(8.38271229811639,1.60394559756886,-1.93799586066291));
#1849=CARTESIAN_POINT('',(8.36695038033502,1.3719217197603,-2.10862272623913));
#1850=CARTESIAN_POINT('',(8.35243949252954,1.12158733701292,-2.23428777140553));
#1851=CARTESIAN_POINT('',(8.33792658471019,0.871218106023836,-2.3599703099974));
#1852=CARTESIAN_POINT('',(8.32429595030458,0.595616406805117,-2.44412536513308));
#1853=CARTESIAN_POINT('',(8.31073968666174,0.317695749199475,-2.47973172156598));
#1854=CARTESIAN_POINT('',(8.29718353343123,0.0397773551870004,-2.51533778799414));
#1855=CARTESIAN_POINT('',(8.28210748218336,-0.248061145264258,-2.5033837543319));
#1856=CARTESIAN_POINT('',(8.26708610592598,-0.522002145250255,-2.44489544977983));
#1857=CARTESIAN_POINT('',(8.25206594569431,-0.795920968886261,-2.38641188003238));
#1858=CARTESIAN_POINT('',(8.23744545498047,-1.06354277646668,-2.2797734850624));
#1859=CARTESIAN_POINT('',(8.22376793627678,-1.30266507262044,-2.13379092428822));
#1860=CARTESIAN_POINT('',(8.21008766751605,-1.54183544766697,-1.98777901167191));
#1861=CARTESIAN_POINT('',(8.19637468798247,-1.7590596804137,-1.79838731384692));
#1862=CARTESIAN_POINT('',(8.1815016648716,-1.93627605250243,-1.58140287356056));
#1863=CARTESIAN_POINT('',(8.16663239409073,-2.11344771449404,-1.36447317649733));
#1864=CARTESIAN_POINT('',(8.15138723215572,-2.25557198940545,-1.11394343064506));
#1865=CARTESIAN_POINT('',(8.13744375960909,-2.35087570533453,-0.850519498934555));
#1866=CARTESIAN_POINT('',(8.12349571661367,-2.44621066030764,-0.587009221044156));
#1867=CARTESIAN_POINT('',(8.11038699121246,-2.49730085764093,-0.303326737402536));
#1868=CARTESIAN_POINT('',(8.09616430160782,-2.49989302725782,-0.0231268732803531));
#1869=CARTESIAN_POINT('',(8.08194576366482,-2.50248444020973,0.256991199348008));
#1870=CARTESIAN_POINT('',(8.06605453214802,-2.4567073774495,0.541340922542872));
#1871=CARTESIAN_POINT('',(8.05142975792812,-2.36634695828605,0.806475091376265));
#1872=CARTESIAN_POINT('',(8.03680305434702,-2.27597461839931,1.07164423781479));
#1873=CARTESIAN_POINT('',(8.02305657986581,-2.13849252814601,1.32489972625367));
#1874=CARTESIAN_POINT('',(8.00941110685,-1.96531275565028,1.5451685255914));
#1875=CARTESIAN_POINT('',(7.99576695145772,-1.79214970560469,1.7654160555051));
#1876=CARTESIAN_POINT('',(7.98064876369481,-1.57857035921892,1.95871766095156));
#1877=CARTESIAN_POINT('',(7.96577176862086,-1.34226104692874,2.10910769803198));
#1878=CARTESIAN_POINT('',(7.95089555802355,-1.1059641954303,2.25948980491738));
#1879=CARTESIAN_POINT('',(7.93652586521992,-0.840384763850454,2.37112682861772));
#1880=CARTESIAN_POINT('',(7.9229872892826,-0.567540575275,2.43472743760293));
#1881=CARTESIAN_POINT('',(7.90944496082495,-0.294620761805817,2.49834567492511));
#1882=CARTESIAN_POINT('',(7.89568339913128,-0.0069351688943884,2.51563978621275));
#1883=CARTESIAN_POINT('',(7.88070779163259,0.271570526532801,2.48520611803502));
#1884=CARTESIAN_POINT('',(7.86573609318908,0.550003524132549,2.4547803939015));
#1885=CARTESIAN_POINT('',(7.85036952430367,0.82700911125421,2.37582263881495));
#1886=CARTESIAN_POINT('',(7.83631500927792,1.07967556152578,2.25483939158513));
#1887=CARTESIAN_POINT('',(7.82225665729252,1.33241099112336,2.1338231152656));
#1888=CARTESIAN_POINT('',(7.80904371917587,1.56774880679871,1.96740368779906));
#1889=CARTESIAN_POINT('',(7.7947545000047,1.76607188792524,1.76946039421066));
#1890=CARTESIAN_POINT('',(7.7804696864137,1.96433382307728,1.57157812950258));
#1891=CARTESIAN_POINT('',(7.76473030359853,2.13108968320555,1.33675639981667));
#1892=CARTESIAN_POINT('',(7.75029662078384,2.25258615381565,1.08436876552122));
#1893=CARTESIAN_POINT('',(7.73586053170549,2.37410287930772,0.831939055256666));
#1894=CARTESIAN_POINT('',(7.72233221123724,2.45367537947857,0.554966253053995));
#1895=CARTESIAN_POINT('',(7.70872838904015,2.48466383521322,0.276488021410569));
#1896=CARTESIAN_POINT('',(7.69512532759777,2.51565055800747,-0.00197463713740573));
#1897=CARTESIAN_POINT('',(7.67985296757961,2.49892343643285,-0.289557723355435));
#1898=CARTESIAN_POINT('',(7.66486443304109,2.43590004663951,-0.562486411197304));
#1899=CARTESIAN_POINT('',(7.64987660354359,2.37287962138381,-0.835402260831505));
#1900=CARTESIAN_POINT('',(7.6353859790319,2.26181146662175,-1.10122753614899));
#1901=CARTESIAN_POINT('',(7.6217451176377,2.1118778099555,-1.33789839517714));
#1902=CARTESIAN_POINT('',(7.60810201777711,1.96191954916498,-1.57460809191094));
#1903=CARTESIAN_POINT('',(7.59420954086418,1.76896094359161,-1.78864750704609));
#1904=CARTESIAN_POINT('',(7.57929745629448,1.54907466550038,-1.96223537851729));
#1905=CARTESIAN_POINT('',(7.56438881183088,1.32923911352474,-2.13578320456815));
#1906=CARTESIAN_POINT('',(7.54925466285663,1.07638277660274,-2.2737362526444));
#1907=CARTESIAN_POINT('',(7.53538537438296,0.811411945627189,-2.36465867610814));
#1908=CARTESIAN_POINT('',(7.5215112078232,0.54634791949394,-2.45561307867525));
#1909=CARTESIAN_POINT('',(7.50842516261949,0.261849359590998,-2.50198967382774));
#1910=CARTESIAN_POINT('',(7.4940474460005,-0.0183526811755809,-2.49993263491112));
#1911=CARTESIAN_POINT('',(7.47967425152134,-0.298466591619183,-2.49787624298303));
#1912=CARTESIAN_POINT('',(7.46381749421478,-0.582018777597644,-2.44738986114229));
#1913=CARTESIAN_POINT('',(7.4492699723307,-0.845620548176682,-2.35264232056243));
#1914=CARTESIAN_POINT('',(7.43472019888589,-1.10926311714068,-2.25788011564011));
#1915=CARTESIAN_POINT('',(7.4210772910975,-1.36021164495006,-2.11620788926756));
#1916=CARTESIAN_POINT('',(7.407386933069,-1.57757818720538,-1.93939347819203));
#1917=CARTESIAN_POINT('',(7.39369843409237,-1.79491521265221,-1.76260307723809));
#1918=CARTESIAN_POINT('',(7.37840645385606,-1.98463661623354,-1.5458573816343));
#1919=CARTESIAN_POINT('',(7.36357201232352,-2.13108422806369,-1.30708837226034));
#1920=CARTESIAN_POINT('',(7.3487378567253,-2.27752901711168,-1.06832396516628));
#1921=CARTESIAN_POINT('',(7.33449692596161,-2.38474778550786,-0.800918204916094));
#1922=CARTESIAN_POINT('',(7.32098400414888,-2.44381208394003,-0.527050755040428));
#1923=CARTESIAN_POINT('',(7.30746788183823,-2.50289037158683,-0.253118440421754));
#1924=CARTESIAN_POINT('',(7.29350456338373,-2.51540763250906,0.0347964571536586));
#1925=CARTESIAN_POINT('',(7.27848818863349,-2.48036037404149,0.3127497640043));
#1926=CARTESIAN_POINT('',(7.26347538105449,-2.44532144112353,0.590637042465093));
#1927=CARTESIAN_POINT('',(7.24821955862824,-2.36177949980011,0.866300536480132));
#1928=CARTESIAN_POINT('',(7.23424008938549,-2.23662050483958,1.1169282507536));
#1929=CARTESIAN_POINT('',(7.22025664085723,-2.11142588310627,1.3676273067363));
#1930=CARTESIAN_POINT('',(7.20705729152835,-1.94112190416325,1.60017399727123));
#1931=CARTESIAN_POINT('',(7.19262890114819,-1.7399190477904,1.79518291745887));
#1932=CARTESIAN_POINT('',(7.17820510024019,-1.5387801912736,1.99012980799622));
#1933=CARTESIAN_POINT('',(7.1625194616718,-1.30122339499891,2.15297023023205));
#1934=CARTESIAN_POINT('',(7.14816537494455,-1.04685137729987,2.2702647849635));
#1935=CARTESIAN_POINT('',(7.13380851113967,-0.792430146380077,2.38758203261089));
#1936=CARTESIAN_POINT('',(7.12037463719906,-0.514162519015093,2.46254944597641));
#1937=CARTESIAN_POINT('',(7.10670902203048,-0.23520387352232,2.48891123543611));
#1938=CARTESIAN_POINT('',(7.09304480006073,0.0437263323537758,2.5152703373319));
#1939=CARTESIAN_POINT('',(7.07759478144285,0.330976564542376,2.49377518701805));
#1940=CARTESIAN_POINT('',(7.06264809948056,0.602818978534185,2.42623355823775));
#1941=CARTESIAN_POINT('',(7.04770162231424,0.874657667804143,2.35869285489721));
#1942=CARTESIAN_POINT('',(7.03334029479296,1.13861332719756,2.24322441634374));
#1943=CARTESIAN_POINT('',(7.01972685221444,1.3727672830351,2.08938028769978));
#1944=CARTESIAN_POINT('',(7.006111727712,1.60695016830305,1.93551715180482));
#1945=CARTESIAN_POINT('',(6.99202547768405,1.81774510520919,1.73904585111893));
#1946=CARTESIAN_POINT('',(6.97708827081142,1.98765689183774,1.51631793510792));
#1947=CARTESIAN_POINT('',(6.96215415981271,2.15753346268107,1.29363618151218));
#1948=CARTESIAN_POINT('',(6.94713673091488,2.29127687544058,1.0385220754941));
#1949=CARTESIAN_POINT('',(6.93333748601009,2.3777924264425,0.772077183157665));
#1950=CARTESIAN_POINT('',(6.91953319375568,2.46433962223633,0.505534833276602));
#1951=CARTESIAN_POINT('',(6.90642830271358,2.50598910410835,0.220303401537288));
#1952=CARTESIAN_POINT('',(6.89190861863108,2.49928417249472,-0.0598216107888882));
#1953=CARTESIAN_POINT('',(6.87739366548991,2.49258142554557,-0.339855350123634));
#1954=CARTESIAN_POINT('',(6.86158973167244,2.43739962337051,-0.622533746526098));
#1955=CARTESIAN_POINT('',(6.84712196485664,2.33829095129235,-0.884531190577416));
#1956=CARTESIAN_POINT('',(6.83265164811872,2.23916481145988,-1.146574811284));
#1957=CARTESIAN_POINT('',(6.81910455360714,2.09334143719856,-1.39514688276282));
#1958=CARTESIAN_POINT('',(6.80535523935998,1.91294163602522,-1.60955096134331));
#1959=CARTESIAN_POINT('',(6.79160829724676,1.73257295876696,-1.82391804933793));
#1960=CARTESIAN_POINT('',(6.7761630189407,1.51271967989869,-2.01000887883088));
#1961=CARTESIAN_POINT('',(6.76137912104833,1.27155565528346,-2.15247444015409));
#1962=CARTESIAN_POINT('',(6.74659501881534,1.03038829733825,-2.29494197061315));
#1963=CARTESIAN_POINT('',(6.73248112639377,0.761229032697686,-2.39771254340906));
#1964=CARTESIAN_POINT('',(6.71898370407582,0.486413466145705,-2.45222387639304));
#1965=CARTESIAN_POINT('',(6.70548368552468,0.211545038737848,-2.50674569464812));
#1966=CARTESIAN_POINT('',(6.69130655411112,-0.0765186297295601,-2.51448327446745));
#1967=CARTESIAN_POINT('',(6.67626350654196,-0.353843416345748,-2.47483228456168));
#1968=CARTESIAN_POINT('',(6.66122363907649,-0.631109576438721,-2.43518967688423));
#1969=CARTESIAN_POINT('',(6.64608436482542,-0.905355614122247,-2.34708585787725));
#1970=CARTESIAN_POINT('',(6.63217590626551,-1.15387554189861,-2.21778520912378));
#1971=CARTESIAN_POINT('',(6.61826346595881,-1.40246661655432,-2.08844754387131));
#1972=CARTESIAN_POINT('',(6.60503404717343,-1.63215446326115,-1.91430912454337));
#1973=CARTESIAN_POINT('',(6.59048434637207,-1.82379509641329,-1.7099039289676));
#1974=CARTESIAN_POINT('',(6.57593926916709,-2.01537483010428,-1.50556368916901));
#1975=CARTESIAN_POINT('',(6.56031932082957,-2.17425601942474,-1.26533644922982));
#1976=CARTESIAN_POINT('',(6.54604628756069,-2.28731685179444,-1.00904985976768));
#1977=CARTESIAN_POINT('',(6.53177011697933,-2.40040253572539,-0.752706936721726));
#1978=CARTESIAN_POINT('',(6.51842184897669,-2.47074413079243,-0.473221373351408));
#1979=CARTESIAN_POINT('',(6.50467968355435,-2.49247234581092,-0.193859756957966));
#1980=CARTESIAN_POINT('',(6.49093952092983,-2.51419739413621,0.0854611449759589));
#1981=CARTESIAN_POINT('',(6.4753353479118,-2.4879410271342,0.372301584013556));
#1982=CARTESIAN_POINT('',(6.46043863370041,-2.41589969532306,0.64298418498275));
#1983=CARTESIAN_POINT('',(6.44554164447484,-2.34385703352813,0.913671783131532));
#1984=CARTESIAN_POINT('',(6.4313080011344,-2.22401957159066,1.17568530404345));
#1985=CARTESIAN_POINT('',(6.41771196362402,-2.06630723072444,1.40725776894495));
#1986=CARTESIAN_POINT('',(6.40411482846814,-1.90858215730719,1.63884892932841));
#1987=CARTESIAN_POINT('',(6.38982549479855,-1.70865339779426,1.84634141894906));
#1988=CARTESIAN_POINT('',(6.37487633709742,-1.48314490738694,2.01253103918727));
#1989=CARTESIAN_POINT('',(6.35992988915789,-1.25767729381433,2.17869053503581));
#1990=CARTESIAN_POINT('',(6.34503381368877,-1.00037466395994,2.30818758357218));
#1991=CARTESIAN_POINT('',(6.33129955407818,-0.732528654012318,2.3902723215255));
#1992=CARTESIAN_POINT('',(6.31756023408284,-0.464583956264737,2.4723873035814));
#1993=CARTESIAN_POINT('',(6.30439405100232,-0.178703154306197,2.5092980590952));
#1994=CARTESIAN_POINT('',(6.28975050276076,0.101266035688279,2.49794819602328));
#1995=CARTESIAN_POINT('',(6.27511173685274,0.38114379251196,2.48660203962341));
#1996=CARTESIAN_POINT('',(6.25937263745562,0.662871937929067,2.42674028518386));
#1997=CARTESIAN_POINT('',(6.24498619700222,0.923193505176174,2.32329803340005));
#1998=CARTESIAN_POINT('',(6.23059692696265,1.18356627357386,2.21983543615517));
#1999=CARTESIAN_POINT('',(6.21713692631193,1.42969316847435,2.06990142546882));
#2000=CARTESIAN_POINT('',(6.2033140646727,1.64107559800268,1.88596682941141));
#2001=CARTESIAN_POINT('',(6.18949405674472,1.85241438791169,1.70207020640488));
#2002=CARTESIAN_POINT('',(6.17392065138023,2.03482568874562,1.47916888763536));
#2003=CARTESIAN_POINT('',(6.159194383522,2.17327090634259,1.2356753488052));
#2004=CARTESIAN_POINT('',(6.14446743676298,2.31172250645068,0.992170584594747));
#2005=CARTESIAN_POINT('',(6.13047782589572,2.41001643918212,0.721331411524611));
#2006=CARTESIAN_POINT('',(6.11698500015809,2.45995975675056,0.445643349740293));
#2007=CARTESIAN_POINT('',(6.10349021737958,2.50991031825112,0.16991530131305));
#2008=CARTESIAN_POINT('',(6.08909231169799,2.51286711547099,-0.118217127481198));
#2009=CARTESIAN_POINT('',(6.07403591104746,2.46862374080556,-0.394837721515014));
#2010=CARTESIAN_POINT('',(6.05898225968499,2.42438844494888,-0.671407804825034));
#2011=CARTESIAN_POINT('',(6.04396427475876,2.33174644978008,-0.944161674207589));
#2012=CARTESIAN_POINT('',(6.03012188708586,2.19833945050629,-1.19050563222007));
#2013=CARTESIAN_POINT('',(6.01627564809546,2.06489533388517,-1.43691812962179));
#2014=CARTESIAN_POINT('',(6.00297710472518,1.88697356451447,-1.6636809211128));
#2015=CARTESIAN_POINT('',(5.98832346969754,1.67942393004212,-1.85190044635285));
#2016=CARTESIAN_POINT('',(5.97367436743952,1.47193849634176,-2.04006175015177));
#2017=CARTESIAN_POINT('',(5.95813101356417,1.22910640053682,-2.19494089592723));
#2018=CARTESIAN_POINT('',(5.94393956586898,0.970975808544084,-2.30373739371964));
#2019=CARTESIAN_POINT('',(5.92974462674556,0.712781710384954,-2.41256065799656));
#2020=CARTESIAN_POINT('',(5.91647217888652,0.432155586726935,-2.47825712188155));
#2021=CARTESIAN_POINT('',(5.90263822887532,0.15246866842003,-2.49534632970059));
#2022=CARTESIAN_POINT('',(5.88880686379626,-0.127165989201658,-2.51243234432879));
#2023=CARTESIAN_POINT('',(5.87307678434825,-0.413520166297397,-2.48142290642743));
#2024=CARTESIAN_POINT('',(5.85823724858528,-0.682969749223838,-2.40490172806398));
#2025=CARTESIAN_POINT('',(5.84339698560566,-0.952432536621505,-2.32837679975338));
#2026=CARTESIAN_POINT('',(5.82928838605848,-1.2124318561234,-2.20420298851449));
#2027=CARTESIAN_POINT('',(5.81569899566324,-1.44135895952914,-2.0426659907545));
#2028=CARTESIAN_POINT('',(5.80210910449648,-1.67029449894035,-1.88112304032672));
#2029=CARTESIAN_POINT('',(5.78761232895608,-1.8744279881405,-1.67779275948001));
#2030=CARTESIAN_POINT('',(5.77266359347958,-2.03685055868965,-1.4495653836808));
#2031=CARTESIAN_POINT('',(5.75771714172544,-2.19924831589888,-1.22137287423936));
#2032=CARTESIAN_POINT('',(5.74294599938446,-2.32446352648293,-0.961951428996225));
#2033=CARTESIAN_POINT('',(5.72927077966181,-2.40209479159347,-0.692777462248541));
#2034=CARTESIAN_POINT('',(5.71559063272773,-2.47975402741775,-0.423506511534921));
#2035=CARTESIAN_POINT('',(5.70232553760996,-2.51191602342331,-0.137059407093024));
#2036=CARTESIAN_POINT('',(5.68757567579019,-2.49592541255088,0.142675628552122));
#2037=CARTESIAN_POINT('',(5.67283051547269,-2.4799398986681,0.422321498961803));
#2038=CARTESIAN_POINT('',(5.65716727638151,-2.41541485360201,0.703022927445181));
#2039=CARTESIAN_POINT('',(5.64286281102025,-2.30766777992015,0.961597326076984));
#2040=CARTESIAN_POINT('',(5.62855525071613,-2.19989739386493,1.22022767038525));
#2041=CARTESIAN_POINT('',(5.61517268569324,-2.04589444613537,1.46384124941934));
#2042=CARTESIAN_POINT('',(5.6012612098471,-1.85847671146169,1.67214362808778));
#2043=CARTESIAN_POINT('',(5.58735303455614,-1.67110344242081,1.88039658615522));
#2044=CARTESIAN_POINT('',(5.57168124099365,-1.44521415339723,2.05908050763338));
#2045=CARTESIAN_POINT('',(5.55701878078378,-1.19945724128565,2.193468104698));
#2046=CARTESIAN_POINT('',(5.54235518775255,-0.953681342000302,2.32786608454548));
#2047=CARTESIAN_POINT('',(5.52848608497442,-0.681236453993344,2.42165610242909));
#2048=CARTESIAN_POINT('',(5.51498623550446,-0.404751883259899,2.4670176150562));
#2049=CARTESIAN_POINT('',(5.50148508800953,-0.128240728239233,2.51238348924126));
#2050=CARTESIAN_POINT('',(5.48686451861622,0.159880990801303,2.51055972061292));
#2051=CARTESIAN_POINT('',(5.47180728143604,0.435722118927149,2.46173642680886));
#2052=CARTESIAN_POINT('',(5.45675232573855,0.711521451420073,2.41292053074305));
#2053=CARTESIAN_POINT('',(5.44185932472676,0.982708879236134,2.31576514927288));
#2054=CARTESIAN_POINT('',(5.42807718821181,1.22680931055135,2.17828806991741));
#2055=CARTESIAN_POINT('',(5.41429145088185,1.47097351721062,2.04077507236225));
#2056=CARTESIAN_POINT('',(5.40088946537971,1.69474635659082,1.85912170844123));
#2057=CARTESIAN_POINT('',(5.38614867542219,1.87949301449405,1.64848597460459));
#2058=CARTESIAN_POINT('',(5.37141222971829,2.06418522576717,1.43791231715959));
#2059=CARTESIAN_POINT('',(5.35595538453848,2.21502025253123,1.1925417488607));
#2060=CARTESIAN_POINT('',(5.34184513835272,2.31952273067904,0.93263835534641));
#2061=CARTESIAN_POINT('',(5.3277310498519,2.42405366555538,0.672664188387827));
#2062=CARTESIAN_POINT('',(5.31452371697105,2.48508680547195,0.390975316311991));
#2063=CARTESIAN_POINT('',(5.30058231710984,2.49753276224033,0.111040990342185));
#2064=CARTESIAN_POINT('',(5.28664405147034,2.50997592098353,-0.168830402475223));
#2065=CARTESIAN_POINT('',(5.27082094422966,2.47422257798558,-0.4546222681802));
#2066=CARTESIAN_POINT('',(5.2560448883557,2.39324246401176,-0.722765873883745));
#2067=CARTESIAN_POINT('',(5.24126768500996,2.31225606132354,-0.990930302953301));
#2068=CARTESIAN_POINT('',(5.22728047530258,2.18377971438275,-1.24884373742956));
#2069=CARTESIAN_POINT('',(5.21368625922777,2.01846265920617,-1.47506219983781));
#2070=CARTESIAN_POINT('',(5.20009213913807,1.8531467712889,-1.70127906497828));
#2071=CARTESIAN_POINT('',(5.18538848998002,1.64647138055765,-1.90199818589154));
#2072=CARTESIAN_POINT('',(5.17045172852545,1.41558727789022,-2.06060977836061));
#2073=CARTESIAN_POINT('',(5.15551679139861,1.18473137466017,-2.21920199852289));
#2074=CARTESIAN_POINT('',(5.14087312109906,0.923261261001119,-2.34010086338386));
#2075=CARTESIAN_POINT('',(5.12725013229793,0.652832740700896,-2.41325701338854));
#2076=CARTESIAN_POINT('',(5.11362248065729,0.382311658863186,-2.48643820308101));
#2077=CARTESIAN_POINT('',(5.10022574677755,0.0953808282028436,-2.51384270591108));
#2078=CARTESIAN_POINT('',(5.08538651897727,-0.184042169744543,-2.49321649275704));
#2079=CARTESIAN_POINT('',(5.07055180717273,-0.463380131389135,-2.47259655674168));
#2080=CARTESIAN_POINT('',(5.05497446352146,-0.74297831803253,-2.40342586309482));
#2081=CARTESIAN_POINT('',(5.04075170739521,-0.999734433087274,-2.29140373206026));
#2082=CARTESIAN_POINT('',(5.02652560284237,-1.2565509955682,-2.17935522794595));
#2083=CARTESIAN_POINT('',(5.01320990035462,-1.49758355197788,-2.02132606579916));
#2084=CARTESIAN_POINT('',(4.99919431418261,-1.70274809997937,-1.83047778135017));
#2085=CARTESIAN_POINT('',(4.98518243622227,-1.90785836601499,-1.63967999110286));
#2086=CARTESIAN_POINT('',(4.96944645195554,-2.08276796525877,-1.41086320622204));
#2087=CARTESIAN_POINT('',(4.95485306505732,-2.21306150034898,-1.16290962489487));
#2088=CARTESIAN_POINT('',(4.94025811430003,-2.34336899797769,-0.914929472322842));
#2089=CARTESIAN_POINT('',(4.92650474172046,-2.43262881999471,-0.640953561862193));
#2090=CARTESIAN_POINT('',(4.91298556042977,-2.47339580993987,-0.363748769581198));
#2091=CARTESIAN_POINT('',(4.89946574729875,-2.51416470519481,-0.0865310216956142));
#2092=CARTESIAN_POINT('',(4.88462566650827,-2.50756166497933,0.201501043765539));
#2093=CARTESIAN_POINT('',(4.86957928496214,-2.45417183657313,0.476487771691243));
#2094=CARTESIAN_POINT('',(4.85453469032999,-2.4007883487632,0.751441842088803));
#2095=CARTESIAN_POINT('',(4.83976933133491,-2.29914531478892,1.02098884687728));
#2096=CARTESIAN_POINT('',(4.82604076757378,-2.15763528912163,1.26277866593359));
#2097=CARTESIAN_POINT('',(4.81230895706366,-2.01609179691404,1.50462566728977));
#2098=CARTESIAN_POINT('',(4.79877400608448,-1.8307590926197,1.72534484961609));
#2099=CARTESIAN_POINT('',(4.78396220117412,-1.61709592636742,1.90656779709663));
#2100=CARTESIAN_POINT('',(4.76915448297549,-1.40349171172662,2.08774074351719));
#2101=CARTESIAN_POINT('',(4.75379306595833,-1.15564978225169,2.23449018703659));
#2102=CARTESIAN_POINT('',(4.73976272866935,-0.894045369430326,2.33466975767463));
#2103=CARTESIAN_POINT('',(4.72572820135463,-0.632362830958579,2.43487924598122));
#2104=CARTESIAN_POINT('',(4.71257438247038,-0.349689489985267,2.49123184383604));
#2105=CARTESIAN_POINT('',(4.69850948660375,-0.0695859260891876,2.49903137213007));
#2106=CARTESIAN_POINT('',(4.68444823394773,0.21044508296644,2.50682888012302));
#2107=CARTESIAN_POINT('',(4.66856949344578,0.495598955611523,2.46634167540207));
#2108=CARTESIAN_POINT('',(4.65386230603416,0.762363812241405,2.3809244880476));
#2109=CARTESIAN_POINT('',(4.63915358433177,1.02915649845189,2.29549838975738));
#2110=CARTESIAN_POINT('',(4.62528310702985,1.28491272000818,2.16275434096483));
#2111=CARTESIAN_POINT('',(4.61167190658432,1.5083598062434,1.99370275991918));
#2112=CARTESIAN_POINT('',(4.59806138857709,1.73179568928953,1.82465965478101));
#2113=CARTESIAN_POINT('',(4.58315632969574,1.92904613208663,1.6146959472565));
#2114=CARTESIAN_POINT('',(4.56824225503963,2.08380365274792,1.3812177007244));
#2115=CARTESIAN_POINT('',(4.55332952139775,2.23854725822901,1.14776044762683));
#2116=CARTESIAN_POINT('',(4.53881482940549,2.35509610631813,0.884312285834744));
#2117=CARTESIAN_POINT('',(4.52523641960314,2.42375641111405,0.612702912987649));
#2118=CARTESIAN_POINT('',(4.51165372442035,2.49243838527568,0.341007819536088));
#2119=CARTESIAN_POINT('',(4.49809757064998,2.51507783369827,0.0536753300841713));
#2120=CARTESIAN_POINT('',(4.48318528146382,2.48982202073194,-0.225358170649088));
#2121=CARTESIAN_POINT('',(4.46827724711336,2.46457341385807,-0.504312056395953));
#2122=CARTESIAN_POINT('',(4.45279483788334,2.39077563704264,-0.782730389675113));
#2123=CARTESIAN_POINT('',(4.43865261692948,2.2745091654998,-1.03759725137355));
#2124=CARTESIAN_POINT('',(4.42450680675535,2.15821318614649,-1.2925287969224));
#2125=CARTESIAN_POINT('',(4.41124650124243,1.99620155141008,-1.53091296404088));
#2126=CARTESIAN_POINT('',(4.39711093069549,1.80197625579516,-1.73288244654693));
#2127=CARTESIAN_POINT('',(4.38297942978976,1.60780687778646,-1.93479378188961));
#2128=CARTESIAN_POINT('',(4.36721779773741,1.37612346757935,-2.10588295179581));
#2129=CARTESIAN_POINT('',(4.35269783468092,1.12604049284888,-2.23204677559962));
#2130=CARTESIAN_POINT('',(4.33817589929228,0.875923547874152,-2.35822773697913));
#2131=CARTESIAN_POINT('',(4.32453248324922,0.6004917710175,-2.4429320494357));
#2132=CARTESIAN_POINT('',(4.31098100488935,0.322643318189411,-2.47909283594377));
#2133=CARTESIAN_POINT('',(4.29742955783313,0.0447955071856856,-2.51525353892115));
#2134=CARTESIAN_POINT('',(4.28237812601816,-0.243068458887135,-2.50387352469337));
#2135=CARTESIAN_POINT('',(4.26735345062968,-0.517126147570326,-2.44593142739102));
#2136=CARTESIAN_POINT('',(4.25233005287875,-0.791160531497556,-2.38799425724997));
#2137=CARTESIAN_POINT('',(4.23769396270062,-1.05899335145872,-2.28189025420694));
#2138=CARTESIAN_POINT('',(4.22401145343053,-1.29840588239238,-2.13638530339657));
#2139=CARTESIAN_POINT('',(4.21032613650934,-1.53786754078099,-1.99085049496811));
#2140=CARTESIAN_POINT('',(4.19663353728265,-1.75547051698268,-1.80189116763358));
#2141=CARTESIAN_POINT('',(4.18176618343438,-1.93311978890991,-1.58525956288707));
#2142=CARTESIAN_POINT('',(4.16690261895241,-2.11072378188772,-1.3686831728418));
#2143=CARTESIAN_POINT('',(4.15164454881028,-2.25334679708279,-1.11843773763476));
#2144=CARTESIAN_POINT('',(4.13769192515039,-2.34917537857257,-0.855204677669878));
#2145=CARTESIAN_POINT('',(4.1237347710707,-2.44503507562264,-0.591886145875794));
#2146=CARTESIAN_POINT('',(4.11062199272612,-2.49669089767427,-0.308307182969466));
#2147=CARTESIAN_POINT('',(4.09641723103858,-2.49984192782086,-0.0281129135613565));
#2148=CARTESIAN_POINT('',(4.08221657017743,-2.50299204828463,0.252000465503259));
#2149=CARTESIAN_POINT('',(4.06632398515233,-2.45778192613054,0.536440995129075));
#2150=CARTESIAN_POINT('',(4.05169013774935,-2.36795053055751,0.801754504092369));
#2151=CARTESIAN_POINT('',(4.03705440155776,-2.27810754045901,1.06710225703261));
#2152=CARTESIAN_POINT('',(4.02329500262323,-2.14113167198831,1.3206303358635));
#2153=CARTESIAN_POINT('',(4.00965400413627,-1.96839204754912,1.54124389606103));
#2154=CARTESIAN_POINT('',(3.99601425645821,-1.79566826243866,1.76183722713791));
#2155=CARTESIAN_POINT('',(3.98091811320658,-1.58247344193442,1.95556572684773));
#2156=CARTESIAN_POINT('',(3.96603658351657,-1.34646411021561,2.10642692726362));
#2157=CARTESIAN_POINT('',(3.95115589835311,-1.11046817202226,2.25727956630903));
#2158=CARTESIAN_POINT('',(3.93677066118305,-0.845113136786116,2.36944559513496));
#2159=CARTESIAN_POINT('',(3.92322835455822,-0.572396982984815,2.43359028882634));
#2160=CARTESIAN_POINT('',(3.90968223346468,-0.299604013079318,2.49775305018774));
#2161=CARTESIAN_POINT('',(3.89594386988875,-0.0119514294412915,2.51562108285692));
#2162=CARTESIAN_POINT('',(3.88097414737537,0.266615517890822,2.48574257830931));
#2163=CARTESIAN_POINT('',(3.86600837252973,0.54510900429208,2.45587195302654));
#2164=CARTESIAN_POINT('',(3.85062893311538,0.822270799912601,2.37746667543618));
#2165=CARTESIAN_POINT('',(3.83656516971532,1.07517761529127,2.25698761529092));
#2166=CARTESIAN_POINT('',(3.82249759442783,1.3281529793425,2.13647590011565));
#2167=CARTESIAN_POINT('',(3.80928035089193,1.56382170673407,1.97052670414996));
#2168=CARTESIAN_POINT('',(3.79500860380129,1.76253945295755,1.77297904013784));
#2169=CARTESIAN_POINT('',(3.78074123035522,1.9611963011853,1.57549191554421));
#2170=CARTESIAN_POINT('',(3.76499671502808,2.12841983158532,1.34100323743472));
#2171=CARTESIAN_POINT('',(3.7505536067411,2.25041918810552,1.08885879608262));
#2172=CARTESIAN_POINT('',(3.73610813771151,2.37243848556039,0.836673141432547));
#2173=CARTESIAN_POINT('',(3.72256791496546,2.45256306879719,0.559861134761422));
#2174=CARTESIAN_POINT('',(3.70897055148603,2.48410712964986,0.28144585344683));
#2175=CARTESIAN_POINT('',(3.69537387142526,2.51564960506283,0.00304456559497722));
#2176=CARTESIAN_POINT('',(3.68012421971674,2.49949601044796,-0.284573327907314));
#2177=CARTESIAN_POINT('',(3.66513124336329,2.43701691315787,-0.557627622148046));
#2178=CARTESIAN_POINT('',(3.65013903312096,2.37454100842477,-0.830667963860134));
#2179=CARTESIAN_POINT('',(3.63563280720104,2.26400381939376,-1.09671307030754));
#2180=CARTESIAN_POINT('',(3.6219880122407,2.11454299730156,-1.33368208826651));
#2181=CARTESIAN_POINT('',(3.60834091458251,1.96505695217629,-1.57069109715618));
#2182=CARTESIAN_POINT('',(3.59447086730421,1.77252426861517,-1.78511653842514));
#2183=CARTESIAN_POINT('',(3.57956272631246,1.55298364628459,-1.95914312758732));
#2184=CARTESIAN_POINT('',(3.56465806412211,1.33349425356256,-2.13312910780002));
#2185=CARTESIAN_POINT('',(3.5495102472997,1.08091395253494,-2.27158563386044));
#2186=CARTESIAN_POINT('',(3.53563224175994,0.816125214068965,-2.36303610530212));
#2187=CARTESIAN_POINT('',(3.52174938922496,0.551243996194079,-2.45451851649167));
#2188=CARTESIAN_POINT('',(3.5086625251756,0.2668391711996,-2.50146247000449));
#2189=CARTESIAN_POINT('',(3.49430311686692,-0.0133668021675382,-2.49996426546457));
#2190=CARTESIAN_POINT('',(3.47994819391814,-0.293485249321361,-2.49846652890957));
#2191=CARTESIAN_POINT('',(3.46408594212323,-0.577137320384434,-2.44854553966818));
#2192=CARTESIAN_POINT('',(3.44952898316668,-0.840927107842067,-2.35432402173031));
#2193=CARTESIAN_POINT('',(3.43496981001751,-1.10475701916073,-2.26008817218723));
#2194=CARTESIAN_POINT('',(3.42131484342509,-1.35598655148689,-2.11891760128273));
#2195=CARTESIAN_POINT('',(3.40763061420952,-1.57370517118302,-1.94253752452606));
#2196=CARTESIAN_POINT('',(3.39394818039314,-1.79139522574569,-1.76618058920046));
#2197=CARTESIAN_POINT('',(3.37867610093954,-1.98154968913799,-1.5498124213767));
#2198=CARTESIAN_POINT('',(3.3638361039153,-2.12847333262031,-1.31133568254821));
#2199=CARTESIAN_POINT('',(3.34899645248741,-2.27539355451998,-1.07286449740634));
#2200=CARTESIAN_POINT('',(3.33474011421516,-2.38314504386106,-0.805674440837998));
#2201=CARTESIAN_POINT('',(3.32122463045211,-2.44275555414374,-0.531926031229819));
#2202=CARTESIAN_POINT('',(3.30770587670958,-2.50238048678439,-0.258111390053748));
#2203=CARTESIAN_POINT('',(3.29376754904487,-2.51547214629985,0.0297802119376458));
#2204=CARTESIAN_POINT('',(3.27875531456456,-2.48097898526386,0.307803954943864));
#2205=CARTESIAN_POINT('',(3.26374669069999,-2.44649412023138,0.585760830029719));
#2206=CARTESIAN_POINT('',(3.24847722791568,-2.36350208086008,0.861589653191535));
#2207=CARTESIAN_POINT('',(3.23448893288941,-2.23884326319326,1.11246610863182));
#2208=CARTESIAN_POINT('',(3.2204966682347,-2.11414906957919,1.36341375833193));
#2209=CARTESIAN_POINT('',(3.20729808116857,-1.94430941364802,1.5962995736722));
#2210=CARTESIAN_POINT('',(3.19288546950785,-1.74349536934756,1.79170976920471));
#2211=CARTESIAN_POINT('',(3.17847743358636,-1.54274507981414,1.98705792559282));
#2212=CARTESIAN_POINT('',(3.16278467967898,-1.30551366128902,2.15037134823748));
#2213=CARTESIAN_POINT('',(3.14842092953608,-1.05137650504639,2.26817271049549));
#2214=CARTESIAN_POINT('',(3.13405444623379,-0.797190991142972,2.38599648820191));
#2215=CARTESIAN_POINT('',(3.12060966771082,-0.519074955365175,2.4615185921689));
#2216=CARTESIAN_POINT('',(3.10695225092334,-0.240169968627214,2.48843693634571));
#2217=CARTESIAN_POINT('',(3.09329615242783,0.0387080966065261,2.51535268221));
#2218=CARTESIAN_POINT('',(3.07786634154523,0.326002418243865,2.49443035137997));
#2219=CARTESIAN_POINT('',(3.06291418171384,0.597979305907352,2.42743089493946));
#2220=CARTESIAN_POINT('',(3.04796228590056,0.8699513911325,2.36043262154343));
#2221=CARTESIAN_POINT('',(3.0335854808368,1.13413563599075,2.24549150534752));
#2222=CARTESIAN_POINT('',(3.01996925683202,1.36859557168664,2.09211523610907));
#2223=CARTESIAN_POINT('',(3.00635128221392,1.60308565147295,1.93871924756074));
#2224=CARTESIAN_POINT('',(2.99228891533764,1.81427369266983,1.74266729266736));
#2225=CARTESIAN_POINT('',(2.9773540163681,1.98462983297303,1.52027774635869));
#2226=CARTESIAN_POINT('',(2.9624222568441,2.15495016293508,1.2979349482653));
#2227=CARTESIAN_POINT('',(2.94739053144283,2.28920157302613,1.04308858945572));
#2228=CARTESIAN_POINT('',(2.93358311651995,2.37624815458404,0.776817036267828));
#2229=CARTESIAN_POINT('',(2.91977066620104,2.46332648096989,0.510448377088094));
#2230=CARTESIAN_POINT('',(2.90667037949437,2.50554484267365,0.225300618377623));
#2231=CARTESIAN_POINT('',(2.8921667932719,2.49939849014159,-0.0548378288951877));
#2232=CARTESIAN_POINT('',(2.87766792168159,2.49325413558375,-0.334885212501948));
#2233=CARTESIAN_POINT('',(2.86185698363217,2.43863596324094,-0.617672688008156));
#2234=CARTESIAN_POINT('',(2.84737952832898,2.34005009830892,-0.87986677253118));
#2235=CARTESIAN_POINT('',(2.83289955788092,2.2414471062142,-1.14210640760799));
#2236=CARTESIAN_POINT('',(2.81934138823699,2.09612061175364,-1.39096779218778));
#2237=CARTESIAN_POINT('',(2.80559992262338,1.91614914632596,-1.60573112600905));
#2238=CARTESIAN_POINT('',(2.79186076907485,1.73620796192887,-1.82045832490712));
#2239=CARTESIAN_POINT('',(2.77643267854406,1.51672509924411,-2.00698818694076));
#2240=CARTESIAN_POINT('',(2.76164231234743,1.27584552193952,-2.14993446508187));
#2241=CARTESIAN_POINT('',(2.74685180003836,1.03496356501171,-2.29288215537376));
#2242=CARTESIAN_POINT('',(2.73272276230472,0.766011204967645,-2.39618896102078));
#2243=CARTESIAN_POINT('',(2.71922403889465,0.491305617786233,-2.45124841456995));
#2244=CARTESIAN_POINT('',(2.70572264444498,0.216545673649806,-2.5063187629257));
#2245=CARTESIAN_POINT('',(2.69157168330578,-0.0715043530543323,-2.51463098025013));
#2246=CARTESIAN_POINT('',(2.67653112206271,-0.348908701986015,-2.47553281490641));
#2247=CARTESIAN_POINT('',(2.66149378985039,-0.626253495482296,-2.43644304347672));
#2248=CARTESIAN_POINT('',(2.64634023422683,-0.900673882190902,-2.3488863633758));
#2249=CARTESIAN_POINT('',(2.63242348329944,-1.14945079998159,-2.22008172336553));
#2250=CARTESIAN_POINT('',(2.61850274369189,-1.39829901972778,-2.0912401666558));
#2251=CARTESIAN_POINT('',(2.60527909747862,-1.62833404747556,-1.91755998688986));
#2252=CARTESIAN_POINT('',(2.59074304889915,-1.82038238746173,-1.7135366828344));
#2253=CARTESIAN_POINT('',(2.57621162693923,-2.01236960116583,-1.50957831652345));
#2254=CARTESIAN_POINT('',(2.56058318610237,-2.1717289971527,-1.2696686306035));
#2255=CARTESIAN_POINT('',(2.54630036334818,-2.28530039053233,-1.01360846732492));
#2256=CARTESIAN_POINT('',(2.5320144461823,-2.39889638945761,-0.757492827928201));
#2257=CARTESIAN_POINT('',(2.51865638682139,-2.46979508466946,-0.478149585879489));
#2258=CARTESIAN_POINT('',(2.50492421981973,-2.49208059939826,-0.198832306486674));
#2259=CARTESIAN_POINT('',(2.49119398369678,-2.51436298056295,0.080445698129989));
#2260=CARTESIAN_POINT('',(2.47560693997267,-2.4886785356197,0.367339449448159));
#2261=CARTESIAN_POINT('',(2.46070382010059,-2.41717707114361,0.638165344356454));
#2262=CARTESIAN_POINT('',(2.44580048154683,-2.34567455748717,0.908995213242188));
#2263=CARTESIAN_POINT('',(2.43155160919116,-2.22636057833826,1.17124601088247));
#2264=CARTESIAN_POINT('',(2.41795403392401,-2.06911094196725,1.403132178318));
#2265=CARTESIAN_POINT('',(2.40435528983387,-1.91184778870169,1.63503827826939));
#2266=CARTESIAN_POINT('',(2.39009069620253,-1.71233169212637,1.8429307599974));
#2267=CARTESIAN_POINT('',(2.37514230479881,-1.48715419375263,2.00957020380079));
#2268=CARTESIAN_POINT('',(2.36019667176991,-1.26201824660175,2.17617889820553));
#2269=CARTESIAN_POINT('',(2.34528579885034,-1.00497501451035,2.30618828536393));
#2270=CARTESIAN_POINT('',(2.33154402467369,-0.737293564002787,2.38880685708997));
#2271=CARTESIAN_POINT('',(2.31779718369569,-0.469513415269205,2.47145589154121));
#2272=CARTESIAN_POINT('',(2.30464045361164,-0.183706270156232,2.50893683215496));
#2273=CARTESIAN_POINT('',(2.29001085519252,0.0962858018807249,2.49814512075584));
#2274=CARTESIAN_POINT('',(2.27538604044382,0.376186320495862,2.48735693809272));
#2275=CARTESIAN_POINT('',(2.25963854497422,0.658032735166798,2.42805688510469));
#2276=CARTESIAN_POINT('',(2.24524227610809,0.918559527985209,2.32513405926359));
#2277=CARTESIAN_POINT('',(2.23084321044327,1.17913693398662,2.22219123835112));
#2278=CARTESIAN_POINT('',(2.21737323293693,1.42556136845198,2.0727491699091));
#2279=CARTESIAN_POINT('',(2.20355999992166,1.63731012224894,1.88923676747547));
#2280=CARTESIAN_POINT('',(2.18974956449531,1.84901599065019,1.7057615317399));
#2281=CARTESIAN_POINT('',(2.174190077497,2.03187214519519,1.4832234401293));
#2282=CARTESIAN_POINT('',(2.15945653748391,2.1708026239724,1.24000643859399));
#2283=CARTESIAN_POINT('',(2.14472237459638,2.30973897616799,0.99677915482817));
#2284=CARTESIAN_POINT('',(2.13071800384626,2.40857249407736,0.726138005347028));
#2285=CARTESIAN_POINT('',(2.11722522614485,2.45906566932534,0.450550811724413));
#2286=CARTESIAN_POINT('',(2.10373041324318,2.50956646077555,0.174922049557348));
#2287=CARTESIAN_POINT('',(2.08935924589759,2.51309795168546,-0.113206326676117));
#2288=CARTESIAN_POINT('',(2.07430377244256,2.4694059727821,-0.389915556996772));
#2289=CARTESIAN_POINT('',(2.05925110219092,2.42572212896024,-0.666573266370143));
#2290=CARTESIAN_POINT('',(2.04421832155983,2.33362436158263,-0.939510438839832));
#2291=CARTESIAN_POINT('',(2.03036828229861,2.20070907276617,-1.18611954584884));
#2292=CARTESIAN_POINT('',(2.0165143693976,2.06775660961817,-1.43279762557565));
#2293=CARTESIAN_POINT('',(2.0032260440511,1.89028689850182,-1.65991548440502));
#2294=CARTESIAN_POINT('',(1.98858400313013,1.6831121688605,-1.84854900585127));
#2295=CARTESIAN_POINT('',(1.97394651161715,1.47600181018853,-2.03712391724093));
#2296=CARTESIAN_POINT('',(1.95839340673409,1.23347933993337,-2.19248637314277));
#2297=CARTESIAN_POINT('',(1.94419215420408,0.975566656104983,-2.3017970587122));
#2298=CARTESIAN_POINT('',(1.92998745260625,0.717591332848529,-2.41113429264181));
#2299=CARTESIAN_POINT('',(1.91670643880369,0.437098206191021,-2.47739011450968));
#2300=CARTESIAN_POINT('',(1.90288434220358,0.157446277155159,-2.49503720810131));
#2301=CARTESIAN_POINT('',(1.88906476217607,-0.122154735988435,-2.51268108870771));
#2302=CARTESIAN_POINT('',(1.87334816932989,-0.408571394174496,-2.48224253517661));
#2303=CARTESIAN_POINT('',(1.85850140913692,-0.67817305624985,-2.40625877780773));
#2304=CARTESIAN_POINT('',(1.84365397445451,-0.947786966349057,-2.33027156849101));
#2305=CARTESIAN_POINT('',(1.82953051711872,-1.20803220387585,-2.20661724820557));
#2306=CARTESIAN_POINT('',(1.81594092051181,-1.43728065444885,-2.0455376604568));
#2307=CARTESIAN_POINT('',(1.80235075116383,-1.66653876682477,-1.8844512839196));
#2308=CARTESIAN_POINT('',(1.78787897847492,-1.87107897989122,-1.68152691371419));
#2309=CARTESIAN_POINT('',(1.77292956500783,-2.03395671509804,-1.45362308770451));
#2310=CARTESIAN_POINT('',(1.75798248840254,-2.19680898958967,-1.22575488715583));
#2311=CARTESIAN_POINT('',(1.74319617355605,-2.3225407476754,-0.966584437188794));
#2312=CARTESIAN_POINT('',(1.72951420004204,-2.40070851289073,-0.697566223475588));
#2313=CARTESIAN_POINT('',(1.7158272760387,-2.47890456121059,-0.428450672065196));
#2314=CARTESIAN_POINT('',(1.70257589849253,-2.51163787554461,-0.142067264464964));
#2315=CARTESIAN_POINT('',(1.68783790780152,-2.49620485889682,0.137700045097775));
#2316=CARTESIAN_POINT('',(1.67310463442533,-2.48077678202675,0.417377807143159));
#2317=CARTESIAN_POINT('',(1.6574317261667,-2.41681138100112,0.6982066988338));
#2318=CARTESIAN_POINT('',(1.64311740291741,-2.30958022059539,0.956994882240531));
#2319=CARTESIAN_POINT('',(1.62880001597193,-2.20232610949248,1.21583845411091));
#2320=CARTESIAN_POINT('',(1.61540868390495,-2.0488100356274,1.45975773818215));
#2321=CARTESIAN_POINT('',(1.60150867146467,-1.86180823469084,1.66843342607291));
#2322=CARTESIAN_POINT('',(1.58761190783195,-1.67485014111537,1.87706034083103));
#2323=CARTESIAN_POINT('',(1.57195021988625,-1.44931683578335,2.05619481724059));
#2324=CARTESIAN_POINT('',(1.55727979309717,-1.20382847994631,2.1910721099202));
#2325=CARTESIAN_POINT('',(1.54260828686055,-0.958322061117241,2.32595932684837));
#2326=CARTESIAN_POINT('',(1.52872493111301,-0.686066250445526,2.420292153882));
#2327=CARTESIAN_POINT('',(1.5152265634714,-0.409673397015278,2.46620512281075));
#2328=CARTESIAN_POINT('',(1.5017268179809,-0.133252330722966,2.51212277831602));
#2329=CARTESIAN_POINT('',(1.48713294681188,0.154874860285902,2.51087361714592));
#2330=CARTESIAN_POINT('',(1.47207517547634,0.43081365403132,2.46260016963781));
#2331=CARTESIAN_POINT('',(1.457019743497,0.706709578276895,2.41433422183108));
#2332=CARTESIAN_POINT('',(1.44211155763008,0.978089219646187,2.31772003690641));
#2333=CARTESIAN_POINT('',(1.42832251489463,1.22246289359982,2.18073026158018));
#2334=CARTESIAN_POINT('',(1.41452983540505,1.46690101923324,2.04370435625275));
#2335=CARTESIAN_POINT('',(1.4011419406066,1.69103666229706,1.86249680083243));
#2336=CARTESIAN_POINT('',(1.38641076082746,1.87620348786732,1.65222894058739));
#2337=CARTESIAN_POINT('',(1.37168395218719,2.06131536943978,1.44202347249501));
#2338=CARTESIAN_POINT('',(1.35621621674757,2.21263873051246,1.1969545110269));
#2339=CARTESIAN_POINT('',(1.34209626007143,2.3176589213342,0.937260435716767));
#2340=CARTESIAN_POINT('',(1.32797250312362,2.42270737748748,0.677496465855133));
#2341=CARTESIAN_POINT('',(1.31475793895507,2.4843020092914,0.395931213851955));
#2342=CARTESIAN_POINT('',(1.30083029675618,2.49730630467356,0.116022500566395));
#2343=CARTESIAN_POINT('',(1.28690572470749,2.51030773344417,-0.163824510833163));
#2344=CARTESIAN_POINT('',(1.27109191073913,2.4751241253592,-0.449687978895425));
#2345=CARTESIAN_POINT('',(1.25630792116015,2.3946788678646,-0.717992423220965));
#2346=CARTESIAN_POINT('',(1.24152283286259,2.31422763182828,-0.986316807433114));
#2347=CARTESIAN_POINT('',(1.22752125782429,2.18626665630358,-1.24448475807967));
#2348=CARTESIAN_POINT('',(1.21392825149308,2.02140159972349,-1.47103214534399));
#2349=CARTESIAN_POINT('',(1.20033526977975,1.85653684172553,-1.69757912231516));
#2350=CARTESIAN_POINT('',(1.18565629565091,1.65026055977151,-1.89871156523351));
#2351=CARTESIAN_POINT('',(1.17071751164832,1.41969251263355,-2.05778355751333));
#2352=CARTESIAN_POINT('',(1.15578060866471,1.18915349750215,-2.21683552022192));
#2353=CARTESIAN_POINT('',(1.14112151538307,0.927925923118798,-2.33825503533452));
#2354=CARTESIAN_POINT('',(1.12749263623401,0.657644317846851,-2.41195023812759));
#2355=CARTESIAN_POINT('',(1.11385905610892,0.387269485000177,-2.48567086042718));
#2356=CARTESIAN_POINT('',(1.10047971320149,0.10039245180752,-2.51364766834582));
#2357=CARTESIAN_POINT('',(1.08565035260024,-0.179072159231963,-2.49357838492958));
#2358=CARTESIAN_POINT('',(1.07082553487638,-0.458451158120005,-2.47351524960674));
#2359=CARTESIAN_POINT('',(1.05523736832508,-0.738186011134901,-2.40490203076593));
#2360=CARTESIAN_POINT('',(1.0410048344026,-0.995164451687271,-2.2933921849736));
#2361=CARTESIAN_POINT('',(1.02676898190645,-1.25220281142846,-2.18185633863627));
#2362=CARTESIAN_POINT('',(1.01344583096171,-1.49354919245169,-2.02430886228455));
#2363=CARTESIAN_POINT('',(0.999443591995531,-1.69909396569493,-1.83387014146015));
#2364=CARTESIAN_POINT('',(0.985445014511413,-1.90458499049829,-1.64348121895452));
#2365=CARTESIAN_POINT('',(0.969714793012604,-2.07995074309701,-1.41501312819081));
#2366=CARTESIAN_POINT('',(0.955112854887262,-2.21073831287308,-1.16732005550967));
#2367=CARTESIAN_POINT('',(0.940509403494776,-2.34153943677671,-0.919601313236917));
#2368=CARTESIAN_POINT('',(0.926742405077577,-2.43134517682196,-0.645805476888655));
#2369=CARTESIAN_POINT('',(0.913226220506803,-2.47266509773604,-0.368683216919294));
#2370=CARTESIAN_POINT('',(0.899709323996962,-2.5139871950976,-0.0915463600670487));
#2371=CARTESIAN_POINT('',(0.884895296990477,-2.50795855378119,0.196500640006329));
#2372=CARTESIAN_POINT('',(0.869847019997901,-2.45511691690369,0.471594024912655));
#2373=CARTESIAN_POINT('',(0.868571677086164,-2.45063858313368,0.49490821554585));
#2374=CARTESIAN_POINT('',(0.867297292010532,-2.44582762571452,0.51816101845834));
#2375=CARTESIAN_POINT('',(0.86602540378444,-2.44068694822621,0.54133836069339));
#2376=CARTESIAN_POINT('',(0.866025403791226,-0.784359072533174,-2.37376933279856));
#2377=CARTESIAN_POINT('',(0.874018982420012,-0.630513168711658,-2.42460427651746));
#2378=CARTESIAN_POINT('',(0.881783815407702,-0.470945588351121,-2.46058232460627));
#2379=CARTESIAN_POINT('',(0.889627766749061,-0.310163127877782,-2.4806851541671));
#2380=CARTESIAN_POINT('',(0.90319146229387,-0.032139431924091,-2.51544680016489));
#2381=CARTESIAN_POINT('',(0.918304600251213,0.255658149810061,-2.50261921776364));
#2382=CARTESIAN_POINT('',(0.933320681525997,0.529419490808995,-2.44330002307362));
#2383=CARTESIAN_POINT('',(0.948335640559707,0.803160371994478,-2.38398526165987));
#2384=CARTESIAN_POINT('',(0.962932376696041,1.07045898435999,-2.276534306691));
#2385=CARTESIAN_POINT('',(0.976602534357188,1.30913771365596,-2.12982591933793));
#2386=CARTESIAN_POINT('',(0.99027535266806,1.54786289746338,-1.98308897784231));
#2387=CARTESIAN_POINT('',(1.00401988062782,1.76450899356834,-1.79304069934493));
#2388=CARTESIAN_POINT('',(1.01890112563611,1.94106514465847,-1.57552089931933));
#2389=CARTESIAN_POINT('',(1.03377867486902,2.11757744781273,-1.35805512060186));
#2390=CARTESIAN_POINT('',(1.04900400310381,2.25894154066024,-1.10709456720044));
#2391=CARTESIAN_POINT('',(1.06293363712918,2.35344567239096,-0.843382159583855));
#2392=CARTESIAN_POINT('',(1.07686790201657,2.44798122171633,-0.579582081625512));
#2393=CARTESIAN_POINT('',(1.08997083162642,2.49821013490533,-0.295744250727912));
#2394=CARTESIAN_POINT('',(1.10422126925804,2.49995171324496,-0.0155380643450556));
#2395=CARTESIAN_POINT('',(1.11846747980122,2.50169277498251,0.26458500484797));
#2396=CARTESIAN_POINT('',(1.13435535767214,2.45505317690936,0.548794443051476));
#2397=CARTESIAN_POINT('',(1.14896622787231,2.3638882657194,0.813653653094576));
#2398=CARTESIAN_POINT('',(1.16357908839093,2.27271093588477,1.07854894272543));
#2399=CARTESIAN_POINT('',(1.17730608027148,2.13445941900364,1.3313876029128));
#2400=CARTESIAN_POINT('',(1.19095873838824,1.96061107291436,1.55112998190532));
#2401=CARTESIAN_POINT('',(1.20460997787206,1.78678079121871,1.77084952770488));
#2402=CARTESIAN_POINT('',(1.21976127801861,1.57261780725459,1.96349996738414));
#2403=CARTESIAN_POINT('',(1.23463112564456,1.33585369807872,2.11317176238218));
#2404=CARTESIAN_POINT('',(1.24950028021349,1.09910062405461,2.26283658144548));
#2405=CARTESIAN_POINT('',(1.26384633421806,0.833181660409133,2.37366759304331));
#2406=CARTESIAN_POINT('',(1.27737949262815,0.560144673664668,2.43643960412835));
#2407=CARTESIAN_POINT('',(1.29091630731253,0.287033920096093,2.4992285744245));
#2408=CARTESIAN_POINT('',(1.30471364878742,-0.000699665861362089,2.51564905530853));
#2409=CARTESIAN_POINT('',(1.31969780209697,-0.279110012835029,2.48437066492406));
#2410=CARTESIAN_POINT('',(1.33467810570577,-0.557448831141111,2.45310031052537));
#2411=CARTESIAN_POINT('',(1.3500248954047,-0.834214549634051,2.37330227555607));
#2412=CARTESIAN_POINT('',(1.36406542088308,-1.08651321785656,2.25155258153635));
#2413=CARTESIAN_POINT('',(1.37810981976844,-1.33888148856119,2.12976930001907));
#2414=CARTESIAN_POINT('',(1.39131684399395,-1.57371379475959,1.96263549884393));
#2415=CARTESIAN_POINT('',(1.40563283912597,-1.77143465614806,1.76409162432046));
#2416=CARTESIAN_POINT('',(1.41994438292182,-1.96909403930779,1.56560948392888));
#2417=CARTESIAN_POINT('',(1.43567491311986,-2.13513688730464,1.33028258996661));
#2418=CARTESIAN_POINT('',(1.45009418474212,-2.25586704961366,1.07752673027974));
#2419=CARTESIAN_POINT('',(1.46451593148327,-2.37661793568148,0.824727484156803));
#2420=CARTESIAN_POINT('',(1.47802635566228,-2.45534955018248,0.547512069489241));
#2421=CARTESIAN_POINT('',(1.49164040310838,-2.48549214155866,0.2689401685322));
#2422=CARTESIAN_POINT('',(1.50525357259766,-2.51563278906813,-0.00961376759092529));
#2423=CARTESIAN_POINT('',(1.52055997407334,-2.49803290978121,-0.297141730343687));
#2424=CARTESIAN_POINT('',(1.53554149882529,-2.43418158343762,-0.569877196291537));
#2425=CARTESIAN_POINT('',(1.55052241117558,-2.37033286715269,-0.84260151359761));
#2426=CARTESIAN_POINT('',(1.56498930698769,-2.25845740929623,-1.10809018276751));
#2427=CARTESIAN_POINT('',(1.57862443828048,-2.10780523334693,-1.34430543340242));
#2428=CARTESIAN_POINT('',(1.59226170904745,-1.95712941872244,-1.580557748325));
#2429=CARTESIAN_POINT('',(1.60618871658715,-1.76352407061936,-1.79400798413303));
#2430=CARTESIAN_POINT('',(1.62110641701508,-1.54311337985927,-1.96692681533892));
#2431=CARTESIAN_POINT('',(1.63602073728941,-1.32275263124612,-2.13980646542502));
#2432=CARTESIAN_POINT('',(1.65113392652224,-1.06947807766128,-2.27699216484563));
#2433=CARTESIAN_POINT('',(1.66499006328668,-0.804232121489485,-2.36711019911717));
#2434=CARTESIAN_POINT('',(1.67885112102348,-0.538891963878871,-2.45726023858349));
#2435=CARTESIAN_POINT('',(1.69193722590642,-0.254253065734002,-2.50277294823451));
#2436=CARTESIAN_POINT('',(1.70634229198005,0.025940792298911,-2.49986541143616));
#2437=CARTESIAN_POINT('',(1.7207427849058,0.306045697741018,-2.49695879768778));
#2438=CARTESIAN_POINT('',(1.73659082006593,0.589443738302509,-2.44561228515981));
#2439=CARTESIAN_POINT('',(1.75112391003639,0.852757356137968,-2.35006486964777));
#2440=CARTESIAN_POINT('',(1.76565930778235,1.11611278674126,-2.25450228172674));
#2441=CARTESIAN_POINT('',(1.7792840779238,1.36663170404118,-2.11206762728758));
#2442=CARTESIAN_POINT('',(1.7929841545419,1.58346072188621,-1.93459353411605));
#2443=CARTESIAN_POINT('',(1.80668227601992,1.80025879602808,-1.75714476830019));
#2444=CARTESIAN_POINT('',(1.82200397358533,1.98931969460316,-1.53982611269157));
#2445=CARTESIAN_POINT('',(1.83682973867102,2.13504169702064,-1.30061406727101));
#2446=CARTESIAN_POINT('',(1.85165530838805,2.28076177916533,-1.06140517410181));
#2447=CARTESIAN_POINT('',(1.86587283762697,2.38716892671979,-0.793673137014941));
#2448=CARTESIAN_POINT('',(1.87938214231946,2.44540143992681,-0.51962659439628));
#2449=CARTESIAN_POINT('',(1.89289454032581,2.50364728701335,-0.245517301547911));
#2450=CARTESIAN_POINT('',(1.90689622571323,2.51529024659557,0.0424308183198261));
#2451=CARTESIAN_POINT('',(1.92191851137318,2.47939993648744,0.320274811601013));
#2452=CARTESIAN_POINT('',(1.93693729725513,2.44351798783113,0.598054074899213));
#2453=CARTESIAN_POINT('',(1.95217219904394,2.35913972533356,0.873463851754434));
#2454=CARTESIAN_POINT('',(1.96613834808692,2.23322041582818,1.12371107244196));
#2455=CARTESIAN_POINT('',(1.980108487214,2.10726513157886,1.37402978795997));
#2456=CARTESIAN_POINT('',(1.99331020659345,1.93625585208617,1.6060584595081));
#2457=CARTESIAN_POINT('',(2.00776211514119,1.73446281832482,1.80045514574752));
#2458=CARTESIAN_POINT('',(2.02220941746671,1.53273410157426,1.9947898723963));
#2459=CARTESIAN_POINT('',(2.03788389746999,1.2946838791019,2.15690918265691));
#2460=CARTESIAN_POINT('',(2.05222323678214,1.03995634307951,2.2734315042439));
#2461=CARTESIAN_POINT('',(2.06656541972511,0.785178292102551,2.38997693334362));
#2462=CARTESIAN_POINT('',(2.0799829428581,0.506682077730992,2.46409954368483));
#2463=CARTESIAN_POINT('',(2.09366144546706,0.227643912411861,2.48961407634634));
#2464=CARTESIAN_POINT('',(2.10733844150718,-0.0513635192649995,2.51512579880258));
#2465=CARTESIAN_POINT('',(2.12281856111261,-0.338544514731563,2.49275901748336));
#2466=CARTESIAN_POINT('',(2.13775668130334,-0.610180223067618,2.42439272713336));
#2467=CARTESIAN_POINT('',(2.15269468625579,-0.881813835903419,2.3560269641867));
#2468=CARTESIAN_POINT('',(2.16703250257749,-1.14541958134875,2.23975681842253));
#2469=CARTESIAN_POINT('',(2.18064199008207,-1.37910605060347,2.08520178908155));
#2470=CARTESIAN_POINT('',(2.19425305421148,-1.6128195918467,1.93062885492995));
#2471=CARTESIAN_POINT('',(2.20837590928873,-1.82301462447669,1.73352084993189));
#2472=CARTESIAN_POINT('',(2.22331626386825,-1.99224883572545,1.5102796352168));
#2473=CARTESIAN_POINT('',(2.2382535900657,-2.16144874351446,1.28708367108058));
#2474=CARTESIAN_POINT('',(2.25324913207973,-2.29441797590542,1.03156397898389));
#2475=CARTESIAN_POINT('',(2.26703608320925,-2.38012464493874,0.764857290319729));
#2476=CARTESIAN_POINT('',(2.28082809553702,-2.4658627769431,0.498052693465739));
#2477=CARTESIAN_POINT('',(2.29394116884465,-2.5066461129341,0.212696228425881));
#2478=CARTESIAN_POINT('',(2.30848485172858,-2.49909111694058,-0.0674061512672876));
#2479=CARTESIAN_POINT('',(2.32302378320773,-2.49153858915573,-0.347417021829202));
#2480=CARTESIAN_POINT('',(2.33881672416272,-2.43549938215008,-0.629927281365528));
#2481=CARTESIAN_POINT('',(2.35326970224167,-2.33559577175735,-0.89162345805232));
#2482=CARTESIAN_POINT('',(2.36772528265926,-2.23567417316707,-1.153366754583));
#2483=CARTESIAN_POINT('',(2.38125576341856,-2.0890956809203,-1.40149659132363));
#2484=CARTESIAN_POINT('',(2.39501742818668,-1.90804536413931,-1.61535224901149));
#2485=CARTESIAN_POINT('',(2.40877663027234,-1.7270274467406,-1.82916963672376));
#2486=CARTESIAN_POINT('',(2.42424736712676,-1.5066120526472,-2.0145909096663));
#2487=CARTESIAN_POINT('',(2.43902122436177,-1.26501692113444,-2.15632376725842));
#2488=CARTESIAN_POINT('',(2.45379537411461,-1.02341700611247,-2.29805943111747));
#2489=CARTESIAN_POINT('',(2.46788629269983,-0.75394487777718,-2.40001307892092));
#2490=CARTESIAN_POINT('',(2.48138203762896,-0.478964022026148,-2.45368976555809));
#2491=CARTESIAN_POINT('',(2.49488026398307,-0.203932606312407,-2.50737632157788));
#2492=CARTESIAN_POINT('',(2.50909741617403,0.0841496061328876,-2.51423928371753));
#2493=CARTESIAN_POINT('',(2.52414387890542,0.361351202055082,-2.47374722006379));
#2494=CARTESIAN_POINT('',(2.53918723722171,0.638495605211405,-2.43326351081043));
#2495=CARTESIAN_POINT('',(2.55430464461816,0.912474215403425,-2.34432761397384));
#2496=CARTESIAN_POINT('',(2.56820061989234,1.16060111868059,-2.21427302817818));
#2497=CARTESIAN_POINT('',(2.58210056266896,1.40879886578652,-2.08418130991246));
#2498=CARTESIAN_POINT('',(2.59533984772634,1.6379564736984,-1.90934687542062));
#2499=CARTESIAN_POINT('',(2.60990984532409,1.82897512009461,-1.70436205369484));
#2500=CARTESIAN_POINT('',(2.62447522738165,2.01993325486538,-1.49944216785354));
#2501=CARTESIAN_POINT('',(2.64008194843877,2.17808543526174,-1.25873343561222));
#2502=CARTESIAN_POINT('',(2.65434006806857,2.29036835435801,-1.00210418687648));
#2503=CARTESIAN_POINT('',(2.66860139014126,2.40267649274313,-0.745417297965363));
#2504=CARTESIAN_POINT('',(2.6819350278328,2.47216965627312,-0.465717270002362));
#2505=CARTESIAN_POINT('',(2.69569283353202,2.4930495209483,-0.186290327444661));
#2506=CARTESIAN_POINT('',(2.7094485277364,2.51392618106257,0.0930937297460328));
#2507=CARTESIAN_POINT('',(2.72507798491825,2.4867995852683,0.379850908116275));
#2508=CARTESIAN_POINT('',(2.73996475036846,2.41393713609068,0.650313388300077));
#2509=CARTESIAN_POINT('',(2.75485187579459,2.3410729250309,0.920782408519591));
#2510=CARTESIAN_POINT('',(2.76906241466787,2.22043963826718,1.18243280009598));
#2511=CARTESIAN_POINT('',(2.78265641056437,2.06202427779305,1.41352604425672));
#2512=CARTESIAN_POINT('',(2.79625139543972,1.90359739241896,1.64463610071718));
#2513=CARTESIAN_POINT('',(2.81057850098063,1.70304211872071,1.85151824180673));
#2514=CARTESIAN_POINT('',(2.82552848226609,1.47703157523255,2.01702199436844));
#2515=CARTESIAN_POINT('',(2.84047582889335,1.25106086193024,2.18249657994917));
#2516=CARTESIAN_POINT('',(2.85534928424836,0.993365366358458,2.31121287497161));
#2517=CARTESIAN_POINT('',(2.86907227224925,0.72527092857957,2.3924844994602));
#2518=CARTESIAN_POINT('',(2.88280030681072,0.45707790040467,2.47378601118446));
#2519=CARTESIAN_POINT('',(2.89598191779753,0.171087297402136,2.50982867747522));
#2520=CARTESIAN_POINT('',(2.91064621095572,-0.10884489450308,2.49762943387137));
#2521=CARTESIAN_POINT('',(2.92530572747178,-0.388685903295263,2.48543416396201));
#2522=CARTESIAN_POINT('',(2.94103174297606,-0.670231924395838,2.42471797221206));
#2523=CARTESIAN_POINT('',(2.95540320730575,-0.930239164919027,2.32048596118372));
#2524=CARTESIAN_POINT('',(2.96977755073338,-1.19029849382315,2.21623306890345));
#2525=CARTESIAN_POINT('',(2.98322263520418,-1.43597064934812,2.06555148752793));
#2526=CARTESIAN_POINT('',(2.9970605696498,-1.64679392048039,1.88097575302523));
#2527=CARTESIAN_POINT('',(3.0108955659294,-1.85757242815677,1.6964392089198));
#2528=CARTESIAN_POINT('',(3.0264893272427,-2.03930534291246,1.47298673070129));
#2529=CARTESIAN_POINT('',(3.04120435620442,-2.17701096807252,1.22907414133238));
#2530=CARTESIAN_POINT('',(3.05592014875755,-2.31472373904475,0.985148894865814));
#2531=CARTESIAN_POINT('',(3.06988740058197,-2.412195676551,0.714010391173176));
#2532=CARTESIAN_POINT('',(3.08338062215671,-2.46130173836253,0.438170917261284));
#2533=CARTESIAN_POINT('',(3.0968756812789,-2.51041448758509,0.162293878701066));
#2534=CARTESIAN_POINT('',(3.11131433166739,-2.51249661759865,-0.12584251451875));
#2535=CARTESIAN_POINT('',(3.12637179681274,-2.46741437428197,-0.402326118449612));
#2536=CARTESIAN_POINT('',(3.14142659575669,-2.42234011360641,-0.678760765868457));
#2537=CARTESIAN_POINT('',(3.15642196002977,-2.32887050096916,-0.951233591737489));
#2538=CARTESIAN_POINT('',(3.17025286405338,-2.19471613298432,-1.19717212447433));
#2539=CARTESIAN_POINT('',(3.18408758209102,-2.0605247705528,-1.44317847729089));
#2540=CARTESIAN_POINT('',(3.1974026261757,-1.8819164118541,-1.66939906336149));
#2541=CARTESIAN_POINT('',(3.21207344218867,-1.6737977966584,-1.8569870586252));
#2542=CARTESIAN_POINT('',(3.2267397534512,-1.46574308536722,-2.04451745401816));
#2543=CARTESIAN_POINT('',(3.24226799207693,-1.22244158603536,-2.19865984347932));
#2544=CARTESIAN_POINT('',(3.25644452817036,-0.963981316358482,-2.30667293340685));
#2545=CARTESIAN_POINT('',(3.27062462008176,-0.705456218597505,-2.41471311562864));
#2546=CARTESIAN_POINT('',(3.28388432816752,-0.424629833719436,-2.47955774217441));
#2547=CARTESIAN_POINT('',(3.2977367536524,-0.144891822489023,-2.49579774015761));
#2548=CARTESIAN_POINT('',(3.31158649107278,0.134791905553103,-2.51203458676762));
#2549=CARTESIAN_POINT('',(3.3273361822122,0.421048878800729,-2.48015652719065));
#2550=CARTESIAN_POINT('',(3.34216454828044,0.690264976701697,-2.40281798352247));
#2551=CARTESIAN_POINT('',(3.35699372092118,0.959495718313267,-2.32547523311012));
#2552=CARTESIAN_POINT('',(3.37107980909427,1.21911876692812,-2.20051170369386));
#2553=CARTESIAN_POINT('',(3.38466920427181,1.44755503074827,-2.03827977298393));
#2554=CARTESIAN_POINT('',(3.39825899069997,1.675997871449,-1.87604317147427));
#2555=CARTESIAN_POINT('',(3.41279380149512,1.8795107990229,-1.67209666607811));
#2556=CARTESIAN_POINT('',(3.42774118517062,2.04123939893862,-1.44337857688851));
#2557=CARTESIAN_POINT('',(3.44268636692769,2.20294417440498,-1.21469418045663));
#2558=CARTESIAN_POINT('',(3.45743434717277,2.32737225193667,-0.954892669977654));
#2559=CARTESIAN_POINT('',(3.47109947710111,2.40418637322612,-0.685483685286417));
#2560=CARTESIAN_POINT('',(3.48476949517688,2.48102797166,-0.415978330429629));
#2561=CARTESIAN_POINT('',(3.49805637304962,2.51232018926241,-0.129436570168548));
#2562=CARTESIAN_POINT('',(3.51282383281845,2.49548107250502,0.150247185561662));
#2563=CARTESIAN_POINT('',(3.52758661804109,2.47864728606374,0.429842409164388));
#2564=CARTESIAN_POINT('',(3.54323486308838,2.41327096179479,0.710347718563077));
#2565=CARTESIAN_POINT('',(3.55752433282024,2.3047395026117,0.968594768260281));
#2566=CARTESIAN_POINT('',(3.5718169447306,2.19618417793721,1.226898605112));
#2567=CARTESIAN_POINT('',(3.58518646024095,2.04144140147849,1.47004502885316));
#2568=CARTESIAN_POINT('',(3.59911581329037,1.85339208130932,1.67777763512926));
#2569=CARTESIAN_POINT('',(3.61304178810965,1.66538836798775,1.88545986084929));
#2570=CARTESIAN_POINT('',(3.62872801108789,1.43895895489021,2.06345674390338));
#2571=CARTESIAN_POINT('',(3.64337820079022,1.19279515463053,2.19709802218516));
#2572=CARTESIAN_POINT('',(3.65802960390705,0.946610965643516,2.33075036942013));
#2573=CARTESIAN_POINT('',(3.67187714699678,0.673880376725724,2.42371351241074));
#2574=CARTESIAN_POINT('',(3.68537959357038,0.397258329566798,2.46823536551719));
#2575=CARTESIAN_POINT('',(3.69888321649164,0.120612182797943,2.51276109741532));
#2576=CARTESIAN_POINT('',(3.71354432973664,-0.167499019100739,2.51006282224091));
#2577=CARTESIAN_POINT('',(3.72860043014075,-0.443189423959713,2.46040304309889));
#2578=CARTESIAN_POINT('',(3.74365433788426,-0.718839679280061,2.41075049604468));
#2579=CARTESIAN_POINT('',(3.75852415469057,-0.989732509857788,2.31277213641447));
#2580=CARTESIAN_POINT('',(3.7722959657895,-1.2334152103049,2.17455441849325));
#2581=CARTESIAN_POINT('',(3.78607132013859,-1.47716060612047,2.03630113953));
#2582=CARTESIAN_POINT('',(3.79949556750772,-1.70037949830231,1.85397071178316));
#2583=CARTESIAN_POINT('',(3.81425053671274,-1.88448525848436,1.64277670745452));
#2584=CARTESIAN_POINT('',(3.8290012044816,-2.06853734731252,1.4316442713687));
#2585=CARTESIAN_POINT('',(3.84444122807525,-2.2186279876594,1.18581652388915));
#2586=CARTESIAN_POINT('',(3.85853673143774,-2.32234171486748,0.92559654244512));
#2587=CARTESIAN_POINT('',(3.87263614102499,-2.42608418380392,0.665304447383937));
#2588=CARTESIAN_POINT('',(3.88583279028575,-2.48626226525607,0.383429598474555));
#2589=CARTESIAN_POINT('',(3.89979557440837,-2.49785835215462,0.103458458191734));
#2590=CARTESIAN_POINT('',(3.91375512790814,-2.50945175602213,-0.176447904096176));
#2591=CARTESIAN_POINT('',(3.92959133947975,-2.47283156473467,-0.462128693670113));
#2592=CARTESIAN_POINT('',(3.94435517147013,-2.39103801462641,-0.730025487645045));
#2593=CARTESIAN_POINT('',(3.95912022420063,-2.30923770145903,-0.997944432533505));
#2594=CARTESIAN_POINT('',(3.97308569986273,-2.17997793414732,-1.25546851960626));
#2595=CARTESIAN_POINT('',(3.98668209478917,-2.01397420763457,-1.48118462420548));
#2596=CARTESIAN_POINT('',(4.00027828540714,-1.84797297560418,-1.70689733704443));
#2597=CARTESIAN_POINT('',(4.01501933512671,-1.64069172294423,-1.90698588311523));
#2598=CARTESIAN_POINT('',(4.02995272166747,-1.40932832458728,-2.06489555995358));
#2599=CARTESIAN_POINT('',(4.04488437082382,-1.17799184357821,-2.22278686521831));
#2600=CARTESIAN_POINT('',(4.05950452642827,-0.916154547635688,-2.34289237552239));
#2601=CARTESIAN_POINT('',(4.07311876294379,-0.645504468950563,-2.41522752149044));
#2602=CARTESIAN_POINT('',(4.08673760112733,-0.374762909423909,-2.48758711703581));
#2603=CARTESIAN_POINT('',(4.10016157142569,-0.0877524754658299,-2.51412037176806));
#2604=CARTESIAN_POINT('',(4.11501536509364,0.19160504022378,-2.49264668747114));
#2605=CARTESIAN_POINT('',(4.12986468576156,0.470878431534069,-2.47117946965628));
#2606=CARTESIAN_POINT('',(4.14542530703062,0.750266489525493,-2.40116082362603));
#2607=CARTESIAN_POINT('',(4.15963321460492,1.00668226068715,-2.28835985500922));
#2608=CARTESIAN_POINT('',(4.17384451569831,1.26315927604032,-2.17553194419578));
#2609=CARTESIAN_POINT('',(4.18714920027986,1.50371232853651,-2.0167708774379));
#2610=CARTESIAN_POINT('',(4.20118554123583,1.70829659295633,-1.82530072878247));
#2611=CARTESIAN_POINT('',(4.21521810413614,1.91282579097813,-1.63388211669777));
#2612=CARTESIAN_POINT('',(4.23096178761116,2.08703985396265,-1.40453631314475));
#2613=CARTESIAN_POINT('',(4.24554203955463,2.21658048793389,-1.15618810775357));
#2614=CARTESIAN_POINT('',(4.2601239317274,2.34613569479069,-0.907811964024687));
#2615=CARTESIAN_POINT('',(4.27385672670776,2.4345639367635,-0.63356406814592));
#2616=CARTESIAN_POINT('',(4.2873808289565,2.47448905119999,-0.356235786370916));
#2617=CARTESIAN_POINT('',(4.30090544123121,2.51441567130723,-0.0788970458887765));
#2618=CARTESIAN_POINT('',(4.31578494617611,2.50693846942376,0.209110114227285));
#2619=CARTESIAN_POINT('',(4.33082814243553,2.45271469831101,0.483932442277975));
#2620=CARTESIAN_POINT('',(4.34586964422453,2.39849703498108,0.758723814254244));
#2621=CARTESIAN_POINT('',(4.36061144437548,2.29603583116767,1.02796271129064));
#2622=CARTESIAN_POINT('',(4.37433099596458,2.15379205399853,1.2693225705599));
#2623=CARTESIAN_POINT('',(4.38805371976018,2.01151538751575,1.51073823655948));
#2624=CARTESIAN_POINT('',(4.40161581144631,1.82551522859913,1.73089194131954));
#2625=CARTESIAN_POINT('',(4.4164389147519,1.61130455885237,1.91146478351593));
#2626=CARTESIAN_POINT('',(4.43125798363282,1.39715219112199,2.09198847895031));
#2627=CARTESIAN_POINT('',(4.44660105530041,1.14886543949678,2.23798601463256));
#2628=CARTESIAN_POINT('',(4.46061698407779,0.886957634265306,2.33737163391248));
#2629=CARTESIAN_POINT('',(4.47463716590767,0.624970354625704,2.43678741118355));
#2630=CARTESIAN_POINT('',(4.48778251872361,0.342125415760338,2.49228190416167));
#2631=CARTESIAN_POINT('',(4.50187177140078,0.0619993751352795,2.49923109725428));
#2632=CARTESIAN_POINT('',(4.51595729290375,-0.218052481352347,2.50617845003281));
#2633=CARTESIAN_POINT('',(4.53184181702934,-0.503081468251449,2.46482632864039));
#2634=CARTESIAN_POINT('',(4.54653589379269,-0.769586217643851,2.3785998094704));
#2635=CARTESIAN_POINT('',(4.56123157204839,-1.03612001311539,2.29236389256058));
#2636=CARTESIAN_POINT('',(4.57508127540187,-1.2914738783012,2.15884290662763));
#2637=CARTESIAN_POINT('',(4.58869695101099,-1.51440718977547,1.98911308465766));
#2638=CARTESIAN_POINT('',(4.60231183865215,-1.73732759962728,1.81939308531163));
#2639=CARTESIAN_POINT('',(4.61725277132453,-1.93393764294635,1.60883394805065));
#2640=CARTESIAN_POINT('',(4.63216160316582,-2.08798545281338,1.37488790409971));
#2641=CARTESIAN_POINT('',(4.64706918416535,-2.24202033816445,1.14096148807715));
#2642=CARTESIAN_POINT('',(4.66156019731893,-2.35776976190561,0.877159121139187));
#2643=CARTESIAN_POINT('',(4.6751313444859,-2.42560537028079,0.605341711486169));
#2644=CARTESIAN_POINT('',(4.68870669727433,-2.4934620005259,0.333440067160997));
#2645=CARTESIAN_POINT('',(4.70229463127903,-2.51522894400598,0.046042934062363));
#2646=CARTESIAN_POINT('',(4.71721857565554,-2.48912685215228,-0.232910957008173));
#2647=CARTESIAN_POINT('',(4.73213831883016,-2.46303210823255,-0.51178632047319));
#2648=CARTESIAN_POINT('',(4.74760246030157,-2.38838988051261,-0.789980499711122));
#2649=CARTESIAN_POINT('',(4.76173014538863,-2.271350298521,-1.0444940504421));
#2650=CARTESIAN_POINT('',(4.77586146203725,-2.15428063117256,-1.29907302460389));
#2651=CARTESIAN_POINT('',(4.78911294209754,-1.99154521418698,-1.53696539656785));
#2652=CARTESIAN_POINT('',(4.80327220798773,-1.79670796218558,-1.73834418301409));
#2653=CARTESIAN_POINT('',(4.81742734391177,-1.60192754019673,-1.93966423141696));
#2654=CARTESIAN_POINT('',(4.83318916290681,-1.36972629627117,-2.11004952264253));
#2655=CARTESIAN_POINT('',(4.84769529441861,-1.11926107287048,-2.2354540144581));
#2656=CARTESIAN_POINT('',(4.86220347071951,-0.868760543809066,-2.36087618333231));
#2657=CARTESIAN_POINT('',(4.87582747271292,-0.593070582287813,-2.4447443966541));
#2658=CARTESIAN_POINT('',(4.88938631255635,-0.315112676117269,-2.48006128983745));
#2659=CARTESIAN_POINT('',(4.90294500076217,-0.0371578785367405,-2.51537778804826));
#2660=CARTESIAN_POINT('',(4.91803382469196,0.250666881999463,-2.50312414564985));
#2661=CARTESIAN_POINT('',(4.93305342199459,0.524546545758228,-2.4443508179746));
#2662=CARTESIAN_POINT('',(4.94807183543729,0.798404622043492,-2.38558212287279));
#2663=CARTESIAN_POINT('',(4.96268418066414,1.06591586266816,-2.27866494407099));
#2664=CARTESIAN_POINT('',(4.97635914272414,1.3048862811049,-2.13243330338471));
#2665=CARTESIAN_POINT('',(4.99003682441137,1.54390422511843,-1.98617258067601));
#2666=CARTESIAN_POINT('',(5.00376055295325,1.76093040860708,-1.79655549851493));
#2667=CARTESIAN_POINT('',(5.01863645100168,1.93792053325229,-1.57938722509686));
#2668=CARTESIAN_POINT('',(5.03350861609754,2.11486624405834,-1.36227344780837));
#2669=CARTESIAN_POINT('',(5.04874700108673,2.25672995501564,-1.11159569113072));
#2670=CARTESIAN_POINT('',(5.06268571517902,2.35175954449833,-0.848072546932772));
#2671=CARTESIAN_POINT('',(5.07662902051221,2.44682043555846,-0.584462601453791));
#2672=CARTESIAN_POINT('',(5.08973570729459,2.4976153000625,-0.300726538768606));
#2673=CARTESIAN_POINT('',(5.10396785056851,2.49991574995741,-0.0205242080211558));
#2674=CARTESIAN_POINT('',(5.11819581604309,2.50221552456274,0.259595870244023));
#2675=CARTESIAN_POINT('',(5.13408607425911,2.45614259767359,0.543897763526672));
#2676=CARTESIAN_POINT('',(5.14870609259036,2.36550617560693,0.808937904394087));
#2677=CARTESIAN_POINT('',(5.16332806129582,2.2748576622463,1.07401340277211));
#2678=CARTESIAN_POINT('',(5.17706782814376,2.13711154607794,1.32712619957885));
#2679=CARTESIAN_POINT('',(5.19071571425933,1.96370229714101,1.54721468717276));
#2680=CARTESIAN_POINT('',(5.20436224801517,1.79031023120818,1.76728136634869));
#2681=CARTESIAN_POINT('',(5.21949185290372,1.57653050034949,1.96035984148896));
#2682=CARTESIAN_POINT('',(5.23436642989563,1.34006496885387,2.11050370273323));
#2683=CARTESIAN_POINT('',(5.24924025376346,1.10361140999377,2.26063996194893));
#2684=CARTESIAN_POINT('',(5.26360183644656,0.837915259924149,2.37200067198208));
#2685=CARTESIAN_POINT('',(5.27713851876275,0.565004667271734,2.43531717153252));
#2686=CARTESIAN_POINT('',(5.29067892085272,0.292019080936147,2.49865106995876));
#2687=CARTESIAN_POINT('',(5.30445269058147,0.00431672279104482,2.51564557582104));
#2688=CARTESIAN_POINT('',(5.31943128470749,-0.274156560393811,2.48492216787428));
#2689=CARTESIAN_POINT('',(5.3344059900115,-0.552557544868603,2.45420673650158));
#2690=CARTESIAN_POINT('',(5.34976580097984,-0.829481153516415,2.37496071744912));
#2691=CARTESIAN_POINT('',(5.36381550612006,-1.08202173256073,2.25371448286296));
#2692=CARTESIAN_POINT('',(5.37786906113066,-1.3346315122386,2.1324350246409));
#2693=CARTESIAN_POINT('',(5.39107982845214,-1.56979621485023,1.96577041101662));
#2694=CARTESIAN_POINT('',(5.4053782618428,-1.76791296628981,1.76762092758158));
#2695=CARTESIAN_POINT('',(5.4196722734211,-1.96596844982162,1.56953272217673));
#2696=CARTESIAN_POINT('',(5.43540870632087,-2.13247994108413,1.33453750135386));
#2697=CARTESIAN_POINT('',(5.44983745535084,-2.25371372113701,1.08202331913818));
#2698=CARTESIAN_POINT('',(5.46426863431629,-2.37496791808548,0.829466611186729));
#2699=CARTESIAN_POINT('',(5.47779078702985,-2.45425210952842,0.55241031387154));
#2700=CARTESIAN_POINT('',(5.49139806224847,-2.48495049708932,0.273899665964658));
#2701=CARTESIAN_POINT('',(5.50500453644684,-2.51564707752649,-0.00459458684006468));
#2702=CARTESIAN_POINT('',(5.52028864331773,-2.49862061221859,-0.292159059617133));
#2703=CARTESIAN_POINT('',(5.53527480746806,-2.43531320629722,-0.565021758195509));
#2704=CARTESIAN_POINT('',(5.55026029839372,-2.37200864433965,-0.837872198940476));
#2705=CARTESIAN_POINT('',(5.56474278235504,-2.26066350231114,-1.10358230608519));
#2706=CARTESIAN_POINT('',(5.57838164343984,-2.1104832659904,-1.34009715467741));
#2707=CARTESIAN_POINT('',(5.5920227092038,-1.96027875350501,-1.57665023515387));
#2708=CARTESIAN_POINT('',(5.6059269765506,-1.7670981340181,-1.79048780772311));
#2709=CARTESIAN_POINT('',(5.62084103950202,-1.54703177418143,-1.96384640175169));
#2710=CARTESIAN_POINT('',(5.63575168276302,-1.32701587402324,-2.1371652458661));
#2711=CARTESIAN_POINT('',(5.65087866448028,-1.07401584476346,-2.27485526548436));
#2712=CARTESIAN_POINT('',(5.66474342647367,-0.808950381574987,-2.36550190871825));
#2713=CARTESIAN_POINT('',(5.67861308186475,-0.543791366782533,-2.45618054457301));
#2714=CARTESIAN_POINT('',(5.69169897101779,-0.25924435989281,-2.50226090901233));
#2715=CARTESIAN_POINT('',(5.70608613750024,0.0209551732155114,-2.49991217460044));
#2716=CARTESIAN_POINT('',(5.72046876367767,0.301066280896228,-2.49756418140265));
#2717=CARTESIAN_POINT('',(5.73632257828788,0.584565889156337,-2.44678275296658));
#2718=CARTESIAN_POINT('',(5.75086515969843,0.848069104926475,-2.35176078572401));
#2719=CARTESIAN_POINT('',(5.76541001203774,1.11161346862029,-2.25672398011735));
#2720=CARTESIAN_POINT('',(5.77904666972216,1.36241491742965,-2.11479012098846));
#2721=CARTESIAN_POINT('',(5.79274030762588,1.5795973350123,-1.93774927666663));
#2722=CARTESIAN_POINT('',(5.80643205341476,1.7967497434711,-1.76073289491724));
#2723=CARTESIAN_POINT('',(5.82173430439483,1.9862448072577,-1.54379047289048));
#2724=CARTESIAN_POINT('',(5.83656580007966,2.13244371034396,-1.30486927399433));
#2725=CARTESIAN_POINT('',(5.85139704092536,2.27864010139766,-1.06595218031249));
#2726=CARTESIAN_POINT('',(5.86562993899058,2.38558062567837,-0.798434244014009));
#2727=CARTESIAN_POINT('',(5.87914158172119,2.44435971419967,-0.524505088247686));
#2728=CARTESIAN_POINT('',(5.89265638838034,2.50315256661621,-0.250511788373331));
#2729=CARTESIAN_POINT('',(5.90663282140672,2.51536998394146,0.0374148068133189));
#2730=CARTESIAN_POINT('',(5.92165127631461,2.48003355162233,0.315330910041399));
#2731=CARTESIAN_POINT('',(5.93666618699143,2.44470545840876,0.593181427369371));
#2732=CARTESIAN_POINT('',(5.95191485594636,2.36087660464891,0.8687581895397));
#2733=CARTESIAN_POINT('',(5.9658897413366,2.23545672040313,1.11925566838183));
#2734=CARTESIAN_POINT('',(5.9798686102452,2.1100010854232,1.36982455112316));
#2735=CARTESIAN_POINT('',(5.99306860894405,1.93945502460759,1.60219383484972));
#2736=CARTESIAN_POINT('',(6.00750513263772,1.73804954273231,1.79699298468525));
#2737=CARTESIAN_POINT('',(6.02193706055549,1.53670817701673,1.99173012144505));
#2738=CARTESIAN_POINT('',(6.03761891667623,1.29898190941112,2.15432339326478));
#2739=CARTESIAN_POINT('',(6.0519679507836,1.04448769828605,2.2713532195872));
#2740=CARTESIAN_POINT('',(6.06631978483217,0.789943827454148,2.38840588205523));
#2741=CARTESIAN_POINT('',(6.07974801739681,0.51159751290288,2.46308363633228));
#2742=CARTESIAN_POINT('',(6.09341799666663,0.232611302858639,2.48915487300056));
#2743=CARTESIAN_POINT('',(6.10708654376818,-0.0463456785239341,2.51522337825298));
#2744=CARTESIAN_POINT('',(6.12254697608417,-0.333572455033842,2.49342926396803));
#2745=CARTESIAN_POINT('',(6.13749075199917,-0.605344253705088,2.42560473583522));
#2746=CARTESIAN_POINT('',(6.15243435391368,-0.87711288795362,2.35778099742922));
#2747=CARTESIAN_POINT('',(6.16678761154301,-1.14094881292173,2.2420374840152));
#2748=CARTESIAN_POINT('',(6.18039965966713,-1.37494268117291,2.08794938240587));
#2749=CARTESIAN_POINT('',(6.19401335370036,-1.60896484293541,1.93384264913973));
#2750=CARTESIAN_POINT('',(6.20811212435158,-1.81955425258138,1.73715277340075));
#2751=CARTESIAN_POINT('',(6.22305046021246,-1.98923382881504,1.51424858405014));
#2752=CARTESIAN_POINT('',(6.23798572318652,-2.15887850115194,1.29139024715264));
#2753=CARTESIAN_POINT('',(6.25299566282185,-2.29235653620154,1.03613677857301));
#2754=CARTESIAN_POINT('',(6.26679067204779,-2.37859475988596,0.769601824480068));
#2755=CARTESIAN_POINT('',(6.28059073396208,-2.46486456998403,0.502969246816593));
#2756=CARTESIAN_POINT('',(6.29369827259944,-2.50621703851609,0.217694618395659));
#2757=CARTESIAN_POINT('',(6.30822625552513,-2.49922055408547,-0.0624229287740751));
#2758=CARTESIAN_POINT('',(6.32274949990401,-2.49222635167632,-0.342449110878245));
#2759=CARTESIAN_POINT('',(6.33854970856586,-2.43675043204008,-0.625070130790533));
#2760=CARTESIAN_POINT('',(6.35301240902078,-2.33736902067401,-0.886964520819995));
#2761=CARTESIAN_POINT('',(6.36747767744351,-2.23796996334574,-1.14890541228711));
#2762=CARTESIAN_POINT('',(6.38101904085872,-2.0918874578595,-1.39732607226835));
#2763=CARTESIAN_POINT('',(6.3947725356905,-1.91126436229605,-1.61154228533324));
#2764=CARTESIAN_POINT('',(6.40852362721381,-1.73067282911159,-1.82572106590212));
#2765=CARTESIAN_POINT('',(6.42397773326,-1.51062654039528,-2.01158244605184));
#2766=CARTESIAN_POINT('',(6.43875821401872,-1.2693144145401,-2.15379686067204));
#2767=CARTESIAN_POINT('',(6.4535389294216,-1.02799845778916,-2.29601353298483));
#2768=CARTESIAN_POINT('',(6.46764493193715,-0.758731614501675,-2.39850403706274));
#2769=CARTESIAN_POINT('',(6.481141737619,-0.483859074434303,-2.45272917300047));
#2770=CARTESIAN_POINT('',(6.49464110028502,-0.20893445947229,-2.5069645819478));
#2771=CARTESIAN_POINT('',(6.50883193269147,0.0791358704799556,-2.51440220336097));
#2772=CARTESIAN_POINT('',(6.52387620153275,0.356418692406078,-2.47446271253045));
#2773=CARTESIAN_POINT('',(6.53891731606362,0.633643376838158,-2.43453159575604));
#2774=CARTESIAN_POINT('',(6.55404910833134,0.90779797817089,-2.34614231454135));
#2775=CARTESIAN_POINT('',(6.56795326666747,1.15618336971096,-2.21658295933263));
#2776=CARTESIAN_POINT('',(6.58186140236468,1.40463981326061,-2.08698654295663));
#2777=CARTESIAN_POINT('',(6.59509405906635,1.63414605659926,-1.91260922279247));
#2778=CARTESIAN_POINT('',(6.60965078629778,1.82557356973775,-1.70800501798881));
#2779=CARTESIAN_POINT('',(6.62420289223203,2.01694031073907,-1.50346576850216));
#2780=CARTESIAN_POINT('',(6.63981834491373,2.17557163769244,-1.26307314659598));
#2781=CARTESIAN_POINT('',(6.65408626506778,2.28836578921734,-1.00666877111575));
#2782=CARTESIAN_POINT('',(6.66835734489305,2.40118491932574,-0.75020761416223));
#2783=CARTESIAN_POINT('',(6.68170055803235,2.47123560566919,-0.470648205301998));
#2784=CARTESIAN_POINT('',(6.69544802989303,2.49267288745043,-0.191263891442033));
#2785=CARTESIAN_POINT('',(6.70919346157196,2.51410698785028,0.0880789606289377));
#2786=CARTESIAN_POINT('',(6.72480641414787,2.48755213293337,0.374891132521425));
#2787=CARTESIAN_POINT('',(6.73969974321122,2.41522911248267,0.645498516044922));
#2788=CARTESIAN_POINT('',(6.75459337653431,2.34290461452601,0.916111427877639));
#2789=CARTESIAN_POINT('',(6.76881908560815,2.22279408999935,1.17800068028236));
#2790=CARTESIAN_POINT('',(6.78241438211461,2.06484047435339,1.40940903057703));
#2791=CARTESIAN_POINT('',(6.79601073904033,1.90687453848662,1.64083543048684));
#2792=CARTESIAN_POINT('',(6.8103130121829,1.70673069625586,1.84811880562375));
#2793=CARTESIAN_POINT('',(6.82526249876128,1.48104978709388,2.01407336712176));
#2794=CARTESIAN_POINT('',(6.8402093011853,1.25540939854742,2.1799981317663));
#2795=CARTESIAN_POINT('',(6.8550976319528,0.997971767045369,2.30922754367268));
#2796=CARTESIAN_POINT('',(6.86882800311349,0.730040279440754,2.39103349838392));
#2797=CARTESIAN_POINT('',(6.88256343046658,0.462010126393056,2.47286957803807));
#2798=CARTESIAN_POINT('',(6.89573476436524,0.176091353540644,2.50948264791532));
#2799=CARTESIAN_POINT('',(6.91038549337991,-0.103865442720426,2.49784146210453));
#2800=CARTESIAN_POINT('',(6.92503144152186,-0.383730882584712,2.48620407508271));
#2801=CARTESIAN_POINT('',(6.94076609489835,-0.66539685436682,2.42604921657219));
#2802=CARTESIAN_POINT('',(6.95514740124777,-0.925610887776443,2.322335997316));
#2803=CARTESIAN_POINT('',(6.96953155421631,-1.1858764276504,2.21860224918534));
#2804=CARTESIAN_POINT('',(6.98298640244436,-1.43184762029505,2.06841169136895));
#2805=CARTESIAN_POINT('',(6.99681437653232,-1.64303849886546,1.88425701305473));
#2806=CARTESIAN_POINT('',(7.0106394678124,-1.85418534909701,1.7001407266665));
#2807=CARTESIAN_POINT('',(7.02621996810435,-2.03636416833293,1.47705015359088));
#2808=CARTESIAN_POINT('',(7.04094240444772,-2.17455587293588,1.23341264606784));
#2809=CARTESIAN_POINT('',(7.05566554881743,-2.31275422340678,0.989763421613541));
#2810=CARTESIAN_POINT('',(7.06964747680198,-2.41076634422632,0.718821309057136));
#2811=CARTESIAN_POINT('',(7.08314039424852,-2.46042256519116,0.443081031751732));
#2812=CARTESIAN_POINT('',(7.09663522782377,-2.51008583783409,0.167301596579715));
#2813=CARTESIAN_POINT('',(7.11104710190028,-2.51274265484169,-0.120832491397668));
#2814=CARTESIAN_POINT('',(7.12610391459114,-2.46821153143718,-0.397406386562328));
#2815=CARTESIAN_POINT('',(7.14115800635186,-2.42368845529195,-0.673930301810183));
#2816=CARTESIAN_POINT('',(7.15616824682751,-2.33076252366875,-0.946588063463849));
#2817=CARTESIAN_POINT('',(7.17000667380515,-2.19709906708446,-1.19279322995087));
#2818=CARTESIAN_POINT('',(7.1838489397558,-2.06339853038953,-1.43906669719146));
#2819=CARTESIAN_POINT('',(7.19715301430628,-1.88524109050771,-1.6656437763133));
#2820=CARTESIAN_POINT('',(7.21181260488526,-1.67749609623448,-1.85364690464988));
#2821=CARTESIAN_POINT('',(7.22646767194405,-1.46981520598063,-2.04159202072858));
#2822=CARTESIAN_POINT('',(7.24200587892363,-1.22682187128216,-2.19621864438812));
#2823=CARTESIAN_POINT('',(7.25619221075065,-0.968577943149002,-2.3047465734968));
#2824=CARTESIAN_POINT('',(7.27038205610003,-0.710270055859622,-2.41330138166832));
#2825=CARTESIAN_POINT('',(7.28365009402228,-0.429574956332154,-2.47870576465364));
#2826=CARTESIAN_POINT('',(7.2974903212293,-0.149870221198423,-2.49550374008895));
#2827=CARTESIAN_POINT('',(7.3113279280084,0.129781556271711,-2.51229853509354));
#2828=CARTESIAN_POINT('',(7.32706485899189,0.416102682655118,-2.48099115673382));
#2829=CARTESIAN_POINT('',(7.34190058744063,0.685472463794235,-2.4041895726793));
#2830=CARTESIAN_POINT('',(7.35673707044444,0.95485594526046,-2.32738408244487));
#2831=CARTESIAN_POINT('',(7.37083793531683,1.21472648778542,-2.20293929878324));
#2832=CARTESIAN_POINT('',(7.3844272838606,1.44348548956613,-2.0411637958312));
#2833=CARTESIAN_POINT('',(7.39801709560944,1.67225228880146,-1.87938277861685));
#2834=CARTESIAN_POINT('',(7.41252691952505,1.87617315641513,-1.67584094232343));
#2835=CARTESIAN_POINT('',(7.42747523469625,2.03835788569715,-1.44744503516239));
#2836=CARTESIAN_POINT('',(7.44242129407683,2.20051814032863,-1.21908359431662));
#2837=CARTESIAN_POINT('',(7.45718450191589,2.3254635228029,-0.959531535885517));
#2838=CARTESIAN_POINT('',(7.47085623525918,2.4028146186724,-0.690276689664527));
#2839=CARTESIAN_POINT('',(7.48453288290681,2.48019351839213,-0.420925059793144));
#2840=CARTESIAN_POINT('',(7.49780532679985,2.51205724464176,-0.134445180593027));
#2841=CARTESIAN_POINT('',(7.51256128780691,2.49577560747749,0.145272561484757));
#2842=CARTESIAN_POINT('',(7.52731255617027,2.4794991481476,0.424901348617555));
#2843=CARTESIAN_POINT('',(7.5429706903907,2.41468207851651,0.705535804014707));
#2844=CARTESIAN_POINT('',(7.55727001151185,2.3066658766452,0.963998202031857));
#2845=CARTESIAN_POINT('',(7.57157244381942,2.19862617306092,1.22251683521544));
#2846=CARTESIAN_POINT('',(7.58495049317584,2.04436932962573,1.46597045221011));
#2847=CARTESIAN_POINT('',(7.59886804167096,1.85673478555161,1.67407763742385));
#2848=CARTESIAN_POINT('',(7.61278226282252,1.66914510028222,1.88213506932787));
#2849=CARTESIAN_POINT('',(7.6284591355094,1.44307034021003,2.06058353842411));
#2850=CARTESIAN_POINT('',(7.64311740695941,1.19717362857318,2.19471531252892));
#2851=CARTESIAN_POINT('',(7.65777683895863,0.951257448390027,2.32885770633921));
#2852=CARTESIAN_POINT('',(7.67163852921981,0.678714293547804,2.42236423509083));
#2853=CARTESIAN_POINT('',(7.68513922276792,0.402182285619458,2.46743782274932));
#2854=CARTESIAN_POINT('',(7.69864117263289,0.125624544803999,2.51251560476329));
#2855=CARTESIAN_POINT('',(7.71327566053975,-0.16249386478903,2.51039190705779));
#2856=CARTESIAN_POINT('',(7.72833255168876,-0.438283582814623,2.46128167852344));
#2857=CARTESIAN_POINT('',(7.74338719171991,-0.714032068214422,2.41217879233561));
#2858=CARTESIAN_POINT('',(7.75827225109826,-0.98511873882452,2.31474106203031));
#2859=CARTESIAN_POINT('',(7.77205082091829,-1.22907615652891,2.17700983035266));
#2860=CARTESIAN_POINT('',(7.78583297219633,-1.47309698598481,2.03924279825246));
#2861=CARTESIAN_POINT('',(7.79924248284233,-1.69668008155011,1.85735702890896));
#2862=CARTESIAN_POINT('',(7.81398819643959,-1.88120712636,1.64652960730512));
#2863=CARTESIAN_POINT('',(7.82872958021659,-2.06567998803837,1.43576409147734));
#2864=CARTESIAN_POINT('',(7.84418068953678,-2.21625987359193,1.19023647407658));
#2865=CARTESIAN_POINT('',(7.85828587431552,-2.32049194763001,0.930224231561554));
#2866=CARTESIAN_POINT('',(7.87239492333927,-2.42475257700272,0.670140756303026));
#2867=CARTESIAN_POINT('',(7.88559854809774,-2.48549252768276,0.388387805617063));
#2868=CARTESIAN_POINT('',(7.89954722134063,-2.49764702173952,0.108440558813151));
#2869=CARTESIAN_POINT('',(7.91349272714609,-2.50979875577755,-0.171443118117689));
#2870=CARTESIAN_POINT('',(7.92932047113131,-2.47374807728601,-0.457197174055392));
#2871=CARTESIAN_POINT('',(7.94409235469915,-2.39248890164936,-0.725256406717389));
#2872=CARTESIAN_POINT('',(7.95886541099405,-2.31122327491703,-0.993336920370061));
#2873=CARTESIAN_POINT('',(7.97284514884121,-2.18247811168164,-1.25111709177666));
#2874=CARTESIAN_POINT('',(7.98644006611285,-2.01692538128345,-1.4771635002039));
#2875=CARTESIAN_POINT('',(8.00003485020608,-1.85137427267151,-1.70320769423722));
#2876=CARTESIAN_POINT('',(8.0147513485162,-1.64449087910025,-1.9037107554626));
#2877=CARTESIAN_POINT('',(8.02968699264181,-1.41344215935179,-2.06208177872919));
#2878=CARTESIAN_POINT('',(8.04462084217073,-1.1824212013299,-2.22043377287911));
#2879=CARTESIAN_POINT('',(8.05925645314862,-0.920824891075886,-2.34106067278882));
#2880=CARTESIAN_POINT('',(8.0728764111146,-0.650320106301899,-2.41393532625451));
#2881=CARTESIAN_POINT('',(8.08650101136148,-0.379723121596023,-2.48683481860833));
#2882=CARTESIAN_POINT('',(8.09990698309187,-0.092764680569998,-2.51394054327087));
#2883=CARTESIAN_POINT('',(8.11475126774813,0.186636151335309,-2.49302365552651));
#2884=CARTESIAN_POINT('',(8.12959105087824,0.465952254998154,-2.47211311082387));
#2885=CARTESIAN_POINT('',(8.14516269314378,0.745478664126785,-2.40265153014654));
#2886=CARTESIAN_POINT('',(8.1593803520493,1.00211832124227,-2.29036217010118));
#2887=CARTESIAN_POINT('',(8.17360137489383,1.25881870003901,-2.17804624207016));
#2888=CARTESIAN_POINT('',(8.18691325512297,1.49968705803942,-2.01976589808079));
#2889=CARTESIAN_POINT('',(8.20093589943834,1.70465280561474,-1.82870413471119));
#2890=CARTESIAN_POINT('',(8.21495481141232,1.90956399841943,-1.63769322535403));
#2891=CARTESIAN_POINT('',(8.23069358294236,2.08423522772389,-1.40869477669463));
#2892=CARTESIAN_POINT('',(8.24528248115494,2.21427067940036,-1.16060559982618));
#2893=CARTESIAN_POINT('',(8.25987296950409,2.34432030446556,-0.912489382144645));
#2894=CARTESIAN_POINT('',(8.27361926263515,2.43329502003779,-0.638419907032187));
#2895=CARTESIAN_POINT('',(8.28714008253172,2.47377332113403,-0.361172473543361));
#2896=CARTESIAN_POINT('',(8.30066149247582,2.51425338870016,-0.0839129409982882));
#2897=CARTESIAN_POINT('',(8.31551512664124,2.50735053395146,0.204110878518437));
#2898=CARTESIAN_POINT('',(8.33056045641239,2.4536746395563,0.479041504671842));
#2899=CARTESIAN_POINT('',(8.34560403092265,2.40000500725044,0.753940056089433));
#2900=CARTESIAN_POINT('',(8.36036131590997,2.29808126995715,1.02338166926533));
#2901=CARTESIAN_POINT('',(8.37408676020952,2.15631945064251,1.26502427912701));
#2902=CARTESIAN_POINT('',(8.38781542600763,2.01452435841599,1.50672360491756));
#2903=CARTESIAN_POINT('',(8.40135959366433,1.8289625425869,1.72724908460077));
#2904=CARTESIAN_POINT('',(8.41617533163438,1.61511138003578,1.90824925784839));
#2905=CARTESIAN_POINT('',(8.43098700068426,1.40131894849822,2.08919972211382));
#2906=CARTESIAN_POINT('',(8.44634215547115,1.15332420513034,2.23569144253341));
#2907=CARTESIAN_POINT('',(8.46036754260771,0.891615466668394,2.335598822486));
#2908=CARTESIAN_POINT('',(8.47439714141385,0.629828139949248,2.43553620352652));
#2909=CARTESIAN_POINT('',(8.48754800943148,0.347095649654734,2.49159456364523));
#2910=CARTESIAN_POINT('',(8.501621196951,0.0669840808006756,2.49910246547021));
#2911=CARTESIAN_POINT('',(8.51569071089536,-0.213054369514992,2.50660840748036));
#2912=CARTESIAN_POINT('',(8.53157159394302,-0.498165694964318,2.46582452635942));
#2913=CARTESIAN_POINT('',(8.54627430146126,-0.76484161803866,2.38012968119723));
#2914=CARTESIAN_POINT('',(8.56097856643978,-1.03154579013829,2.2944257583657));
#2915=CARTESIAN_POINT('',(8.57484189740356,-1.28716428552121,2.1614151128488));
#2916=CARTESIAN_POINT('',(8.58845458413576,-1.5104353999723,1.99213074433143));
#2917=CARTESIAN_POINT('',(8.60206655216594,-1.73369472649341,1.82285531343363));
#2918=CARTESIAN_POINT('',(8.61698395489678,-1.93072573619397,1.61268717938817));
#2919=CARTESIAN_POINT('',(8.63189626837442,-2.08524001102624,1.37904825746429));
#2920=CARTESIAN_POINT('',(8.64680727171744,-2.23974071086888,1.14542986209658));
#2921=CARTESIAN_POINT('',(8.66131384421097,-2.35601550902885,0.88185995228319));
#2922=CARTESIAN_POINT('',(8.67488973097244,-2.42439304730405,0.610178950951101));
#2923=CARTESIAN_POINT('',(8.68846987610625,-2.4927920336822,0.338412730960445));
#2924=CARTESIAN_POINT('',(8.7020368449275,-2.51513226837545,0.0510577636520257));
#2925=CARTESIAN_POINT('',(8.71695319015146,-2.4895861863109,-0.227948724343746));
#2926=CARTESIAN_POINT('',(8.7318652987699,-2.46404735995616,-0.506875967698126));
#2927=CARTESIAN_POINT('',(8.74734147282004,-2.3899598931473,-0.785217713545006));
#2928=CARTESIAN_POINT('',(8.76147870038685,-2.27342815288176,-1.03996366940635));
#2929=CARTESIAN_POINT('',(8.7756195317645,-2.15686670676709,-1.29477456418402));
#2930=CARTESIAN_POINT('',(8.78887676367799,-1.99460667142686,-1.53299031627392));
#2931=CARTESIAN_POINT('',(8.80302039968965,-1.80017129071922,-1.73475742513768));
#2932=CARTESIAN_POINT('',(8.8171599451518,-1.60579214361014,-1.93646617995825));
#2933=CARTESIAN_POINT('',(8.83292180392031,-1.37393090380361,-2.10731411539938));
#2934=CARTESIAN_POINT('',(8.84743703591713,-1.12371657536873,-2.2332176468588));
#2935=CARTESIAN_POINT('',(8.86195426517126,-0.87346781810787,-2.35913850230923));
#2936=CARTESIAN_POINT('',(8.87559099709083,-0.597947207942815,-2.44355615429676));
#2937=CARTESIAN_POINT('',(8.88914494872848,-0.320060926774928,-2.47942755553615));
#2938=CARTESIAN_POINT('',(8.90269882774803,-0.0421761344401787,-2.5152987645871));
#2939=CARTESIAN_POINT('',(8.91776313475812,0.245674679473425,-2.50361911465936));
#2940=CARTESIAN_POINT('',(8.93278610597147,0.519671592430623,-2.44539187780213));
#2941=CARTESIAN_POINT('',(8.94780783170515,0.793645789669254,-2.38716946827492));
#2942=CARTESIAN_POINT('',(8.96243578015875,1.06136859688736,-2.28078647052768));
#2943=CARTESIAN_POINT('',(8.97611566930133,1.3006297489939,-2.13503214402783));
#2944=CARTESIAN_POINT('',(8.98979833614832,1.53993948312847,-1.98924822208085));
#2945=CARTESIAN_POINT('',(9.00350153842759,1.75734487140065,-1.80006310780546));
#2946=CARTESIAN_POINT('',(9.01837187808191,1.93476826440255,-1.58324722108101));
#2947=CARTESIAN_POINT('',(9.03323844768611,2.1121466755749,-1.36648630329327));
#2948=CARTESIAN_POINT('',(9.04848979228374,2.25450942805655,-1.11609233831743));
#2949=CARTESIAN_POINT('',(9.06243763352469,2.35006408645532,-0.852759514489827));
#2950=CARTESIAN_POINT('',(9.07639002611113,2.44564992546881,-0.589340762048591));
#2951=CARTESIAN_POINT('',(9.08950066477181,2.49701052703473,-0.305707619378167));
#2952=CARTESIAN_POINT('',(9.10371475455498,2.49986984166167,-0.0255102871496159));
#2953=CARTESIAN_POINT('',(9.11792471685314,2.50272832600131,0.254605681424848));
#2954=CARTESIAN_POINT('',(9.1338166788586,2.45722224762247,0.538998946676217));
#2955=CARTESIAN_POINT('',(9.14844579649344,2.36711466622191,0.804218973263601));
#2956=CARTESIAN_POINT('',(9.16307682414738,2.27699532011995,1.06947362772987));
#2957=CARTESIAN_POINT('',(9.17682946462241,2.13975514452339,1.32285954538284));
#2958=CARTESIAN_POINT('',(9.19047277445806,1.96678568357125,1.54329325628644));
#2959=CARTESIAN_POINT('',(9.20411479856497,1.79383252304849,1.76370619378807));
#2960=CARTESIAN_POINT('',(9.21922247656078,1.58043688168031,1.95721195495981));
#2961=CARTESIAN_POINT('',(9.23410165535808,1.34427084980151,2.10782728950309));
#2962=CARTESIAN_POINT('',(9.24898002097087,1.10811772498969,2.25843439253993));
#2963=CARTESIAN_POINT('',(9.26335714310192,0.842645428667586,2.37032434579722));
#2964=CARTESIAN_POINT('',(9.27689748554395,0.569862308260523,2.43418506889349));
#2965=CARTESIAN_POINT('',(9.29044161024892,0.29700299055686,2.49806363038992));
#2966=CARTESIAN_POINT('',(9.30419205143494,0.00933303047471296,2.51563209360147));
#2967=CARTESIAN_POINT('',(9.31916487264564,-0.269202082429611,2.48546378746816));
#2968=CARTESIAN_POINT('',(9.33413376631728,-0.54766413244764,2.45530339482014));
#2969=CARTESIAN_POINT('',(9.34950650005574,-0.824744527844398,2.37660969463411));
#2970=CARTESIAN_POINT('',(9.36356543047641,-1.07752600335255,2.2558673968341));
#2971=CARTESIAN_POINT('',(9.37762818592573,-1.33037625339465,2.1350922485444));
#2972=CARTESIAN_POINT('',(9.39084315824571,-1.56587237002859,1.96889751509328));
#2973=CARTESIAN_POINT('',(9.40512399582999,-1.76438420788154,1.77114323728439));
#2974=CARTESIAN_POINT('',(9.41940044296425,-1.96283501595967,1.57344975634874));
#2975=CARTESIAN_POINT('',(9.4351423641053,-2.12981450895584,1.33878711847907));
#2976=CARTESIAN_POINT('',(9.44958055685248,-2.25155142711248,1.08651561013534));
#2977=CARTESIAN_POINT('',(9.46402113416687,-2.37330845096166,0.834202437410244));
#2978=CARTESIAN_POINT('',(9.47755513005781,-2.45314489631467,0.557306359781597));
#2979=CARTESIAN_POINT('',(9.49115583931354,-2.48439895577198,0.278858079600936));
#2980=CARTESIAN_POINT('',(9.50475591267372,-2.51565155395861,0.000422818154882903));
#2981=CARTESIAN_POINT('',(9.52001756588955,-2.4991981485807,-0.287178990813265));
#2982=CARTESIAN_POINT('',(9.53500833210155,-2.43643390067909,-0.560169481158756));
#2983=CARTESIAN_POINT('',(9.549125142763,-2.37732878280816,-0.817244737358869));
#2984=CARTESIAN_POINT('',(9.56282786489529,-2.2757799342204,-1.06791380672606));
#2985=CARTESIAN_POINT('',(9.57571891046102,-2.13924691123256,-1.2936856854669));
#2986=CARTESIAN_POINT('',(-1.2,-2.9391523179537E-17,0.));
#2987=CARTESIAN_POINT('',(-0.811004085014909,1.99076146265348,0.));
#2988=CARTESIAN_POINT('',(-0.777670751681576,1.99076146265348,0.521180132176821));
#2989=CARTESIAN_POINT('',(-0.711004085014909,1.5593910625191,1.5593910625191));
#2990=CARTESIAN_POINT('',(-0.611004085014909,-1.49652839395898E-17,2.20644666272067));
#2991=CARTESIAN_POINT('',(-0.511004085014909,-1.5593910625191,1.5593910625191));
#2992=CARTESIAN_POINT('',(-0.411004085014909,-2.20644666272067,2.22044604925031E-16));
#2993=CARTESIAN_POINT('',(-0.311004085014909,-1.5593910625191,-1.5593910625191));
#2994=CARTESIAN_POINT('',(-0.211004085014909,-2.27212714471442E-16,-2.20644666272067));
#2995=CARTESIAN_POINT('',(-0.111004085014909,1.5593910625191,-1.5593910625191));
#2996=CARTESIAN_POINT('',(-0.0110040850149091,2.20644666272067,-3.33066907387547E-16));
#2997=CARTESIAN_POINT('',(0.088995914985091,1.5593910625191,1.5593910625191));
#2998=CARTESIAN_POINT('',(0.188995914985091,-2.17415540078263E-16,2.20644666272067));
#2999=CARTESIAN_POINT('',(0.288995914985091,-1.5593910625191,1.5593910625191));
#3000=CARTESIAN_POINT('',(0.388995914985091,-2.20644666272067,8.88178419700125E-16));
#3001=CARTESIAN_POINT('',(0.488995914985091,-1.5593910625191,-1.5593910625191));
#3002=CARTESIAN_POINT('',(0.588995914985091,-9.84774482922694E-16,-2.20644666272067));
#3003=CARTESIAN_POINT('',(0.688995914985091,1.5593910625191,-1.55939106251911));
#3004=CARTESIAN_POINT('',(0.788995914985091,2.20644666272067,-9.99200722162641E-16));
#3005=CARTESIAN_POINT('',(0.888995914985091,1.5593910625191,1.5593910625191));
#3006=CARTESIAN_POINT('',(0.988995914985091,1.02342413579577E-15,2.20644666272067));
#3007=CARTESIAN_POINT('',(1.08899591498509,-1.5593910625191,1.55939106251911));
#3008=CARTESIAN_POINT('',(1.18899591498509,-2.20644666272067,1.4432899320127E-15));
#3009=CARTESIAN_POINT('',(1.28899591498509,-1.5593910625191,-1.5593910625191));
#3010=CARTESIAN_POINT('',(1.38899591498509,-7.62651828188728E-15,-2.20644666272067));
#3011=CARTESIAN_POINT('',(1.48899591498509,1.5593910625191,-1.55939106251911));
#3012=CARTESIAN_POINT('',(1.58899591498509,2.20644666272067,-1.4432899320127E-15));
#3013=CARTESIAN_POINT('',(1.68899591498509,1.5593910625191,1.5593910625191));
#3014=CARTESIAN_POINT('',(1.78899591498509,-4.50809663854366E-15,2.20644666272067));
#3015=CARTESIAN_POINT('',(1.88899591498509,-1.5593910625191,1.55939106251911));
#3016=CARTESIAN_POINT('',(1.98899591498509,-2.20644666272067,1.66533453693773E-15));
#3017=CARTESIAN_POINT('',(2.08899591498509,-1.5593910625191,-1.5593910625191));
#3018=CARTESIAN_POINT('',(2.18899591498509,-7.93999084048846E-15,-2.20644666272067));
#3019=CARTESIAN_POINT('',(2.28899591498509,1.5593910625191,-1.55939106251911));
#3020=CARTESIAN_POINT('',(2.38899591498509,2.20644666272067,-2.22044604925031E-15));
#3021=CARTESIAN_POINT('',(2.48899591498509,1.5593910625191,1.5593910625191));
#3022=CARTESIAN_POINT('',(2.58899591498509,-4.04441307990724E-15,2.20644666272067));
#3023=CARTESIAN_POINT('',(2.68899591498509,-1.5593910625191,1.55939106251911));
#3024=CARTESIAN_POINT('',(2.78899591498509,-2.20644666272067,2.55351295663786E-15));
#3025=CARTESIAN_POINT('',(2.88899591498509,-1.5593910625191,-1.5593910625191));
#3026=CARTESIAN_POINT('',(2.98899591498509,-8.5865303064772E-15,-2.20644666272067));
#3027=CARTESIAN_POINT('',(3.08899591498509,1.5593910625191,-1.55939106251911));
#3028=CARTESIAN_POINT('',(3.18899591498509,2.20644666272067,-1.11022302462516E-16));
#3029=CARTESIAN_POINT('',(3.28899591498509,1.55939106251911,1.55939106251909));
#3030=CARTESIAN_POINT('',(3.38899591498509,-5.91219787298365E-15,2.20644666272067));
#3031=CARTESIAN_POINT('',(3.48899591498509,-1.5593910625191,1.5593910625191));
#3032=CARTESIAN_POINT('',(3.58899591498509,-2.20644666272067,1.49880108324396E-14));
#3033=CARTESIAN_POINT('',(3.68899591498509,-1.5593910625191,-1.55939106251911));
#3034=CARTESIAN_POINT('',(3.78899591498509,-1.16755604266413E-14,-2.20644666272067));
#3035=CARTESIAN_POINT('',(3.88899591498509,1.55939106251911,-1.5593910625191));
#3036=CARTESIAN_POINT('',(3.98899591498509,2.20644666272067,-2.99760216648792E-15));
#3037=CARTESIAN_POINT('',(4.08899591498509,1.55939106251911,1.55939106251909));
#3038=CARTESIAN_POINT('',(4.18899591498509,-5.33749201188471E-15,2.20644666272067));
#3039=CARTESIAN_POINT('',(4.28899591498509,-1.55939106251909,1.55939106251911));
#3040=CARTESIAN_POINT('',(4.38899591498509,-2.20644666272067,-8.99280649946377E-15));
#3041=CARTESIAN_POINT('',(4.48899591498509,-1.5593910625191,-1.5593910625191));
#3042=CARTESIAN_POINT('',(4.58899591498509,-1.17669883803174E-14,-2.20644666272067));
#3043=CARTESIAN_POINT('',(4.68899591498509,1.55939106251911,-1.5593910625191));
#3044=CARTESIAN_POINT('',(4.78899591498509,2.20644666272067,-3.88578058618805E-15));
#3045=CARTESIAN_POINT('',(4.88899591498509,1.55939106251911,1.55939106251909));
#3046=CARTESIAN_POINT('',(4.98899591498509,-4.54074154586074E-15,2.20644666272067));
#3047=CARTESIAN_POINT('',(5.08899591498509,-1.5593910625191,1.5593910625191));
#3048=CARTESIAN_POINT('',(5.18899591498509,-2.20644666272067,1.60982338570648E-14));
#3049=CARTESIAN_POINT('',(5.28899591498509,-1.5593910625191,-1.55939106251911));
#3050=CARTESIAN_POINT('',(5.38899591498509,-1.29686393586188E-14,-2.20644666272067));
#3051=CARTESIAN_POINT('',(5.48899591498509,1.55939106251911,-1.5593910625191));
#3052=CARTESIAN_POINT('',(5.58899591498509,2.20644666272067,-4.21884749357559E-15));
#3053=CARTESIAN_POINT('',(5.68899591498509,1.55939106251911,1.55939106251909));
#3054=CARTESIAN_POINT('',(5.78899591498509,-4.41012489461187E-15,2.20644666272067));
#3055=CARTESIAN_POINT('',(5.88899591498509,-1.55939106251909,1.55939106251911));
#3056=CARTESIAN_POINT('',(5.98899591498509,-2.20644666272067,-7.88258347483861E-15));
#3057=CARTESIAN_POINT('',(6.08899591498509,-1.5593910625191,-1.5593910625191));
#3058=CARTESIAN_POINT('',(6.18899591498509,-1.28380227073699E-14,-2.20644666272067));
#3059=CARTESIAN_POINT('',(6.28899591498509,1.55939106251911,-1.5593910625191));
#3060=CARTESIAN_POINT('',(6.38899591498509,2.20644666272067,-4.77395900588817E-15));
#3061=CARTESIAN_POINT('',(6.48899591498509,1.55939106251912,1.55939106251909));
#3062=CARTESIAN_POINT('',(6.58899591498509,-3.6133744285879E-15,2.20644666272067));
#3063=CARTESIAN_POINT('',(6.68899591498509,-1.55939106251909,1.55939106251911));
#3064=CARTESIAN_POINT('',(6.78899591498509,-2.20644666272067,1.72084568816899E-14));
#3065=CARTESIAN_POINT('',(6.88899591498509,-1.5593910625191,-1.5593910625191));
#3066=CARTESIAN_POINT('',(6.98899591498509,-1.39286513832087E-14,-2.20644666272067));
#3067=CARTESIAN_POINT('',(7.08899591498509,1.55939106251911,-1.5593910625191));
#3068=CARTESIAN_POINT('',(7.18899591498509,2.20644666272067,-5.77315972805081E-15));
#3069=CARTESIAN_POINT('',(7.28899591498509,1.55939106251911,1.55939106251909));
#3070=CARTESIAN_POINT('',(7.38899591498509,2.66042861900027E-14,2.20644666272068));
#3071=CARTESIAN_POINT('',(7.48899591498509,-1.55939106251912,1.55939106251909));
#3072=CARTESIAN_POINT('',(7.58899591498509,-2.20644666272067,-1.33226762955019E-15));
#3073=CARTESIAN_POINT('',(7.68899591498509,-1.5593910625191,-1.5593910625191));
#3074=CARTESIAN_POINT('',(7.78899591498509,-9.4681649359217E-15,-2.20644666272067));
#3075=CARTESIAN_POINT('',(7.88899591498509,1.55939106251909,-1.55939106251911));
#3076=CARTESIAN_POINT('',(7.98899591498509,2.20644666272068,-3.06421554796543E-14));
#3077=CARTESIAN_POINT('',(8.08899591498509,1.55939106251909,1.55939106251912));
#3078=CARTESIAN_POINT('',(8.18899591498509,3.19817471919827E-15,2.20644666272067));
#3079=CARTESIAN_POINT('',(8.28899591498509,-1.55939106251909,1.55939106251911));
#3080=CARTESIAN_POINT('',(8.3889959149851,-2.20644666272067,1.28785870856518E-14));
#3081=CARTESIAN_POINT('',(8.48899591498509,-1.55939106251913,-1.55939106251908));
#3082=CARTESIAN_POINT('',(8.58899591498509,1.46432690472306E-14,-2.20644666272068));
#3083=CARTESIAN_POINT('',(8.68899591498509,1.5593910625191,-1.5593910625191));
#3084=CARTESIAN_POINT('',(8.78899591498509,2.20644666272067,-6.43929354282591E-15));
#3085=CARTESIAN_POINT('',(8.88899591498509,1.55939106251911,1.55939106251909));
#3086=CARTESIAN_POINT('',(8.98899591498509,2.75316533072756E-14,2.20644666272068));
#3087=CARTESIAN_POINT('',(9.08899591498509,-1.55939106251912,1.55939106251909));
#3088=CARTESIAN_POINT('',(9.18899591498509,-2.20644666272067,-2.22044604925031E-16));
#3089=CARTESIAN_POINT('',(9.28899591498509,-1.5593910625191,-1.5593910625191));
#3090=CARTESIAN_POINT('',(9.38899591498509,-9.65102084327401E-15,-2.20644666272067));
#3091=CARTESIAN_POINT('',(9.48899591498509,1.55939106251909,-1.55939106251913));
#3092=CARTESIAN_POINT('',(9.58899591498509,2.20644666272068,1.7874590696465E-14));
#3093=CARTESIAN_POINT('',(9.68899591498509,1.5593910625191,1.5593910625191));
#3094=CARTESIAN_POINT('',(9.78899591498509,3.12634111430847E-15,2.20644666272067));
#3095=CARTESIAN_POINT('',(9.88899591498509,-1.55939106251909,1.55939106251911));
#3096=CARTESIAN_POINT('',(9.97873930299461,-2.1400806804453,0.159940690696869));
#3097=CARTESIAN_POINT('',(10.0351493576708,-1.88738752325006,-0.719712660285672));
#3098=CARTESIAN_POINT('',(10.0582260790136,-1.70175231431202,-1.02911571248555));
#3099=CARTESIAN_POINT('',(-1.58899591498509,1.99076146265348,0.));
#3100=CARTESIAN_POINT('',(-1.55566258165176,1.99076146265348,0.521180132176821));
#3101=CARTESIAN_POINT('',(-1.48899591498509,1.5593910625191,1.5593910625191));
#3102=CARTESIAN_POINT('',(-1.38899591498509,-3.40205880263054E-17,2.20644666272067));
#3103=CARTESIAN_POINT('',(-1.28899591498509,-1.5593910625191,1.5593910625191));
#3104=CARTESIAN_POINT('',(-1.18899591498509,-2.20644666272067,2.22044604925031E-16));
#3105=CARTESIAN_POINT('',(-1.08899591498509,-1.5593910625191,-1.5593910625191));
#3106=CARTESIAN_POINT('',(-0.988995914985091,-2.46268018558158E-16,-2.20644666272067));
#3107=CARTESIAN_POINT('',(-0.888995914985091,1.5593910625191,-1.5593910625191));
#3108=CARTESIAN_POINT('',(-0.788995914985091,2.20644666272067,-3.33066907387547E-16));
#3109=CARTESIAN_POINT('',(-0.688995914985091,1.5593910625191,1.5593910625191));
#3110=CARTESIAN_POINT('',(-0.588995914985091,-2.36470844164979E-16,2.20644666272067));
#3111=CARTESIAN_POINT('',(-0.488995914985091,-1.5593910625191,1.5593910625191));
#3112=CARTESIAN_POINT('',(-0.388995914985091,-2.20644666272067,8.88178419700125E-16));
#3113=CARTESIAN_POINT('',(-0.288995914985091,-1.5593910625191,-1.5593910625191));
#3114=CARTESIAN_POINT('',(-0.188995914985091,-1.00382978700941E-15,-2.20644666272067));
#3115=CARTESIAN_POINT('',(-0.0889959149850912,1.5593910625191,-1.55939106251911));
#3116=CARTESIAN_POINT('',(0.0110040850149089,2.20644666272067,-9.99200722162641E-16));
#3117=CARTESIAN_POINT('',(0.111004085014909,1.5593910625191,1.5593910625191));
#3118=CARTESIAN_POINT('',(0.211004085014909,1.00436883170905E-15,2.20644666272067));
#3119=CARTESIAN_POINT('',(0.311004085014909,-1.5593910625191,1.55939106251911));
#3120=CARTESIAN_POINT('',(0.411004085014908,-2.20644666272067,1.4432899320127E-15));
#3121=CARTESIAN_POINT('',(0.511004085014909,-1.5593910625191,-1.5593910625191));
#3122=CARTESIAN_POINT('',(0.611004085014909,-7.64557358597399E-15,-2.20644666272067));
#3123=CARTESIAN_POINT('',(0.711004085014909,1.5593910625191,-1.55939106251911));
#3124=CARTESIAN_POINT('',(0.811004085014909,2.20644666272067,-1.4432899320127E-15));
#3125=CARTESIAN_POINT('',(0.911004085014909,1.5593910625191,1.5593910625191));
#3126=CARTESIAN_POINT('',(1.01100408501491,-4.52715194263037E-15,2.20644666272067));
#3127=CARTESIAN_POINT('',(1.11100408501491,-1.5593910625191,1.55939106251911));
#3128=CARTESIAN_POINT('',(1.21100408501491,-2.20644666272067,1.66533453693773E-15));
#3129=CARTESIAN_POINT('',(1.31100408501491,-1.5593910625191,-1.5593910625191));
#3130=CARTESIAN_POINT('',(1.41100408501491,-7.95904614457518E-15,-2.20644666272067));
#3131=CARTESIAN_POINT('',(1.51100408501491,1.5593910625191,-1.55939106251911));
#3132=CARTESIAN_POINT('',(1.61100408501491,2.20644666272067,-2.22044604925031E-15));
#3133=CARTESIAN_POINT('',(1.71100408501491,1.5593910625191,1.5593910625191));
#3134=CARTESIAN_POINT('',(1.81100408501491,-4.06346838399395E-15,2.20644666272067));
#3135=CARTESIAN_POINT('',(1.91100408501491,-1.5593910625191,1.55939106251911));
#3136=CARTESIAN_POINT('',(2.01100408501491,-2.20644666272067,2.55351295663786E-15));
#3137=CARTESIAN_POINT('',(2.11100408501491,-1.5593910625191,-1.5593910625191));
#3138=CARTESIAN_POINT('',(2.21100408501491,-8.60558561056392E-15,-2.20644666272067));
#3139=CARTESIAN_POINT('',(2.31100408501491,1.5593910625191,-1.55939106251911));
#3140=CARTESIAN_POINT('',(2.41100408501491,2.20644666272067,-1.11022302462516E-16));
#3141=CARTESIAN_POINT('',(2.51100408501491,1.55939106251911,1.55939106251909));
#3142=CARTESIAN_POINT('',(2.61100408501491,-5.93125317707036E-15,2.20644666272067));
#3143=CARTESIAN_POINT('',(2.71100408501491,-1.5593910625191,1.5593910625191));
#3144=CARTESIAN_POINT('',(2.81100408501491,-2.20644666272067,1.49880108324396E-14));
#3145=CARTESIAN_POINT('',(2.91100408501491,-1.5593910625191,-1.55939106251911));
#3146=CARTESIAN_POINT('',(3.01100408501491,-1.1694615730728E-14,-2.20644666272067));
#3147=CARTESIAN_POINT('',(3.11100408501491,1.55939106251911,-1.5593910625191));
#3148=CARTESIAN_POINT('',(3.21100408501491,2.20644666272067,-2.99760216648792E-15));
#3149=CARTESIAN_POINT('',(3.31100408501491,1.55939106251911,1.55939106251909));
#3150=CARTESIAN_POINT('',(3.41100408501491,-5.35654731597143E-15,2.20644666272067));
#3151=CARTESIAN_POINT('',(3.51100408501491,-1.55939106251909,1.55939106251911));
#3152=CARTESIAN_POINT('',(3.61100408501491,-2.20644666272067,-8.99280649946377E-15));
#3153=CARTESIAN_POINT('',(3.71100408501491,-1.5593910625191,-1.5593910625191));
#3154=CARTESIAN_POINT('',(3.81100408501491,-1.17860436844042E-14,-2.20644666272067));
#3155=CARTESIAN_POINT('',(3.91100408501491,1.55939106251911,-1.5593910625191));
#3156=CARTESIAN_POINT('',(4.01100408501491,2.20644666272067,-3.88578058618805E-15));
#3157=CARTESIAN_POINT('',(4.11100408501491,1.55939106251911,1.55939106251909));
#3158=CARTESIAN_POINT('',(4.21100408501491,-4.55979684994746E-15,2.20644666272067));
#3159=CARTESIAN_POINT('',(4.31100408501491,-1.5593910625191,1.5593910625191));
#3160=CARTESIAN_POINT('',(4.41100408501491,-2.20644666272067,1.60982338570648E-14));
#3161=CARTESIAN_POINT('',(4.51100408501491,-1.5593910625191,-1.55939106251911));
#3162=CARTESIAN_POINT('',(4.61100408501491,-1.29876946627055E-14,-2.20644666272067));
#3163=CARTESIAN_POINT('',(4.71100408501491,1.55939106251911,-1.5593910625191));
#3164=CARTESIAN_POINT('',(4.81100408501491,2.20644666272067,-4.21884749357559E-15));
#3165=CARTESIAN_POINT('',(4.91100408501491,1.55939106251911,1.55939106251909));
#3166=CARTESIAN_POINT('',(5.01100408501491,-4.42918019869859E-15,2.20644666272067));
#3167=CARTESIAN_POINT('',(5.11100408501491,-1.55939106251909,1.55939106251911));
#3168=CARTESIAN_POINT('',(5.21100408501491,-2.20644666272067,-7.88258347483861E-15));
#3169=CARTESIAN_POINT('',(5.31100408501491,-1.5593910625191,-1.5593910625191));
#3170=CARTESIAN_POINT('',(5.41100408501491,-1.28570780114566E-14,-2.20644666272067));
#3171=CARTESIAN_POINT('',(5.51100408501491,1.55939106251911,-1.5593910625191));
#3172=CARTESIAN_POINT('',(5.61100408501491,2.20644666272067,-4.77395900588817E-15));
#3173=CARTESIAN_POINT('',(5.71100408501491,1.55939106251912,1.55939106251909));
#3174=CARTESIAN_POINT('',(5.81100408501491,-3.63242973267462E-15,2.20644666272067));
#3175=CARTESIAN_POINT('',(5.91100408501491,-1.55939106251909,1.55939106251911));
#3176=CARTESIAN_POINT('',(6.01100408501491,-2.20644666272067,1.72084568816899E-14));
#3177=CARTESIAN_POINT('',(6.11100408501491,-1.5593910625191,-1.5593910625191));
#3178=CARTESIAN_POINT('',(6.21100408501491,-1.39477066872954E-14,-2.20644666272067));
#3179=CARTESIAN_POINT('',(6.31100408501491,1.55939106251911,-1.5593910625191));
#3180=CARTESIAN_POINT('',(6.41100408501491,2.20644666272067,-5.77315972805081E-15));
#3181=CARTESIAN_POINT('',(6.51100408501491,1.55939106251911,1.55939106251909));
#3182=CARTESIAN_POINT('',(6.61100408501491,2.6585230885916E-14,2.20644666272068));
#3183=CARTESIAN_POINT('',(6.71100408501491,-1.55939106251912,1.55939106251909));
#3184=CARTESIAN_POINT('',(6.81100408501491,-2.20644666272067,-1.33226762955019E-15));
#3185=CARTESIAN_POINT('',(6.91100408501491,-1.5593910625191,-1.5593910625191));
#3186=CARTESIAN_POINT('',(7.01100408501491,-9.48722024000841E-15,-2.20644666272067));
#3187=CARTESIAN_POINT('',(7.11100408501491,1.55939106251909,-1.55939106251911));
#3188=CARTESIAN_POINT('',(7.21100408501491,2.20644666272068,-3.06421554796543E-14));
#3189=CARTESIAN_POINT('',(7.31100408501491,1.55939106251909,1.55939106251912));
#3190=CARTESIAN_POINT('',(7.41100408501491,3.17911941511155E-15,2.20644666272067));
#3191=CARTESIAN_POINT('',(7.51100408501491,-1.55939106251909,1.55939106251911));
#3192=CARTESIAN_POINT('',(7.61100408501491,-2.20644666272067,1.28785870856518E-14));
#3193=CARTESIAN_POINT('',(7.71100408501491,-1.55939106251913,-1.55939106251908));
#3194=CARTESIAN_POINT('',(7.81100408501491,1.46242137431438E-14,-2.20644666272068));
#3195=CARTESIAN_POINT('',(7.91100408501491,1.5593910625191,-1.5593910625191));
#3196=CARTESIAN_POINT('',(8.01100408501491,2.20644666272067,-6.43929354282591E-15));
#3197=CARTESIAN_POINT('',(8.11100408501491,1.55939106251911,1.55939106251909));
#3198=CARTESIAN_POINT('',(8.21100408501491,2.75125980031888E-14,2.20644666272068));
#3199=CARTESIAN_POINT('',(8.31100408501491,-1.55939106251912,1.55939106251909));
#3200=CARTESIAN_POINT('',(8.41100408501491,-2.20644666272067,-2.22044604925031E-16));
#3201=CARTESIAN_POINT('',(8.51100408501491,-1.5593910625191,-1.5593910625191));
#3202=CARTESIAN_POINT('',(8.61100408501491,-9.67007614736073E-15,-2.20644666272067));
#3203=CARTESIAN_POINT('',(8.71100408501491,1.55939106251909,-1.55939106251913));
#3204=CARTESIAN_POINT('',(8.81100408501491,2.20644666272068,1.7874590696465E-14));
#3205=CARTESIAN_POINT('',(8.91100408501491,1.5593910625191,1.5593910625191));
#3206=CARTESIAN_POINT('',(9.01100408501491,3.10728581022175E-15,2.20644666272067));
#3207=CARTESIAN_POINT('',(9.11100408501491,-1.55939106251909,1.55939106251911));
#3208=CARTESIAN_POINT('',(9.20074747302442,-2.1400806804453,0.159940690696869));
#3209=CARTESIAN_POINT('',(9.25715752770061,-1.88738752325006,-0.719712660285672));
#3210=CARTESIAN_POINT('',(9.28023424904346,-1.70175231431202,-1.02911571248555));
#3211=CARTESIAN_POINT('',(-0.811004085014909,1.99076146265348,0.));
#3212=CARTESIAN_POINT('',(-0.777670751681576,1.99076146265348,0.521180132176821));
#3213=CARTESIAN_POINT('',(-0.711004085014909,1.5593910625191,1.5593910625191));
#3214=CARTESIAN_POINT('',(-0.611004085014909,-1.49652839395898E-17,2.20644666272067));
#3215=CARTESIAN_POINT('',(-0.511004085014909,-1.5593910625191,1.5593910625191));
#3216=CARTESIAN_POINT('',(-0.411004085014909,-2.20644666272067,2.22044604925031E-16));
#3217=CARTESIAN_POINT('',(-0.311004085014909,-1.5593910625191,-1.5593910625191));
#3218=CARTESIAN_POINT('',(-0.211004085014909,-2.27212714471442E-16,-2.20644666272067));
#3219=CARTESIAN_POINT('',(-0.111004085014909,1.5593910625191,-1.5593910625191));
#3220=CARTESIAN_POINT('',(-0.0110040850149091,2.20644666272067,-3.33066907387547E-16));
#3221=CARTESIAN_POINT('',(0.088995914985091,1.5593910625191,1.5593910625191));
#3222=CARTESIAN_POINT('',(0.188995914985091,-2.17415540078263E-16,2.20644666272067));
#3223=CARTESIAN_POINT('',(0.288995914985091,-1.5593910625191,1.5593910625191));
#3224=CARTESIAN_POINT('',(0.388995914985091,-2.20644666272067,8.88178419700125E-16));
#3225=CARTESIAN_POINT('',(0.488995914985091,-1.5593910625191,-1.5593910625191));
#3226=CARTESIAN_POINT('',(0.588995914985091,-9.84774482922694E-16,-2.20644666272067));
#3227=CARTESIAN_POINT('',(0.688995914985091,1.5593910625191,-1.55939106251911));
#3228=CARTESIAN_POINT('',(0.788995914985091,2.20644666272067,-9.99200722162641E-16));
#3229=CARTESIAN_POINT('',(0.888995914985091,1.5593910625191,1.5593910625191));
#3230=CARTESIAN_POINT('',(0.988995914985091,1.02342413579577E-15,2.20644666272067));
#3231=CARTESIAN_POINT('',(1.08899591498509,-1.5593910625191,1.55939106251911));
#3232=CARTESIAN_POINT('',(1.18899591498509,-2.20644666272067,1.4432899320127E-15));
#3233=CARTESIAN_POINT('',(1.28899591498509,-1.5593910625191,-1.5593910625191));
#3234=CARTESIAN_POINT('',(1.38899591498509,-7.62651828188728E-15,-2.20644666272067));
#3235=CARTESIAN_POINT('',(1.48899591498509,1.5593910625191,-1.55939106251911));
#3236=CARTESIAN_POINT('',(1.58899591498509,2.20644666272067,-1.4432899320127E-15));
#3237=CARTESIAN_POINT('',(1.68899591498509,1.5593910625191,1.5593910625191));
#3238=CARTESIAN_POINT('',(1.78899591498509,-4.50809663854366E-15,2.20644666272067));
#3239=CARTESIAN_POINT('',(1.88899591498509,-1.5593910625191,1.55939106251911));
#3240=CARTESIAN_POINT('',(1.98899591498509,-2.20644666272067,1.66533453693773E-15));
#3241=CARTESIAN_POINT('',(2.08899591498509,-1.5593910625191,-1.5593910625191));
#3242=CARTESIAN_POINT('',(2.18899591498509,-7.93999084048846E-15,-2.20644666272067));
#3243=CARTESIAN_POINT('',(2.28899591498509,1.5593910625191,-1.55939106251911));
#3244=CARTESIAN_POINT('',(2.38899591498509,2.20644666272067,-2.22044604925031E-15));
#3245=CARTESIAN_POINT('',(2.48899591498509,1.5593910625191,1.5593910625191));
#3246=CARTESIAN_POINT('',(2.58899591498509,-4.04441307990724E-15,2.20644666272067));
#3247=CARTESIAN_POINT('',(2.68899591498509,-1.5593910625191,1.55939106251911));
#3248=CARTESIAN_POINT('',(2.78899591498509,-2.20644666272067,2.55351295663786E-15));
#3249=CARTESIAN_POINT('',(2.88899591498509,-1.5593910625191,-1.5593910625191));
#3250=CARTESIAN_POINT('',(2.98899591498509,-8.5865303064772E-15,-2.20644666272067));
#3251=CARTESIAN_POINT('',(3.08899591498509,1.5593910625191,-1.55939106251911));
#3252=CARTESIAN_POINT('',(3.18899591498509,2.20644666272067,-1.11022302462516E-16));
#3253=CARTESIAN_POINT('',(3.28899591498509,1.55939106251911,1.55939106251909));
#3254=CARTESIAN_POINT('',(3.38899591498509,-5.91219787298365E-15,2.20644666272067));
#3255=CARTESIAN_POINT('',(3.48899591498509,-1.5593910625191,1.5593910625191));
#3256=CARTESIAN_POINT('',(3.58899591498509,-2.20644666272067,1.49880108324396E-14));
#3257=CARTESIAN_POINT('',(3.68899591498509,-1.5593910625191,-1.55939106251911));
#3258=CARTESIAN_POINT('',(3.78899591498509,-1.16755604266413E-14,-2.20644666272067));
#3259=CARTESIAN_POINT('',(3.88899591498509,1.55939106251911,-1.5593910625191));
#3260=CARTESIAN_POINT('',(3.98899591498509,2.20644666272067,-2.99760216648792E-15));
#3261=CARTESIAN_POINT('',(4.08899591498509,1.55939106251911,1.55939106251909));
#3262=CARTESIAN_POINT('',(4.18899591498509,-5.33749201188471E-15,2.20644666272067));
#3263=CARTESIAN_POINT('',(4.28899591498509,-1.55939106251909,1.55939106251911));
#3264=CARTESIAN_POINT('',(4.38899591498509,-2.20644666272067,-8.99280649946377E-15));
#3265=CARTESIAN_POINT('',(4.48899591498509,-1.5593910625191,-1.5593910625191));
#3266=CARTESIAN_POINT('',(4.58899591498509,-1.17669883803174E-14,-2.20644666272067));
#3267=CARTESIAN_POINT('',(4.68899591498509,1.55939106251911,-1.5593910625191));
#3268=CARTESIAN_POINT('',(4.78899591498509,2.20644666272067,-3.88578058618805E-15));
#3269=CARTESIAN_POINT('',(4.88899591498509,1.55939106251911,1.55939106251909));
#3270=CARTESIAN_POINT('',(4.98899591498509,-4.54074154586074E-15,2.20644666272067));
#3271=CARTESIAN_POINT('',(5.08899591498509,-1.5593910625191,1.5593910625191));
#3272=CARTESIAN_POINT('',(5.18899591498509,-2.20644666272067,1.60982338570648E-14));
#3273=CARTESIAN_POINT('',(5.28899591498509,-1.5593910625191,-1.55939106251911));
#3274=CARTESIAN_POINT('',(5.38899591498509,-1.29686393586188E-14,-2.20644666272067));
#3275=CARTESIAN_POINT('',(5.48899591498509,1.55939106251911,-1.5593910625191));
#3276=CARTESIAN_POINT('',(5.58899591498509,2.20644666272067,-4.21884749357559E-15));
#3277=CARTESIAN_POINT('',(5.68899591498509,1.55939106251911,1.55939106251909));
#3278=CARTESIAN_POINT('',(5.78899591498509,-4.41012489461187E-15,2.20644666272067));
#3279=CARTESIAN_POINT('',(5.88899591498509,-1.55939106251909,1.55939106251911));
#3280=CARTESIAN_POINT('',(5.98899591498509,-2.20644666272067,-7.88258347483861E-15));
#3281=CARTESIAN_POINT('',(6.08899591498509,-1.5593910625191,-1.5593910625191));
#3282=CARTESIAN_POINT('',(6.18899591498509,-1.28380227073699E-14,-2.20644666272067));
#3283=CARTESIAN_POINT('',(6.28899591498509,1.55939106251911,-1.5593910625191));
#3284=CARTESIAN_POINT('',(6.38899591498509,2.20644666272067,-4.77395900588817E-15));
#3285=CARTESIAN_POINT('',(6.48899591498509,1.55939106251912,1.55939106251909));
#3286=CARTESIAN_POINT('',(6.58899591498509,-3.6133744285879E-15,2.20644666272067));
#3287=CARTESIAN_POINT('',(6.68899591498509,-1.55939106251909,1.55939106251911));
#3288=CARTESIAN_POINT('',(6.78899591498509,-2.20644666272067,1.72084568816899E-14));
#3289=CARTESIAN_POINT('',(6.88899591498509,-1.5593910625191,-1.5593910625191));
#3290=CARTESIAN_POINT('',(6.98899591498509,-1.39286513832087E-14,-2.20644666272067));
#3291=CARTESIAN_POINT('',(7.08899591498509,1.55939106251911,-1.5593910625191));
#3292=CARTESIAN_POINT('',(7.18899591498509,2.20644666272067,-5.77315972805081E-15));
#3293=CARTESIAN_POINT('',(7.28899591498509,1.55939106251911,1.55939106251909));
#3294=CARTESIAN_POINT('',(7.38899591498509,2.66042861900027E-14,2.20644666272068));
#3295=CARTESIAN_POINT('',(7.48899591498509,-1.55939106251912,1.55939106251909));
#3296=CARTESIAN_POINT('',(7.58899591498509,-2.20644666272067,-1.33226762955019E-15));
#3297=CARTESIAN_POINT('',(7.68899591498509,-1.5593910625191,-1.5593910625191));
#3298=CARTESIAN_POINT('',(7.78899591498509,-9.4681649359217E-15,-2.20644666272067));
#3299=CARTESIAN_POINT('',(7.88899591498509,1.55939106251909,-1.55939106251911));
#3300=CARTESIAN_POINT('',(7.98899591498509,2.20644666272068,-3.06421554796543E-14));
#3301=CARTESIAN_POINT('',(8.08899591498509,1.55939106251909,1.55939106251912));
#3302=CARTESIAN_POINT('',(8.18899591498509,3.19817471919827E-15,2.20644666272067));
#3303=CARTESIAN_POINT('',(8.28899591498509,-1.55939106251909,1.55939106251911));
#3304=CARTESIAN_POINT('',(8.3889959149851,-2.20644666272067,1.28785870856518E-14));
#3305=CARTESIAN_POINT('',(8.48899591498509,-1.55939106251913,-1.55939106251908));
#3306=CARTESIAN_POINT('',(8.58899591498509,1.46432690472306E-14,-2.20644666272068));
#3307=CARTESIAN_POINT('',(8.68899591498509,1.5593910625191,-1.5593910625191));
#3308=CARTESIAN_POINT('',(8.78899591498509,2.20644666272067,-6.43929354282591E-15));
#3309=CARTESIAN_POINT('',(8.88899591498509,1.55939106251911,1.55939106251909));
#3310=CARTESIAN_POINT('',(8.98899591498509,2.75316533072756E-14,2.20644666272068));
#3311=CARTESIAN_POINT('',(9.08899591498509,-1.55939106251912,1.55939106251909));
#3312=CARTESIAN_POINT('',(9.18899591498509,-2.20644666272067,-2.22044604925031E-16));
#3313=CARTESIAN_POINT('',(9.28899591498509,-1.5593910625191,-1.5593910625191));
#3314=CARTESIAN_POINT('',(9.38899591498509,-9.65102084327401E-15,-2.20644666272067));
#3315=CARTESIAN_POINT('',(9.48899591498509,1.55939106251909,-1.55939106251913));
#3316=CARTESIAN_POINT('',(9.58899591498509,2.20644666272068,1.7874590696465E-14));
#3317=CARTESIAN_POINT('',(9.68899591498509,1.5593910625191,1.5593910625191));
#3318=CARTESIAN_POINT('',(9.78899591498509,3.12634111430847E-15,2.20644666272067));
#3319=CARTESIAN_POINT('',(9.88899591498509,-1.55939106251909,1.55939106251911));
#3320=CARTESIAN_POINT('',(9.97873930299461,-2.1400806804453,0.159940690696869));
#3321=CARTESIAN_POINT('',(10.0351493576708,-1.88738752325006,-0.719712660285672));
#3322=CARTESIAN_POINT('',(10.0582260790136,-1.70175231431202,-1.02911571248555));
#3323=CARTESIAN_POINT('',(-1.22748360831795,2.6169191453624,0.));
#3324=CARTESIAN_POINT('',(-1.19415027498461,2.6169191453624,0.685107830175749));
#3325=CARTESIAN_POINT('',(-1.12748360831795,2.04986905923624,2.04986905923624));
#3326=CARTESIAN_POINT('',(-1.02748360831795,-2.51660902420594E-17,2.90044418842548));
#3327=CARTESIAN_POINT('',(-0.927483608317946,-2.04986905923624,2.04986905923624));
#3328=CARTESIAN_POINT('',(-0.827483608317946,-2.90044418842548,2.22044604925031E-16));
#3329=CARTESIAN_POINT('',(-0.727483608317946,-2.04986905923624,-2.04986905923624));
#3330=CARTESIAN_POINT('',(-0.627483608317946,-1.53689158488806E-17,-2.90044418842548));
#3331=CARTESIAN_POINT('',(-0.527483608317946,2.04986905923624,-2.04986905923624));
#3332=CARTESIAN_POINT('',(-0.427483608317946,2.90044418842548,-3.33066907387547E-16));
#3333=CARTESIAN_POINT('',(-0.327483608317946,2.04986905923624,2.04986905923624));
#3334=CARTESIAN_POINT('',(-0.227483608317946,-5.57174145570179E-18,2.90044418842548));
#3335=CARTESIAN_POINT('',(-0.127483608317946,-2.04986905923623,2.04986905923624));
#3336=CARTESIAN_POINT('',(-0.0274836083179455,-2.90044418842548,8.88178419700125E-16));
#3337=CARTESIAN_POINT('',(0.0725163916820539,-2.04986905923624,-2.04986905923624));
#3338=CARTESIAN_POINT('',(0.172516391682054,-8.83952986762648E-16,-2.90044418842548));
#3339=CARTESIAN_POINT('',(0.272516391682054,2.04986905923623,-2.04986905923624));
#3340=CARTESIAN_POINT('',(0.372516391682054,2.90044418842548,-9.99200722162641E-16));
#3341=CARTESIAN_POINT('',(0.472516391682054,2.04986905923624,2.04986905923624));
#3342=CARTESIAN_POINT('',(0.572516391682054,1.79037944673091E-15,2.90044418842548));
#3343=CARTESIAN_POINT('',(0.672516391682054,-2.04986905923623,2.04986905923624));
#3344=CARTESIAN_POINT('',(0.772516391682054,-2.90044418842548,1.4432899320127E-15));
#3345=CARTESIAN_POINT('',(0.872516391682054,-2.04986905923623,-2.04986905923624));
#3346=CARTESIAN_POINT('',(0.972516391682054,-1.01902320448276E-14,-2.90044418842548));
#3347=CARTESIAN_POINT('',(1.07251639168205,2.04986905923624,-2.04986905923624));
#3348=CARTESIAN_POINT('',(1.17251639168205,2.90044418842548,-1.4432899320127E-15));
#3349=CARTESIAN_POINT('',(1.27251639168205,2.04986905923624,2.04986905923624));
#3350=CARTESIAN_POINT('',(1.37251639168205,-6.18363198178386E-15,2.90044418842548));
#3351=CARTESIAN_POINT('',(1.47251639168205,-2.04986905923623,2.04986905923624));
#3352=CARTESIAN_POINT('',(1.57251639168205,-2.90044418842548,1.66533453693773E-15));
#3353=CARTESIAN_POINT('',(1.67251639168205,-2.04986905923624,-2.04986905923624));
#3354=CARTESIAN_POINT('',(1.77251639168205,-1.03926823009663E-14,-2.90044418842548));
#3355=CARTESIAN_POINT('',(1.87251639168205,2.04986905923624,-2.04986905923624));
#3356=CARTESIAN_POINT('',(1.97251639168205,2.90044418842548,-2.22044604925031E-15));
#3357=CARTESIAN_POINT('',(2.07251639168205,2.04986905923624,2.04986905923624));
#3358=CARTESIAN_POINT('',(2.17251639168205,-5.27585921329738E-15,2.90044418842548));
#3359=CARTESIAN_POINT('',(2.27251639168205,-2.04986905923623,2.04986905923625));
#3360=CARTESIAN_POINT('',(2.37251639168205,-2.90044418842548,2.55351295663786E-15));
#3361=CARTESIAN_POINT('',(2.47251639168205,-2.04986905923624,-2.04986905923624));
#3362=CARTESIAN_POINT('',(2.57251639168205,-1.126126637188E-14,-2.90044418842548));
#3363=CARTESIAN_POINT('',(2.67251639168205,2.04986905923624,-2.04986905923624));
#3364=CARTESIAN_POINT('',(2.77251639168205,2.90044418842548,-1.11022302462516E-16));
#3365=CARTESIAN_POINT('',(2.87251639168206,2.04986905923625,2.04986905923623));
#3366=CARTESIAN_POINT('',(2.97251639168205,-7.69875551868637E-15,2.90044418842548));
#3367=CARTESIAN_POINT('',(3.07251639168205,-2.04986905923623,2.04986905923624));
#3368=CARTESIAN_POINT('',(3.17251639168205,-2.90044418842548,1.49880108324396E-14));
#3369=CARTESIAN_POINT('',(3.27251639168205,-2.04986905923623,-2.04986905923624));
#3370=CARTESIAN_POINT('',(3.37251639168206,-1.52384749117443E-14,-2.90044418842548));
#3371=CARTESIAN_POINT('',(3.47251639168205,2.04986905923625,-2.04986905923623));
#3372=CARTESIAN_POINT('',(3.57251639168206,2.90044418842547,-2.99760216648792E-15));
#3373=CARTESIAN_POINT('',(3.67251639168205,2.04986905923625,2.04986905923623));
#3374=CARTESIAN_POINT('',(3.77251639168205,-7.45711656497498E-15,2.90044418842548));
#3375=CARTESIAN_POINT('',(3.87251639168206,-2.04986905923623,2.04986905923625));
#3376=CARTESIAN_POINT('',(3.97251639168205,-2.90044418842548,-8.99280649946377E-15));
#3377=CARTESIAN_POINT('',(4.07251639168206,-2.04986905923624,-2.04986905923623));
#3378=CARTESIAN_POINT('',(4.17251639168205,-1.5885014377733E-14,-2.90044418842548));
#3379=CARTESIAN_POINT('',(4.27251639168205,2.04986905923625,-2.04986905923623));
#3380=CARTESIAN_POINT('',(4.37251639168206,2.90044418842547,-3.88578058618805E-15));
#3381=CARTESIAN_POINT('',(4.47251639168205,2.04986905923626,2.04986905923622));
#3382=CARTESIAN_POINT('',(4.57251639168206,-6.10525458663843E-15,2.90044418842548));
#3383=CARTESIAN_POINT('',(4.67251639168205,-2.04986905923623,2.04986905923624));
#3384=CARTESIAN_POINT('',(4.77251639168205,-2.90044418842548,1.60982338570648E-14));
#3385=CARTESIAN_POINT('',(4.87251639168206,-2.04986905923624,-2.04986905923624));
#3386=CARTESIAN_POINT('',(4.97251639168205,-1.69756430535718E-14,-2.90044418842548));
#3387=CARTESIAN_POINT('',(5.07251639168206,2.04986905923625,-2.04986905923623));
#3388=CARTESIAN_POINT('',(5.17251639168205,2.90044418842547,-4.21884749357559E-15));
#3389=CARTESIAN_POINT('',(5.27251639168205,2.04986905923626,2.04986905923622));
#3390=CARTESIAN_POINT('',(5.37251639168206,-5.64157102800201E-15,2.90044418842548));
#3391=CARTESIAN_POINT('',(5.47251639168205,-2.04986905923623,2.04986905923625));
#3392=CARTESIAN_POINT('',(5.57251639168206,-2.90044418842548,-7.88258347483861E-15));
#3393=CARTESIAN_POINT('',(5.67251639168205,-2.04986905923624,-2.04986905923623));
#3394=CARTESIAN_POINT('',(5.77251639168205,-1.71780933097105E-14,-2.90044418842548));
#3395=CARTESIAN_POINT('',(5.87251639168206,2.04986905923625,-2.04986905923623));
#3396=CARTESIAN_POINT('',(5.97251639168205,2.90044418842547,-4.77395900588817E-15));
#3397=CARTESIAN_POINT('',(6.07251639168206,2.04986905923626,2.04986905923622));
#3398=CARTESIAN_POINT('',(6.17251639168206,-4.5117536545905E-15,2.90044418842548));
#3399=CARTESIAN_POINT('',(6.27251639168205,-2.04986905923623,2.04986905923624));
#3400=CARTESIAN_POINT('',(6.37251639168206,-2.90044418842548,1.72084568816899E-14));
#3401=CARTESIAN_POINT('',(6.47251639168205,-2.04986905923624,-2.04986905923624));
#3402=CARTESIAN_POINT('',(6.57251639168206,-1.82687219855493E-14,-2.90044418842548));
#3403=CARTESIAN_POINT('',(6.67251639168205,2.04986905923625,-2.04986905923623));
#3404=CARTESIAN_POINT('',(6.77251639168205,2.90044418842547,-5.77315972805081E-15));
#3405=CARTESIAN_POINT('',(6.87251639168205,2.04986905923625,2.04986905923623));
#3406=CARTESIAN_POINT('',(6.97251639168206,3.48097357659264E-14,2.90044418842548));
#3407=CARTESIAN_POINT('',(7.07251639168206,-2.04986905923626,2.04986905923622));
#3408=CARTESIAN_POINT('',(7.17251639168206,-2.90044418842547,-1.33226762955019E-15));
#3409=CARTESIAN_POINT('',(7.27251639168205,-2.04986905923624,-2.04986905923623));
#3410=CARTESIAN_POINT('',(7.37251639168205,-1.24759679087121E-14,-2.90044418842548));
#3411=CARTESIAN_POINT('',(7.47251639168206,2.04986905923622,-2.04986905923625));
#3412=CARTESIAN_POINT('',(7.57251639168206,2.90044418842548,-3.06421554796543E-14));
#3413=CARTESIAN_POINT('',(7.67251639168205,2.04986905923623,2.04986905923626));
#3414=CARTESIAN_POINT('',(7.77251639168205,3.96513003013341E-15,2.90044418842547));
#3415=CARTESIAN_POINT('',(7.87251639168205,-2.04986905923623,2.04986905923624));
#3416=CARTESIAN_POINT('',(7.97251639168206,-2.90044418842547,1.28785870856518E-14));
#3417=CARTESIAN_POINT('',(8.07251639168205,-2.04986905923627,-2.04986905923621));
#3418=CARTESIAN_POINT('',(8.17251639168206,1.95180495492788E-14,-2.90044418842548));
#3419=CARTESIAN_POINT('',(8.27251639168205,2.04986905923624,-2.04986905923624));
#3420=CARTESIAN_POINT('',(8.37251639168205,2.90044418842548,-6.43929354282591E-15));
#3421=CARTESIAN_POINT('',(8.47251639168206,2.04986905923625,2.04986905923623));
#3422=CARTESIAN_POINT('',(8.57251639168205,3.64032366979743E-14,2.90044418842549));
#3423=CARTESIAN_POINT('',(8.67251639168206,-2.04986905923626,2.04986905923623));
#3424=CARTESIAN_POINT('',(8.77251639168205,-2.90044418842547,-2.22044604925031E-16));
#3425=CARTESIAN_POINT('',(8.87251639168205,-2.04986905923624,-2.04986905923623));
#3426=CARTESIAN_POINT('',(8.97251639168206,-1.24367792111394E-14,-2.90044418842547));
#3427=CARTESIAN_POINT('',(9.07251639168205,2.04986905923622,-2.04986905923627));
#3428=CARTESIAN_POINT('',(9.17251639168206,2.90044418842548,1.7874590696465E-14));
#3429=CARTESIAN_POINT('',(9.27251639168205,2.04986905923623,2.04986905923624));
#3430=CARTESIAN_POINT('',(9.37251639168205,4.22636333263115E-15,2.90044418842548));
#3431=CARTESIAN_POINT('',(9.47251639168206,-2.04986905923623,2.04986905923624));
#3432=CARTESIAN_POINT('',(9.56225977969157,-2.81320399773698,0.210247115718843));
#3433=CARTESIAN_POINT('',(9.61866983436775,-2.48103082010029,-0.946085141386482));
#3434=CARTESIAN_POINT('',(9.6417465557106,-2.23700744440372,-1.3528052764328));
#3435=CARTESIAN_POINT('',(-1.58899591498509,1.99076146265348,0.));
#3436=CARTESIAN_POINT('',(-1.55566258165176,1.99076146265348,0.521180132176821));
#3437=CARTESIAN_POINT('',(-1.48899591498509,1.5593910625191,1.5593910625191));
#3438=CARTESIAN_POINT('',(-1.38899591498509,-3.40205880263054E-17,2.20644666272067));
#3439=CARTESIAN_POINT('',(-1.28899591498509,-1.5593910625191,1.5593910625191));
#3440=CARTESIAN_POINT('',(-1.18899591498509,-2.20644666272067,2.22044604925031E-16));
#3441=CARTESIAN_POINT('',(-1.08899591498509,-1.5593910625191,-1.5593910625191));
#3442=CARTESIAN_POINT('',(-0.988995914985091,-2.46268018558158E-16,-2.20644666272067));
#3443=CARTESIAN_POINT('',(-0.888995914985091,1.5593910625191,-1.5593910625191));
#3444=CARTESIAN_POINT('',(-0.788995914985091,2.20644666272067,-3.33066907387547E-16));
#3445=CARTESIAN_POINT('',(-0.688995914985091,1.5593910625191,1.5593910625191));
#3446=CARTESIAN_POINT('',(-0.588995914985091,-2.36470844164979E-16,2.20644666272067));
#3447=CARTESIAN_POINT('',(-0.488995914985091,-1.5593910625191,1.5593910625191));
#3448=CARTESIAN_POINT('',(-0.388995914985091,-2.20644666272067,8.88178419700125E-16));
#3449=CARTESIAN_POINT('',(-0.288995914985091,-1.5593910625191,-1.5593910625191));
#3450=CARTESIAN_POINT('',(-0.188995914985091,-1.00382978700941E-15,-2.20644666272067));
#3451=CARTESIAN_POINT('',(-0.0889959149850912,1.5593910625191,-1.55939106251911));
#3452=CARTESIAN_POINT('',(0.0110040850149089,2.20644666272067,-9.99200722162641E-16));
#3453=CARTESIAN_POINT('',(0.111004085014909,1.5593910625191,1.5593910625191));
#3454=CARTESIAN_POINT('',(0.211004085014909,1.00436883170905E-15,2.20644666272067));
#3455=CARTESIAN_POINT('',(0.311004085014909,-1.5593910625191,1.55939106251911));
#3456=CARTESIAN_POINT('',(0.411004085014908,-2.20644666272067,1.4432899320127E-15));
#3457=CARTESIAN_POINT('',(0.511004085014909,-1.5593910625191,-1.5593910625191));
#3458=CARTESIAN_POINT('',(0.611004085014909,-7.64557358597399E-15,-2.20644666272067));
#3459=CARTESIAN_POINT('',(0.711004085014909,1.5593910625191,-1.55939106251911));
#3460=CARTESIAN_POINT('',(0.811004085014909,2.20644666272067,-1.4432899320127E-15));
#3461=CARTESIAN_POINT('',(0.911004085014909,1.5593910625191,1.5593910625191));
#3462=CARTESIAN_POINT('',(1.01100408501491,-4.52715194263037E-15,2.20644666272067));
#3463=CARTESIAN_POINT('',(1.11100408501491,-1.5593910625191,1.55939106251911));
#3464=CARTESIAN_POINT('',(1.21100408501491,-2.20644666272067,1.66533453693773E-15));
#3465=CARTESIAN_POINT('',(1.31100408501491,-1.5593910625191,-1.5593910625191));
#3466=CARTESIAN_POINT('',(1.41100408501491,-7.95904614457518E-15,-2.20644666272067));
#3467=CARTESIAN_POINT('',(1.51100408501491,1.5593910625191,-1.55939106251911));
#3468=CARTESIAN_POINT('',(1.61100408501491,2.20644666272067,-2.22044604925031E-15));
#3469=CARTESIAN_POINT('',(1.71100408501491,1.5593910625191,1.5593910625191));
#3470=CARTESIAN_POINT('',(1.81100408501491,-4.06346838399395E-15,2.20644666272067));
#3471=CARTESIAN_POINT('',(1.91100408501491,-1.5593910625191,1.55939106251911));
#3472=CARTESIAN_POINT('',(2.01100408501491,-2.20644666272067,2.55351295663786E-15));
#3473=CARTESIAN_POINT('',(2.11100408501491,-1.5593910625191,-1.5593910625191));
#3474=CARTESIAN_POINT('',(2.21100408501491,-8.60558561056392E-15,-2.20644666272067));
#3475=CARTESIAN_POINT('',(2.31100408501491,1.5593910625191,-1.55939106251911));
#3476=CARTESIAN_POINT('',(2.41100408501491,2.20644666272067,-1.11022302462516E-16));
#3477=CARTESIAN_POINT('',(2.51100408501491,1.55939106251911,1.55939106251909));
#3478=CARTESIAN_POINT('',(2.61100408501491,-5.93125317707036E-15,2.20644666272067));
#3479=CARTESIAN_POINT('',(2.71100408501491,-1.5593910625191,1.5593910625191));
#3480=CARTESIAN_POINT('',(2.81100408501491,-2.20644666272067,1.49880108324396E-14));
#3481=CARTESIAN_POINT('',(2.91100408501491,-1.5593910625191,-1.55939106251911));
#3482=CARTESIAN_POINT('',(3.01100408501491,-1.1694615730728E-14,-2.20644666272067));
#3483=CARTESIAN_POINT('',(3.11100408501491,1.55939106251911,-1.5593910625191));
#3484=CARTESIAN_POINT('',(3.21100408501491,2.20644666272067,-2.99760216648792E-15));
#3485=CARTESIAN_POINT('',(3.31100408501491,1.55939106251911,1.55939106251909));
#3486=CARTESIAN_POINT('',(3.41100408501491,-5.35654731597143E-15,2.20644666272067));
#3487=CARTESIAN_POINT('',(3.51100408501491,-1.55939106251909,1.55939106251911));
#3488=CARTESIAN_POINT('',(3.61100408501491,-2.20644666272067,-8.99280649946377E-15));
#3489=CARTESIAN_POINT('',(3.71100408501491,-1.5593910625191,-1.5593910625191));
#3490=CARTESIAN_POINT('',(3.81100408501491,-1.17860436844042E-14,-2.20644666272067));
#3491=CARTESIAN_POINT('',(3.91100408501491,1.55939106251911,-1.5593910625191));
#3492=CARTESIAN_POINT('',(4.01100408501491,2.20644666272067,-3.88578058618805E-15));
#3493=CARTESIAN_POINT('',(4.11100408501491,1.55939106251911,1.55939106251909));
#3494=CARTESIAN_POINT('',(4.21100408501491,-4.55979684994746E-15,2.20644666272067));
#3495=CARTESIAN_POINT('',(4.31100408501491,-1.5593910625191,1.5593910625191));
#3496=CARTESIAN_POINT('',(4.41100408501491,-2.20644666272067,1.60982338570648E-14));
#3497=CARTESIAN_POINT('',(4.51100408501491,-1.5593910625191,-1.55939106251911));
#3498=CARTESIAN_POINT('',(4.61100408501491,-1.29876946627055E-14,-2.20644666272067));
#3499=CARTESIAN_POINT('',(4.71100408501491,1.55939106251911,-1.5593910625191));
#3500=CARTESIAN_POINT('',(4.81100408501491,2.20644666272067,-4.21884749357559E-15));
#3501=CARTESIAN_POINT('',(4.91100408501491,1.55939106251911,1.55939106251909));
#3502=CARTESIAN_POINT('',(5.01100408501491,-4.42918019869859E-15,2.20644666272067));
#3503=CARTESIAN_POINT('',(5.11100408501491,-1.55939106251909,1.55939106251911));
#3504=CARTESIAN_POINT('',(5.21100408501491,-2.20644666272067,-7.88258347483861E-15));
#3505=CARTESIAN_POINT('',(5.31100408501491,-1.5593910625191,-1.5593910625191));
#3506=CARTESIAN_POINT('',(5.41100408501491,-1.28570780114566E-14,-2.20644666272067));
#3507=CARTESIAN_POINT('',(5.51100408501491,1.55939106251911,-1.5593910625191));
#3508=CARTESIAN_POINT('',(5.61100408501491,2.20644666272067,-4.77395900588817E-15));
#3509=CARTESIAN_POINT('',(5.71100408501491,1.55939106251912,1.55939106251909));
#3510=CARTESIAN_POINT('',(5.81100408501491,-3.63242973267462E-15,2.20644666272067));
#3511=CARTESIAN_POINT('',(5.91100408501491,-1.55939106251909,1.55939106251911));
#3512=CARTESIAN_POINT('',(6.01100408501491,-2.20644666272067,1.72084568816899E-14));
#3513=CARTESIAN_POINT('',(6.11100408501491,-1.5593910625191,-1.5593910625191));
#3514=CARTESIAN_POINT('',(6.21100408501491,-1.39477066872954E-14,-2.20644666272067));
#3515=CARTESIAN_POINT('',(6.31100408501491,1.55939106251911,-1.5593910625191));
#3516=CARTESIAN_POINT('',(6.41100408501491,2.20644666272067,-5.77315972805081E-15));
#3517=CARTESIAN_POINT('',(6.51100408501491,1.55939106251911,1.55939106251909));
#3518=CARTESIAN_POINT('',(6.61100408501491,2.6585230885916E-14,2.20644666272068));
#3519=CARTESIAN_POINT('',(6.71100408501491,-1.55939106251912,1.55939106251909));
#3520=CARTESIAN_POINT('',(6.81100408501491,-2.20644666272067,-1.33226762955019E-15));
#3521=CARTESIAN_POINT('',(6.91100408501491,-1.5593910625191,-1.5593910625191));
#3522=CARTESIAN_POINT('',(7.01100408501491,-9.48722024000841E-15,-2.20644666272067));
#3523=CARTESIAN_POINT('',(7.11100408501491,1.55939106251909,-1.55939106251911));
#3524=CARTESIAN_POINT('',(7.21100408501491,2.20644666272068,-3.06421554796543E-14));
#3525=CARTESIAN_POINT('',(7.31100408501491,1.55939106251909,1.55939106251912));
#3526=CARTESIAN_POINT('',(7.41100408501491,3.17911941511155E-15,2.20644666272067));
#3527=CARTESIAN_POINT('',(7.51100408501491,-1.55939106251909,1.55939106251911));
#3528=CARTESIAN_POINT('',(7.61100408501491,-2.20644666272067,1.28785870856518E-14));
#3529=CARTESIAN_POINT('',(7.71100408501491,-1.55939106251913,-1.55939106251908));
#3530=CARTESIAN_POINT('',(7.81100408501491,1.46242137431438E-14,-2.20644666272068));
#3531=CARTESIAN_POINT('',(7.91100408501491,1.5593910625191,-1.5593910625191));
#3532=CARTESIAN_POINT('',(8.01100408501491,2.20644666272067,-6.43929354282591E-15));
#3533=CARTESIAN_POINT('',(8.11100408501491,1.55939106251911,1.55939106251909));
#3534=CARTESIAN_POINT('',(8.21100408501491,2.75125980031888E-14,2.20644666272068));
#3535=CARTESIAN_POINT('',(8.31100408501491,-1.55939106251912,1.55939106251909));
#3536=CARTESIAN_POINT('',(8.41100408501491,-2.20644666272067,-2.22044604925031E-16));
#3537=CARTESIAN_POINT('',(8.51100408501491,-1.5593910625191,-1.5593910625191));
#3538=CARTESIAN_POINT('',(8.61100408501491,-9.67007614736073E-15,-2.20644666272067));
#3539=CARTESIAN_POINT('',(8.71100408501491,1.55939106251909,-1.55939106251913));
#3540=CARTESIAN_POINT('',(8.81100408501491,2.20644666272068,1.7874590696465E-14));
#3541=CARTESIAN_POINT('',(8.91100408501491,1.5593910625191,1.5593910625191));
#3542=CARTESIAN_POINT('',(9.01100408501491,3.10728581022175E-15,2.20644666272067));
#3543=CARTESIAN_POINT('',(9.11100408501491,-1.55939106251909,1.55939106251911));
#3544=CARTESIAN_POINT('',(9.20074747302442,-2.1400806804453,0.159940690696869));
#3545=CARTESIAN_POINT('',(9.25715752770061,-1.88738752325006,-0.719712660285672));
#3546=CARTESIAN_POINT('',(9.28023424904346,-1.70175231431202,-1.02911571248555));
#3547=CARTESIAN_POINT('',(-0.811004085014909,1.99076146265348,0.));
#3548=CARTESIAN_POINT('',(-0.777670751681576,1.99076146265348,0.521180132176821));
#3549=CARTESIAN_POINT('',(-0.711004085014909,1.5593910625191,1.5593910625191));
#3550=CARTESIAN_POINT('',(-0.611004085014909,-1.49652839395898E-17,2.20644666272067));
#3551=CARTESIAN_POINT('',(-0.511004085014909,-1.5593910625191,1.5593910625191));
#3552=CARTESIAN_POINT('',(-0.411004085014909,-2.20644666272067,2.22044604925031E-16));
#3553=CARTESIAN_POINT('',(-0.311004085014909,-1.5593910625191,-1.5593910625191));
#3554=CARTESIAN_POINT('',(-0.211004085014909,-2.27212714471442E-16,-2.20644666272067));
#3555=CARTESIAN_POINT('',(-0.111004085014909,1.5593910625191,-1.5593910625191));
#3556=CARTESIAN_POINT('',(-0.0110040850149091,2.20644666272067,-3.33066907387547E-16));
#3557=CARTESIAN_POINT('',(0.088995914985091,1.5593910625191,1.5593910625191));
#3558=CARTESIAN_POINT('',(0.188995914985091,-2.17415540078263E-16,2.20644666272067));
#3559=CARTESIAN_POINT('',(0.288995914985091,-1.5593910625191,1.5593910625191));
#3560=CARTESIAN_POINT('',(0.388995914985091,-2.20644666272067,8.88178419700125E-16));
#3561=CARTESIAN_POINT('',(0.488995914985091,-1.5593910625191,-1.5593910625191));
#3562=CARTESIAN_POINT('',(0.588995914985091,-9.84774482922694E-16,-2.20644666272067));
#3563=CARTESIAN_POINT('',(0.688995914985091,1.5593910625191,-1.55939106251911));
#3564=CARTESIAN_POINT('',(0.788995914985091,2.20644666272067,-9.99200722162641E-16));
#3565=CARTESIAN_POINT('',(0.888995914985091,1.5593910625191,1.5593910625191));
#3566=CARTESIAN_POINT('',(0.988995914985091,1.02342413579577E-15,2.20644666272067));
#3567=CARTESIAN_POINT('',(1.08899591498509,-1.5593910625191,1.55939106251911));
#3568=CARTESIAN_POINT('',(1.18899591498509,-2.20644666272067,1.4432899320127E-15));
#3569=CARTESIAN_POINT('',(1.28899591498509,-1.5593910625191,-1.5593910625191));
#3570=CARTESIAN_POINT('',(1.38899591498509,-7.62651828188728E-15,-2.20644666272067));
#3571=CARTESIAN_POINT('',(1.48899591498509,1.5593910625191,-1.55939106251911));
#3572=CARTESIAN_POINT('',(1.58899591498509,2.20644666272067,-1.4432899320127E-15));
#3573=CARTESIAN_POINT('',(1.68899591498509,1.5593910625191,1.5593910625191));
#3574=CARTESIAN_POINT('',(1.78899591498509,-4.50809663854366E-15,2.20644666272067));
#3575=CARTESIAN_POINT('',(1.88899591498509,-1.5593910625191,1.55939106251911));
#3576=CARTESIAN_POINT('',(1.98899591498509,-2.20644666272067,1.66533453693773E-15));
#3577=CARTESIAN_POINT('',(2.08899591498509,-1.5593910625191,-1.5593910625191));
#3578=CARTESIAN_POINT('',(2.18899591498509,-7.93999084048846E-15,-2.20644666272067));
#3579=CARTESIAN_POINT('',(2.28899591498509,1.5593910625191,-1.55939106251911));
#3580=CARTESIAN_POINT('',(2.38899591498509,2.20644666272067,-2.22044604925031E-15));
#3581=CARTESIAN_POINT('',(2.48899591498509,1.5593910625191,1.5593910625191));
#3582=CARTESIAN_POINT('',(2.58899591498509,-4.04441307990724E-15,2.20644666272067));
#3583=CARTESIAN_POINT('',(2.68899591498509,-1.5593910625191,1.55939106251911));
#3584=CARTESIAN_POINT('',(2.78899591498509,-2.20644666272067,2.55351295663786E-15));
#3585=CARTESIAN_POINT('',(2.88899591498509,-1.5593910625191,-1.5593910625191));
#3586=CARTESIAN_POINT('',(2.98899591498509,-8.5865303064772E-15,-2.20644666272067));
#3587=CARTESIAN_POINT('',(3.08899591498509,1.5593910625191,-1.55939106251911));
#3588=CARTESIAN_POINT('',(3.18899591498509,2.20644666272067,-1.11022302462516E-16));
#3589=CARTESIAN_POINT('',(3.28899591498509,1.55939106251911,1.55939106251909));
#3590=CARTESIAN_POINT('',(3.38899591498509,-5.91219787298365E-15,2.20644666272067));
#3591=CARTESIAN_POINT('',(3.48899591498509,-1.5593910625191,1.5593910625191));
#3592=CARTESIAN_POINT('',(3.58899591498509,-2.20644666272067,1.49880108324396E-14));
#3593=CARTESIAN_POINT('',(3.68899591498509,-1.5593910625191,-1.55939106251911));
#3594=CARTESIAN_POINT('',(3.78899591498509,-1.16755604266413E-14,-2.20644666272067));
#3595=CARTESIAN_POINT('',(3.88899591498509,1.55939106251911,-1.5593910625191));
#3596=CARTESIAN_POINT('',(3.98899591498509,2.20644666272067,-2.99760216648792E-15));
#3597=CARTESIAN_POINT('',(4.08899591498509,1.55939106251911,1.55939106251909));
#3598=CARTESIAN_POINT('',(4.18899591498509,-5.33749201188471E-15,2.20644666272067));
#3599=CARTESIAN_POINT('',(4.28899591498509,-1.55939106251909,1.55939106251911));
#3600=CARTESIAN_POINT('',(4.38899591498509,-2.20644666272067,-8.99280649946377E-15));
#3601=CARTESIAN_POINT('',(4.48899591498509,-1.5593910625191,-1.5593910625191));
#3602=CARTESIAN_POINT('',(4.58899591498509,-1.17669883803174E-14,-2.20644666272067));
#3603=CARTESIAN_POINT('',(4.68899591498509,1.55939106251911,-1.5593910625191));
#3604=CARTESIAN_POINT('',(4.78899591498509,2.20644666272067,-3.88578058618805E-15));
#3605=CARTESIAN_POINT('',(4.88899591498509,1.55939106251911,1.55939106251909));
#3606=CARTESIAN_POINT('',(4.98899591498509,-4.54074154586074E-15,2.20644666272067));
#3607=CARTESIAN_POINT('',(5.08899591498509,-1.5593910625191,1.5593910625191));
#3608=CARTESIAN_POINT('',(5.18899591498509,-2.20644666272067,1.60982338570648E-14));
#3609=CARTESIAN_POINT('',(5.28899591498509,-1.5593910625191,-1.55939106251911));
#3610=CARTESIAN_POINT('',(5.38899591498509,-1.29686393586188E-14,-2.20644666272067));
#3611=CARTESIAN_POINT('',(5.48899591498509,1.55939106251911,-1.5593910625191));
#3612=CARTESIAN_POINT('',(5.58899591498509,2.20644666272067,-4.21884749357559E-15));
#3613=CARTESIAN_POINT('',(5.68899591498509,1.55939106251911,1.55939106251909));
#3614=CARTESIAN_POINT('',(5.78899591498509,-4.41012489461187E-15,2.20644666272067));
#3615=CARTESIAN_POINT('',(5.88899591498509,-1.55939106251909,1.55939106251911));
#3616=CARTESIAN_POINT('',(5.98899591498509,-2.20644666272067,-7.88258347483861E-15));
#3617=CARTESIAN_POINT('',(6.08899591498509,-1.5593910625191,-1.5593910625191));
#3618=CARTESIAN_POINT('',(6.18899591498509,-1.28380227073699E-14,-2.20644666272067));
#3619=CARTESIAN_POINT('',(6.28899591498509,1.55939106251911,-1.5593910625191));
#3620=CARTESIAN_POINT('',(6.38899591498509,2.20644666272067,-4.77395900588817E-15));
#3621=CARTESIAN_POINT('',(6.48899591498509,1.55939106251912,1.55939106251909));
#3622=CARTESIAN_POINT('',(6.58899591498509,-3.6133744285879E-15,2.20644666272067));
#3623=CARTESIAN_POINT('',(6.68899591498509,-1.55939106251909,1.55939106251911));
#3624=CARTESIAN_POINT('',(6.78899591498509,-2.20644666272067,1.72084568816899E-14));
#3625=CARTESIAN_POINT('',(6.88899591498509,-1.5593910625191,-1.5593910625191));
#3626=CARTESIAN_POINT('',(6.98899591498509,-1.39286513832087E-14,-2.20644666272067));
#3627=CARTESIAN_POINT('',(7.08899591498509,1.55939106251911,-1.5593910625191));
#3628=CARTESIAN_POINT('',(7.18899591498509,2.20644666272067,-5.77315972805081E-15));
#3629=CARTESIAN_POINT('',(7.28899591498509,1.55939106251911,1.55939106251909));
#3630=CARTESIAN_POINT('',(7.38899591498509,2.66042861900027E-14,2.20644666272068));
#3631=CARTESIAN_POINT('',(7.48899591498509,-1.55939106251912,1.55939106251909));
#3632=CARTESIAN_POINT('',(7.58899591498509,-2.20644666272067,-1.33226762955019E-15));
#3633=CARTESIAN_POINT('',(7.68899591498509,-1.5593910625191,-1.5593910625191));
#3634=CARTESIAN_POINT('',(7.78899591498509,-9.4681649359217E-15,-2.20644666272067));
#3635=CARTESIAN_POINT('',(7.88899591498509,1.55939106251909,-1.55939106251911));
#3636=CARTESIAN_POINT('',(7.98899591498509,2.20644666272068,-3.06421554796543E-14));
#3637=CARTESIAN_POINT('',(8.08899591498509,1.55939106251909,1.55939106251912));
#3638=CARTESIAN_POINT('',(8.18899591498509,3.19817471919827E-15,2.20644666272067));
#3639=CARTESIAN_POINT('',(8.28899591498509,-1.55939106251909,1.55939106251911));
#3640=CARTESIAN_POINT('',(8.3889959149851,-2.20644666272067,1.28785870856518E-14));
#3641=CARTESIAN_POINT('',(8.48899591498509,-1.55939106251913,-1.55939106251908));
#3642=CARTESIAN_POINT('',(8.58899591498509,1.46432690472306E-14,-2.20644666272068));
#3643=CARTESIAN_POINT('',(8.68899591498509,1.5593910625191,-1.5593910625191));
#3644=CARTESIAN_POINT('',(8.78899591498509,2.20644666272067,-6.43929354282591E-15));
#3645=CARTESIAN_POINT('',(8.88899591498509,1.55939106251911,1.55939106251909));
#3646=CARTESIAN_POINT('',(8.98899591498509,2.75316533072756E-14,2.20644666272068));
#3647=CARTESIAN_POINT('',(9.08899591498509,-1.55939106251912,1.55939106251909));
#3648=CARTESIAN_POINT('',(9.18899591498509,-2.20644666272067,-2.22044604925031E-16));
#3649=CARTESIAN_POINT('',(9.28899591498509,-1.5593910625191,-1.5593910625191));
#3650=CARTESIAN_POINT('',(9.38899591498509,-9.65102084327401E-15,-2.20644666272067));
#3651=CARTESIAN_POINT('',(9.48899591498509,1.55939106251909,-1.55939106251913));
#3652=CARTESIAN_POINT('',(9.58899591498509,2.20644666272068,1.7874590696465E-14));
#3653=CARTESIAN_POINT('',(9.68899591498509,1.5593910625191,1.5593910625191));
#3654=CARTESIAN_POINT('',(9.78899591498509,3.12634111430847E-15,2.20644666272067));
#3655=CARTESIAN_POINT('',(9.88899591498509,-1.55939106251909,1.55939106251911));
#3656=CARTESIAN_POINT('',(9.97873930299461,-2.1400806804453,0.159940690696869));
#3657=CARTESIAN_POINT('',(10.0351493576708,-1.88738752325006,-0.719712660285672));
#3658=CARTESIAN_POINT('',(10.0582260790136,-1.70175231431202,-1.02911571248555));
#3659=CARTESIAN_POINT('',(-1.17251639168205,2.6169191453624,0.));
#3660=CARTESIAN_POINT('',(-1.13918305834872,2.6169191453624,0.685107830175749));
#3661=CARTESIAN_POINT('',(-1.07251639168205,2.04986905923624,2.04986905923624));
#3662=CARTESIAN_POINT('',(-0.972516391682054,-2.38197817238358E-17,2.90044418842548));
#3663=CARTESIAN_POINT('',(-0.872516391682054,-2.04986905923624,2.04986905923624));
#3664=CARTESIAN_POINT('',(-0.772516391682054,-2.90044418842548,2.22044604925031E-16));
#3665=CARTESIAN_POINT('',(-0.672516391682054,-2.04986905923624,-2.04986905923624));
#3666=CARTESIAN_POINT('',(-0.572516391682054,-1.40226073306569E-17,-2.90044418842548));
#3667=CARTESIAN_POINT('',(-0.472516391682054,2.04986905923624,-2.04986905923624));
#3668=CARTESIAN_POINT('',(-0.372516391682055,2.90044418842548,-3.33066907387547E-16));
#3669=CARTESIAN_POINT('',(-0.272516391682054,2.04986905923624,2.04986905923624));
#3670=CARTESIAN_POINT('',(-0.172516391682054,-4.22543293747812E-18,2.90044418842548));
#3671=CARTESIAN_POINT('',(-0.0725163916820544,-2.04986905923623,2.04986905923624));
#3672=CARTESIAN_POINT('',(0.0274836083179459,-2.90044418842548,8.88178419700125E-16));
#3673=CARTESIAN_POINT('',(0.127483608317945,-2.04986905923624,-2.04986905923624));
#3674=CARTESIAN_POINT('',(0.227483608317946,-8.82606678244424E-16,-2.90044418842548));
#3675=CARTESIAN_POINT('',(0.327483608317946,2.04986905923623,-2.04986905923624));
#3676=CARTESIAN_POINT('',(0.427483608317946,2.90044418842548,-9.99200722162641E-16));
#3677=CARTESIAN_POINT('',(0.527483608317946,2.04986905923624,2.04986905923624));
#3678=CARTESIAN_POINT('',(0.627483608317945,1.79172575524913E-15,2.90044418842548));
#3679=CARTESIAN_POINT('',(0.727483608317946,-2.04986905923623,2.04986905923624));
#3680=CARTESIAN_POINT('',(0.827483608317945,-2.90044418842548,1.4432899320127E-15));
#3681=CARTESIAN_POINT('',(0.927483608317946,-2.04986905923623,-2.04986905923624));
#3682=CARTESIAN_POINT('',(1.02748360831795,-1.01888857363094E-14,-2.90044418842548));
#3683=CARTESIAN_POINT('',(1.12748360831795,2.04986905923624,-2.04986905923624));
#3684=CARTESIAN_POINT('',(1.22748360831795,2.90044418842548,-1.4432899320127E-15));
#3685=CARTESIAN_POINT('',(1.32748360831795,2.04986905923624,2.04986905923624));
#3686=CARTESIAN_POINT('',(1.42748360831795,-6.18228567326564E-15,2.90044418842548));
#3687=CARTESIAN_POINT('',(1.52748360831795,-2.04986905923623,2.04986905923624));
#3688=CARTESIAN_POINT('',(1.62748360831795,-2.90044418842548,1.66533453693773E-15));
#3689=CARTESIAN_POINT('',(1.72748360831795,-2.04986905923624,-2.04986905923624));
#3690=CARTESIAN_POINT('',(1.82748360831795,-1.03913359924481E-14,-2.90044418842548));
#3691=CARTESIAN_POINT('',(1.92748360831795,2.04986905923624,-2.04986905923624));
#3692=CARTESIAN_POINT('',(2.02748360831795,2.90044418842548,-2.22044604925031E-15));
#3693=CARTESIAN_POINT('',(2.12748360831795,2.04986905923624,2.04986905923624));
#3694=CARTESIAN_POINT('',(2.22748360831795,-5.27451290477916E-15,2.90044418842548));
#3695=CARTESIAN_POINT('',(2.32748360831795,-2.04986905923623,2.04986905923625));
#3696=CARTESIAN_POINT('',(2.42748360831795,-2.90044418842548,2.55351295663786E-15));
#3697=CARTESIAN_POINT('',(2.52748360831795,-2.04986905923624,-2.04986905923624));
#3698=CARTESIAN_POINT('',(2.62748360831795,-1.12599200633618E-14,-2.90044418842548));
#3699=CARTESIAN_POINT('',(2.72748360831795,2.04986905923624,-2.04986905923624));
#3700=CARTESIAN_POINT('',(2.82748360831795,2.90044418842548,-1.11022302462516E-16));
#3701=CARTESIAN_POINT('',(2.92748360831795,2.04986905923625,2.04986905923623));
#3702=CARTESIAN_POINT('',(3.02748360831795,-7.69740921016814E-15,2.90044418842548));
#3703=CARTESIAN_POINT('',(3.12748360831794,-2.04986905923623,2.04986905923624));
#3704=CARTESIAN_POINT('',(3.22748360831795,-2.90044418842548,1.49880108324396E-14));
#3705=CARTESIAN_POINT('',(3.32748360831795,-2.04986905923623,-2.04986905923624));
#3706=CARTESIAN_POINT('',(3.42748360831795,-1.5237128603226E-14,-2.90044418842548));
#3707=CARTESIAN_POINT('',(3.52748360831794,2.04986905923625,-2.04986905923623));
#3708=CARTESIAN_POINT('',(3.62748360831795,2.90044418842547,-2.99760216648792E-15));
#3709=CARTESIAN_POINT('',(3.72748360831795,2.04986905923625,2.04986905923623));
#3710=CARTESIAN_POINT('',(3.82748360831795,-7.45577025645675E-15,2.90044418842548));
#3711=CARTESIAN_POINT('',(3.92748360831795,-2.04986905923623,2.04986905923625));
#3712=CARTESIAN_POINT('',(4.02748360831794,-2.90044418842548,-8.99280649946377E-15));
#3713=CARTESIAN_POINT('',(4.12748360831795,-2.04986905923624,-2.04986905923623));
#3714=CARTESIAN_POINT('',(4.22748360831795,-1.58836680692148E-14,-2.90044418842548));
#3715=CARTESIAN_POINT('',(4.32748360831795,2.04986905923625,-2.04986905923623));
#3716=CARTESIAN_POINT('',(4.42748360831795,2.90044418842547,-3.88578058618805E-15));
#3717=CARTESIAN_POINT('',(4.52748360831794,2.04986905923626,2.04986905923622));
#3718=CARTESIAN_POINT('',(4.62748360831795,-6.10390827812021E-15,2.90044418842548));
#3719=CARTESIAN_POINT('',(4.72748360831795,-2.04986905923623,2.04986905923624));
#3720=CARTESIAN_POINT('',(4.82748360831795,-2.90044418842548,1.60982338570648E-14));
#3721=CARTESIAN_POINT('',(4.92748360831795,-2.04986905923624,-2.04986905923624));
#3722=CARTESIAN_POINT('',(5.02748360831794,-1.69742967450536E-14,-2.90044418842548));
#3723=CARTESIAN_POINT('',(5.12748360831795,2.04986905923625,-2.04986905923623));
#3724=CARTESIAN_POINT('',(5.22748360831795,2.90044418842547,-4.21884749357559E-15));
#3725=CARTESIAN_POINT('',(5.32748360831795,2.04986905923626,2.04986905923622));
#3726=CARTESIAN_POINT('',(5.42748360831795,-5.64022471948379E-15,2.90044418842548));
#3727=CARTESIAN_POINT('',(5.52748360831794,-2.04986905923623,2.04986905923625));
#3728=CARTESIAN_POINT('',(5.62748360831795,-2.90044418842548,-7.88258347483861E-15));
#3729=CARTESIAN_POINT('',(5.72748360831795,-2.04986905923624,-2.04986905923623));
#3730=CARTESIAN_POINT('',(5.82748360831795,-1.71767470011922E-14,-2.90044418842548));
#3731=CARTESIAN_POINT('',(5.92748360831795,2.04986905923625,-2.04986905923623));
#3732=CARTESIAN_POINT('',(6.02748360831794,2.90044418842547,-4.77395900588817E-15));
#3733=CARTESIAN_POINT('',(6.12748360831795,2.04986905923626,2.04986905923622));
#3734=CARTESIAN_POINT('',(6.22748360831795,-4.51040734607227E-15,2.90044418842548));
#3735=CARTESIAN_POINT('',(6.32748360831795,-2.04986905923623,2.04986905923624));
#3736=CARTESIAN_POINT('',(6.42748360831795,-2.90044418842548,1.72084568816899E-14));
#3737=CARTESIAN_POINT('',(6.52748360831794,-2.04986905923624,-2.04986905923624));
#3738=CARTESIAN_POINT('',(6.62748360831795,-1.8267375677031E-14,-2.90044418842548));
#3739=CARTESIAN_POINT('',(6.72748360831795,2.04986905923625,-2.04986905923623));
#3740=CARTESIAN_POINT('',(6.82748360831795,2.90044418842547,-5.77315972805081E-15));
#3741=CARTESIAN_POINT('',(6.92748360831794,2.04986905923625,2.04986905923623));
#3742=CARTESIAN_POINT('',(7.02748360831795,3.48110820744446E-14,2.90044418842548));
#3743=CARTESIAN_POINT('',(7.12748360831795,-2.04986905923626,2.04986905923622));
#3744=CARTESIAN_POINT('',(7.22748360831795,-2.90044418842547,-1.33226762955019E-15));
#3745=CARTESIAN_POINT('',(7.32748360831795,-2.04986905923624,-2.04986905923623));
#3746=CARTESIAN_POINT('',(7.42748360831794,-1.24746216001939E-14,-2.90044418842548));
#3747=CARTESIAN_POINT('',(7.52748360831795,2.04986905923622,-2.04986905923625));
#3748=CARTESIAN_POINT('',(7.62748360831795,2.90044418842548,-3.06421554796543E-14));
#3749=CARTESIAN_POINT('',(7.72748360831795,2.04986905923623,2.04986905923626));
#3750=CARTESIAN_POINT('',(7.82748360831795,3.96647633865163E-15,2.90044418842547));
#3751=CARTESIAN_POINT('',(7.92748360831794,-2.04986905923623,2.04986905923624));
#3752=CARTESIAN_POINT('',(8.02748360831795,-2.90044418842547,1.28785870856518E-14));
#3753=CARTESIAN_POINT('',(8.12748360831795,-2.04986905923627,-2.04986905923621));
#3754=CARTESIAN_POINT('',(8.22748360831795,1.9519395857797E-14,-2.90044418842548));
#3755=CARTESIAN_POINT('',(8.32748360831794,2.04986905923624,-2.04986905923624));
#3756=CARTESIAN_POINT('',(8.42748360831795,2.90044418842548,-6.43929354282591E-15));
#3757=CARTESIAN_POINT('',(8.52748360831795,2.04986905923625,2.04986905923623));
#3758=CARTESIAN_POINT('',(8.62748360831795,3.64045830064926E-14,2.90044418842549));
#3759=CARTESIAN_POINT('',(8.72748360831795,-2.04986905923626,2.04986905923623));
#3760=CARTESIAN_POINT('',(8.82748360831794,-2.90044418842547,-2.22044604925031E-16));
#3761=CARTESIAN_POINT('',(8.92748360831795,-2.04986905923624,-2.04986905923623));
#3762=CARTESIAN_POINT('',(9.02748360831795,-1.24354329026211E-14,-2.90044418842547));
#3763=CARTESIAN_POINT('',(9.12748360831795,2.04986905923622,-2.04986905923627));
#3764=CARTESIAN_POINT('',(9.22748360831795,2.90044418842548,1.7874590696465E-14));
#3765=CARTESIAN_POINT('',(9.32748360831794,2.04986905923623,2.04986905923624));
#3766=CARTESIAN_POINT('',(9.42748360831795,4.22770964114938E-15,2.90044418842548));
#3767=CARTESIAN_POINT('',(9.52748360831795,-2.04986905923623,2.04986905923624));
#3768=CARTESIAN_POINT('',(9.61722699632746,-2.81320399773698,0.210247115718843));
#3769=CARTESIAN_POINT('',(9.67363705100365,-2.48103082010029,-0.946085141386482));
#3770=CARTESIAN_POINT('',(9.6967137723465,-2.23700744440372,-1.3528052764328));
#3771=MECHANICAL_DESIGN_GEOMETRIC_PRESENTATION_REPRESENTATION('',(#24),
#3772);
#3772=(
GEOMETRIC_REPRESENTATION_CONTEXT(3)
GLOBAL_UNCERTAINTY_ASSIGNED_CONTEXT((#3773))
GLOBAL_UNIT_ASSIGNED_CONTEXT((#3779,#3775,#3774))
REPRESENTATION_CONTEXT('AR16','TOP_LEVEL_ASSEMBLY_PART')
);
#3773=UNCERTAINTY_MEASURE_WITH_UNIT(LENGTH_MEASURE(0.0508),#3779,
'DISTANCE_ACCURACY_VALUE','Maximum Tolerance applied to model');
#3774=(
NAMED_UNIT(*)
SI_UNIT($,.STERADIAN.)
SOLID_ANGLE_UNIT()
);
#3775=(
CONVERSION_BASED_UNIT('DEGREE',#3777)
NAMED_UNIT(#3776)
PLANE_ANGLE_UNIT()
);
#3776=DIMENSIONAL_EXPONENTS(0.,0.,0.,0.,0.,0.,0.);
#3777=PLANE_ANGLE_MEASURE_WITH_UNIT(PLANE_ANGLE_MEASURE(0.0174532925),#3778);
#3778=(
NAMED_UNIT(*)
PLANE_ANGLE_UNIT()
SI_UNIT($,.RADIAN.)
);
#3779=(
LENGTH_UNIT()
NAMED_UNIT(*)
SI_UNIT(.MILLI.,.METRE.)
);
ENDSEC;
END-ISO-10303-21;
