ISO-10303-21;
HEADER;
/* Generated by software containing ST-Developer
 * from STEP Tools, Inc. (www.steptools.com) 
 */
/* OPTION: using custom schema-name function */

FILE_DESCRIPTION(
/* description */ (''),
/* implementation_level */ '2;1');

FILE_NAME(
/* name */ 'BC04RVS.stp',
/* time_stamp */ '2024-12-12T14:53:36+02:00',
/* author */ (''),
/* organization */ (''),
/* preprocessor_version */ 'ST-DEVELOPER v16',
/* originating_system */ 'SIEMENS PLM Software NX 11.0',
/* authorisation */ '');

FILE_SCHEMA (('AUTOMOTIVE_DESIGN { 1 0 10303 214 3 1 1 1 }'));
ENDSEC;

DATA;
#10=PROPERTY_DEFINITION_REPRESENTATION(#14,#12);
#11=PROPERTY_DEFINITION_REPRESENTATION(#15,#13);
#12=REPRESENTATION('',(#16),#5840);
#13=REPRESENTATION('',(#17),#5840);
#14=PROPERTY_DEFINITION('pmi validation property','',#21);
#15=PROPERTY_DEFINITION('pmi validation property','',#21);
#16=VALUE_REPRESENTATION_ITEM('number of annotations',COUNT_MEASURE(0.));
#17=VALUE_REPRESENTATION_ITEM('number of views',COUNT_MEASURE(0.));
#18=SHAPE_REPRESENTATION_RELATIONSHIP('None',
'relationship between ANPA1BC8B5E4dptw-None and ANPA1BC8B5E4dptw-None',
#30,#19);
#19=ADVANCED_BREP_SHAPE_REPRESENTATION('ANPA1BC8B5E4dptw-None',(#54,#55,
#56),#5840);
#20=SHAPE_DEFINITION_REPRESENTATION(#21,#30);
#21=PRODUCT_DEFINITION_SHAPE('','',#22);
#22=PRODUCT_DEFINITION(' ','',#24,#23);
#23=PRODUCT_DEFINITION_CONTEXT('part definition',#29,'design');
#24=PRODUCT_DEFINITION_FORMATION_WITH_SPECIFIED_SOURCE(' ',' ',#26,
 .NOT_KNOWN.);
#25=PRODUCT_RELATED_PRODUCT_CATEGORY('part','',(#26));
#26=PRODUCT('ANPA1BC8B5E4dptw','ANPA1BC8B5E4dptw',' ',(#27));
#27=PRODUCT_CONTEXT(' ',#29,'mechanical');
#28=APPLICATION_PROTOCOL_DEFINITION('international standard',
'automotive_design',2010,#29);
#29=APPLICATION_CONTEXT(
'core data for automotive mechanical design processes');
#30=SHAPE_REPRESENTATION('ANPA1BC8B5E4dptw-None',(#1672),#5840);
#31=PRESENTATION_LAYER_ASSIGNMENT('1','Layer 1',(#54,#55,#56));
#32=STYLED_ITEM('',(#35),#54);
#33=STYLED_ITEM('',(#36),#55);
#34=STYLED_ITEM('',(#37),#56);
#35=PRESENTATION_STYLE_ASSIGNMENT((#38));
#36=PRESENTATION_STYLE_ASSIGNMENT((#39));
#37=PRESENTATION_STYLE_ASSIGNMENT((#40));
#38=SURFACE_STYLE_USAGE(.BOTH.,#41);
#39=SURFACE_STYLE_USAGE(.BOTH.,#42);
#40=SURFACE_STYLE_USAGE(.BOTH.,#43);
#41=SURFACE_SIDE_STYLE('',(#44));
#42=SURFACE_SIDE_STYLE('',(#45));
#43=SURFACE_SIDE_STYLE('',(#46));
#44=SURFACE_STYLE_FILL_AREA(#47);
#45=SURFACE_STYLE_FILL_AREA(#48);
#46=SURFACE_STYLE_FILL_AREA(#49);
#47=FILL_AREA_STYLE('',(#50));
#48=FILL_AREA_STYLE('',(#51));
#49=FILL_AREA_STYLE('',(#52));
#50=FILL_AREA_STYLE_COLOUR('',#53);
#51=FILL_AREA_STYLE_COLOUR('',#53);
#52=FILL_AREA_STYLE_COLOUR('',#53);
#53=DRAUGHTING_PRE_DEFINED_COLOUR('white');
#54=MANIFOLD_SOLID_BREP('VOLUMENK\X\D6RPER1',#57);
#55=MANIFOLD_SOLID_BREP('VOLUMENK\X\D6RPER1',#58);
#56=MANIFOLD_SOLID_BREP('VOLUMENK\X\D6RPER1',#59);
#57=CLOSED_SHELL('',(#215,#216,#217,#218,#219,#220,#221,#222,#223,#224,
#225,#226,#227,#228,#229,#230,#231,#232,#233,#234,#235,#236,#237,#238,#239,
#240,#241,#242,#243,#244,#245,#246,#247,#248));
#58=CLOSED_SHELL('',(#249,#250,#251,#252,#253,#254,#255,#256,#257,#258,
#259,#260,#261,#262,#263,#264,#265,#266,#267,#268,#269,#270,#271,#272,#273,
#274,#275,#276,#277,#278,#279,#280,#281,#282,#283,#284,#285,#286,#287,#288,
#289,#290,#291,#292,#293,#294));
#59=CLOSED_SHELL('',(#295,#296,#297,#298,#299,#300,#301,#302,#303,#304,
#305,#306,#307,#308,#309,#310,#311,#312,#313));
#60=B_SPLINE_SURFACE_WITH_KNOTS('',1,3,((#3076,#3077,#3078,#3079,#3080,
#3081,#3082,#3083,#3084,#3085,#3086,#3087,#3088,#3089,#3090,#3091,#3092,
#3093,#3094,#3095,#3096,#3097,#3098,#3099,#3100,#3101,#3102,#3103,#3104,
#3105,#3106,#3107,#3108,#3109,#3110,#3111,#3112,#3113,#3114,#3115),(#3116,
#3117,#3118,#3119,#3120,#3121,#3122,#3123,#3124,#3125,#3126,#3127,#3128,
#3129,#3130,#3131,#3132,#3133,#3134,#3135,#3136,#3137,#3138,#3139,#3140,
#3141,#3142,#3143,#3144,#3145,#3146,#3147,#3148,#3149,#3150,#3151,#3152,
#3153,#3154,#3155)),.UNSPECIFIED.,.F.,.F.,.F.,(2,2),(4,1,1,1,1,1,1,1,1,
1,1,1,1,1,1,1,1,1,1,1,1,1,1,1,1,1,1,1,1,1,1,1,1,1,1,1,1,4),(0.,1.),(0.,
0.0274196924959067,0.0548393849918134,0.0822590774877201,0.109678769983627,
0.137098462479534,0.16451815497544,0.191937847471347,0.219357539967254,
0.24677723246316,0.274196924959067,0.301616617454974,0.32903630995088,0.356456002446787,
0.383875694942694,0.411295387438601,0.438715079934507,0.466134772430414,
0.493554464926321,0.520974157422227,0.548393849918134,0.575813542414041,
0.603233234909948,0.630652927405854,0.658072619901761,0.685492312397668,
0.712912004893574,0.740331697389481,0.767751389885388,0.795171082381295,
0.822590774877201,0.850010467373108,0.877430159869015,0.904849852364921,
0.932269544860828,0.959689237356735,0.987108929852641,1.),.UNSPECIFIED.);
#61=B_SPLINE_SURFACE_WITH_KNOTS('',1,3,((#3156,#3157,#3158,#3159,#3160,
#3161,#3162,#3163,#3164,#3165,#3166,#3167,#3168,#3169,#3170,#3171,#3172,
#3173,#3174,#3175,#3176,#3177,#3178,#3179,#3180,#3181,#3182,#3183,#3184,
#3185,#3186,#3187,#3188,#3189,#3190,#3191,#3192,#3193,#3194,#3195),(#3196,
#3197,#3198,#3199,#3200,#3201,#3202,#3203,#3204,#3205,#3206,#3207,#3208,
#3209,#3210,#3211,#3212,#3213,#3214,#3215,#3216,#3217,#3218,#3219,#3220,
#3221,#3222,#3223,#3224,#3225,#3226,#3227,#3228,#3229,#3230,#3231,#3232,
#3233,#3234,#3235)),.UNSPECIFIED.,.F.,.F.,.F.,(2,2),(4,1,1,1,1,1,1,1,1,
1,1,1,1,1,1,1,1,1,1,1,1,1,1,1,1,1,1,1,1,1,1,1,1,1,1,1,1,4),(0.,1.),(0.,
0.0274196924959067,0.0548393849918134,0.0822590774877201,0.109678769983627,
0.137098462479534,0.16451815497544,0.191937847471347,0.219357539967254,
0.24677723246316,0.274196924959067,0.301616617454974,0.32903630995088,0.356456002446787,
0.383875694942694,0.411295387438601,0.438715079934507,0.466134772430414,
0.493554464926321,0.520974157422227,0.548393849918134,0.575813542414041,
0.603233234909948,0.630652927405854,0.658072619901761,0.685492312397668,
0.712912004893574,0.740331697389481,0.767751389885388,0.795171082381295,
0.822590774877201,0.850010467373108,0.877430159869015,0.904849852364921,
0.932269544860828,0.959689237356735,0.987108929852641,1.),.UNSPECIFIED.);
#62=B_SPLINE_SURFACE_WITH_KNOTS('',3,3,((#3437,#3438,#3439,#3440,#3441,
#3442,#3443,#3444),(#3445,#3446,#3447,#3448,#3449,#3450,#3451,#3452),(#3453,
#3454,#3455,#3456,#3457,#3458,#3459,#3460),(#3461,#3462,#3463,#3464,#3465,
#3466,#3467,#3468),(#3469,#3470,#3471,#3472,#3473,#3474,#3475,#3476),(#3477,
#3478,#3479,#3480,#3481,#3482,#3483,#3484)),.UNSPECIFIED.,.F.,.F.,.F.,(4,
1,1,4),(4,2,2,4),(0.,0.285714285714286,0.571428571428571,1.),(0.,0.00980296049406921,
0.99009900990099,1.),.UNSPECIFIED.);
#63=B_SPLINE_SURFACE_WITH_KNOTS('',3,3,((#3521,#3522,#3523,#3524,#3525,
#3526),(#3527,#3528,#3529,#3530,#3531,#3532),(#3533,#3534,#3535,#3536,#3537,
#3538),(#3539,#3540,#3541,#3542,#3543,#3544),(#3545,#3546,#3547,#3548,#3549,
#3550),(#3551,#3552,#3553,#3554,#3555,#3556)),.UNSPECIFIED.,.F.,.F.,.F.,
(4,1,1,4),(4,2,4),(0.,0.285714285714286,0.571428571428571,1.),(0.,0.99009900990099,
1.),.UNSPECIFIED.);
#64=B_SPLINE_SURFACE_WITH_KNOTS('',3,3,((#3642,#3643,#3644,#3645,#3646,
#3647,#3648,#3649),(#3650,#3651,#3652,#3653,#3654,#3655,#3656,#3657),(#3658,
#3659,#3660,#3661,#3662,#3663,#3664,#3665),(#3666,#3667,#3668,#3669,#3670,
#3671,#3672,#3673),(#3674,#3675,#3676,#3677,#3678,#3679,#3680,#3681),(#3682,
#3683,#3684,#3685,#3686,#3687,#3688,#3689)),.UNSPECIFIED.,.F.,.F.,.F.,(4,
1,1,4),(4,2,2,4),(0.,0.285714285714286,0.571428571428571,1.),(0.,0.00980296049406921,
0.99009900990099,1.),.UNSPECIFIED.);
#65=B_SPLINE_SURFACE_WITH_KNOTS('',3,3,((#3726,#3727,#3728,#3729,#3730,
#3731),(#3732,#3733,#3734,#3735,#3736,#3737),(#3738,#3739,#3740,#3741,#3742,
#3743),(#3744,#3745,#3746,#3747,#3748,#3749),(#3750,#3751,#3752,#3753,#3754,
#3755),(#3756,#3757,#3758,#3759,#3760,#3761)),.UNSPECIFIED.,.F.,.F.,.F.,
(4,1,1,4),(4,2,4),(0.,0.285714285714286,0.571428571428571,1.),(0.,0.99009900990099,
1.),.UNSPECIFIED.);
#66=B_SPLINE_SURFACE_WITH_KNOTS('',1,3,((#5426,#5427,#5428,#5429,#5430,
#5431,#5432,#5433,#5434,#5435,#5436,#5437,#5438,#5439,#5440,#5441,#5442,
#5443,#5444,#5445,#5446,#5447,#5448,#5449,#5450,#5451,#5452,#5453,#5454,
#5455,#5456,#5457,#5458,#5459,#5460,#5461,#5462,#5463,#5464,#5465,#5466,
#5467,#5468,#5469,#5470,#5471,#5472,#5473,#5474,#5475,#5476,#5477,#5478,
#5479,#5480,#5481,#5482,#5483,#5484,#5485,#5486,#5487,#5488,#5489,#5490,
#5491,#5492,#5493),(#5494,#5495,#5496,#5497,#5498,#5499,#5500,#5501,#5502,
#5503,#5504,#5505,#5506,#5507,#5508,#5509,#5510,#5511,#5512,#5513,#5514,
#5515,#5516,#5517,#5518,#5519,#5520,#5521,#5522,#5523,#5524,#5525,#5526,
#5527,#5528,#5529,#5530,#5531,#5532,#5533,#5534,#5535,#5536,#5537,#5538,
#5539,#5540,#5541,#5542,#5543,#5544,#5545,#5546,#5547,#5548,#5549,#5550,
#5551,#5552,#5553,#5554,#5555,#5556,#5557,#5558,#5559,#5560,#5561)),
 .UNSPECIFIED.,.F.,.F.,.F.,(2,2),(4,1,1,1,1,1,1,1,1,1,1,1,1,1,1,1,1,1,1,
1,1,1,1,1,1,1,1,1,1,1,1,1,1,1,1,1,1,1,1,1,1,1,1,1,1,1,1,1,1,1,1,1,1,1,1,
1,1,1,1,1,1,1,1,1,1,4),(0.,1.),(0.,0.0154323103785863,0.0308646207571725,
0.0462969311357588,0.061729241514345,0.0771615518929313,0.0925938622715175,
0.108026172650104,0.12345848302869,0.138890793407276,0.154323103785863,
0.169755414164449,0.185187724543035,0.200620034921621,0.216052345300208,
0.231484655678794,0.24691696605738,0.262349276435966,0.277781586814553,
0.293213897193139,0.308646207571725,0.324078517950311,0.339510828328898,
0.354943138707484,0.37037544908607,0.385807759464656,0.401240069843243,
0.416672380221829,0.432104690600415,0.447537000979001,0.462969311357588,
0.478401621736174,0.49383393211476,0.509266242493346,0.524698552871933,
0.540130863250519,0.555563173629105,0.570995484007691,0.586427794386278,
0.601860104764864,0.61729241514345,0.632724725522036,0.648157035900623,
0.663589346279209,0.679021656657795,0.694453967036381,0.709886277414968,
0.725318587793554,0.74075089817214,0.756183208550726,0.771615518929313,
0.787047829307899,0.802480139686485,0.817912450065072,0.833344760443658,
0.848777070822244,0.86420938120083,0.879641691579417,0.895074001958003,
0.910506312336589,0.925938622715175,0.941370933093762,0.956803243472348,
0.972235553850934,0.98766786422952,1.),.UNSPECIFIED.);
#67=B_SPLINE_SURFACE_WITH_KNOTS('',1,3,((#5567,#5568,#5569,#5570,#5571,
#5572,#5573,#5574,#5575,#5576,#5577,#5578,#5579,#5580,#5581,#5582,#5583,
#5584,#5585,#5586,#5587,#5588,#5589,#5590,#5591,#5592,#5593,#5594,#5595,
#5596,#5597,#5598,#5599,#5600,#5601,#5602,#5603,#5604,#5605,#5606,#5607,
#5608,#5609,#5610,#5611,#5612,#5613,#5614,#5615,#5616,#5617,#5618,#5619,
#5620,#5621,#5622,#5623,#5624,#5625,#5626,#5627,#5628,#5629,#5630,#5631,
#5632,#5633,#5634),(#5635,#5636,#5637,#5638,#5639,#5640,#5641,#5642,#5643,
#5644,#5645,#5646,#5647,#5648,#5649,#5650,#5651,#5652,#5653,#5654,#5655,
#5656,#5657,#5658,#5659,#5660,#5661,#5662,#5663,#5664,#5665,#5666,#5667,
#5668,#5669,#5670,#5671,#5672,#5673,#5674,#5675,#5676,#5677,#5678,#5679,
#5680,#5681,#5682,#5683,#5684,#5685,#5686,#5687,#5688,#5689,#5690,#5691,
#5692,#5693,#5694,#5695,#5696,#5697,#5698,#5699,#5700,#5701,#5702)),
 .UNSPECIFIED.,.F.,.F.,.F.,(2,2),(4,1,1,1,1,1,1,1,1,1,1,1,1,1,1,1,1,1,1,
1,1,1,1,1,1,1,1,1,1,1,1,1,1,1,1,1,1,1,1,1,1,1,1,1,1,1,1,1,1,1,1,1,1,1,1,
1,1,1,1,1,1,1,1,1,1,4),(0.,1.),(0.,0.0154323103785863,0.0308646207571725,
0.0462969311357588,0.061729241514345,0.0771615518929313,0.0925938622715175,
0.108026172650104,0.12345848302869,0.138890793407276,0.154323103785863,
0.169755414164449,0.185187724543035,0.200620034921621,0.216052345300208,
0.231484655678794,0.24691696605738,0.262349276435966,0.277781586814553,
0.293213897193139,0.308646207571725,0.324078517950311,0.339510828328898,
0.354943138707484,0.37037544908607,0.385807759464656,0.401240069843243,
0.416672380221829,0.432104690600415,0.447537000979001,0.462969311357588,
0.478401621736174,0.49383393211476,0.509266242493346,0.524698552871933,
0.540130863250519,0.555563173629105,0.570995484007691,0.586427794386278,
0.601860104764864,0.61729241514345,0.632724725522036,0.648157035900623,
0.663589346279209,0.679021656657795,0.694453967036381,0.709886277414968,
0.725318587793554,0.74075089817214,0.756183208550726,0.771615518929313,
0.787047829307899,0.802480139686485,0.817912450065072,0.833344760443658,
0.848777070822244,0.86420938120083,0.879641691579417,0.895074001958003,
0.910506312336589,0.925938622715175,0.941370933093762,0.956803243472348,
0.972235553850934,0.98766786422952,1.),.UNSPECIFIED.);
#68=B_SPLINE_SURFACE_WITH_KNOTS('',1,3,((#5703,#5704,#5705,#5706,#5707,
#5708,#5709,#5710,#5711,#5712,#5713,#5714,#5715,#5716,#5717,#5718,#5719,
#5720,#5721,#5722,#5723,#5724,#5725,#5726,#5727,#5728,#5729,#5730,#5731,
#5732,#5733,#5734,#5735,#5736,#5737,#5738,#5739,#5740,#5741,#5742,#5743,
#5744,#5745,#5746,#5747,#5748,#5749,#5750,#5751,#5752,#5753,#5754,#5755,
#5756,#5757,#5758,#5759,#5760,#5761,#5762,#5763,#5764,#5765,#5766,#5767,
#5768,#5769,#5770),(#5771,#5772,#5773,#5774,#5775,#5776,#5777,#5778,#5779,
#5780,#5781,#5782,#5783,#5784,#5785,#5786,#5787,#5788,#5789,#5790,#5791,
#5792,#5793,#5794,#5795,#5796,#5797,#5798,#5799,#5800,#5801,#5802,#5803,
#5804,#5805,#5806,#5807,#5808,#5809,#5810,#5811,#5812,#5813,#5814,#5815,
#5816,#5817,#5818,#5819,#5820,#5821,#5822,#5823,#5824,#5825,#5826,#5827,
#5828,#5829,#5830,#5831,#5832,#5833,#5834,#5835,#5836,#5837,#5838)),
 .UNSPECIFIED.,.F.,.F.,.F.,(2,2),(4,1,1,1,1,1,1,1,1,1,1,1,1,1,1,1,1,1,1,
1,1,1,1,1,1,1,1,1,1,1,1,1,1,1,1,1,1,1,1,1,1,1,1,1,1,1,1,1,1,1,1,1,1,1,1,
1,1,1,1,1,1,1,1,1,1,4),(0.,1.),(0.,0.0154323103785863,0.0308646207571725,
0.0462969311357588,0.061729241514345,0.0771615518929313,0.0925938622715175,
0.108026172650104,0.12345848302869,0.138890793407276,0.154323103785863,
0.169755414164449,0.185187724543035,0.200620034921621,0.216052345300208,
0.231484655678794,0.24691696605738,0.262349276435966,0.277781586814553,
0.293213897193139,0.308646207571725,0.324078517950311,0.339510828328898,
0.354943138707484,0.37037544908607,0.385807759464656,0.401240069843243,
0.416672380221829,0.432104690600415,0.447537000979001,0.462969311357588,
0.478401621736174,0.49383393211476,0.509266242493346,0.524698552871933,
0.540130863250519,0.555563173629105,0.570995484007691,0.586427794386278,
0.601860104764864,0.61729241514345,0.632724725522036,0.648157035900623,
0.663589346279209,0.679021656657795,0.694453967036381,0.709886277414968,
0.725318587793554,0.74075089817214,0.756183208550726,0.771615518929313,
0.787047829307899,0.802480139686485,0.817912450065072,0.833344760443658,
0.848777070822244,0.86420938120083,0.879641691579417,0.895074001958003,
0.910506312336589,0.925938622715175,0.941370933093762,0.956803243472348,
0.972235553850934,0.98766786422952,1.),.UNSPECIFIED.);
#69=TOROIDAL_SURFACE('',#1724,4.1875,0.8125);
#70=PLANE('',#1680);
#71=PLANE('',#1699);
#72=PLANE('',#1700);
#73=PLANE('',#1701);
#74=PLANE('',#1709);
#75=PLANE('',#1715);
#76=PLANE('',#1719);
#77=PLANE('',#1723);
#78=PLANE('',#1727);
#79=PLANE('',#1728);
#80=PLANE('',#1729);
#81=PLANE('',#1734);
#82=PLANE('',#1740);
#83=PLANE('',#1743);
#84=PLANE('',#1748);
#85=PLANE('',#1750);
#86=PLANE('',#1752);
#87=PLANE('',#1755);
#88=PLANE('',#1758);
#89=PLANE('',#1759);
#90=PLANE('',#1764);
#91=PLANE('',#1767);
#92=PLANE('',#1768);
#93=PLANE('',#1769);
#94=PLANE('',#1770);
#95=PLANE('',#1771);
#96=PLANE('',#1772);
#97=PLANE('',#1773);
#98=PLANE('',#1776);
#99=PLANE('',#1777);
#100=PLANE('',#1782);
#101=PLANE('',#1785);
#102=PLANE('',#1786);
#103=PLANE('',#1787);
#104=PLANE('',#1788);
#105=PLANE('',#1789);
#106=PLANE('',#1790);
#107=PLANE('',#1791);
#108=PLANE('',#1792);
#109=PLANE('',#1799);
#110=PLANE('',#1800);
#111=PLANE('',#1801);
#112=PLANE('',#1804);
#113=PLANE('',#1811);
#114=PLANE('',#1812);
#115=PLANE('',#1815);
#116=PLANE('',#1820);
#117=PLANE('',#1823);
#118=(
BOUNDED_CURVE()
B_SPLINE_CURVE(2,(#2543,#2544,#2545),.UNSPECIFIED.,.F.,.F.)
B_SPLINE_CURVE_WITH_KNOTS((3,3),(0.,1.),.UNSPECIFIED.)
CURVE()
GEOMETRIC_REPRESENTATION_ITEM()
RATIONAL_B_SPLINE_CURVE((1.73205080757446,1.86602540379124,1.86602540379124))
REPRESENTATION_ITEM('')
);
#119=(
BOUNDED_CURVE()
B_SPLINE_CURVE(2,(#2548,#2549,#2550),.UNSPECIFIED.,.F.,.F.)
B_SPLINE_CURVE_WITH_KNOTS((3,3),(0.,1.),.UNSPECIFIED.)
CURVE()
GEOMETRIC_REPRESENTATION_ITEM()
RATIONAL_B_SPLINE_CURVE((1.86602540379125,1.86602540379125,1.73205080757447))
REPRESENTATION_ITEM('')
);
#120=(
BOUNDED_CURVE()
B_SPLINE_CURVE(2,(#2554,#2555,#2556),.UNSPECIFIED.,.F.,.F.)
B_SPLINE_CURVE_WITH_KNOTS((3,3),(0.,1.),.UNSPECIFIED.)
CURVE()
GEOMETRIC_REPRESENTATION_ITEM()
RATIONAL_B_SPLINE_CURVE((1.73205080757289,1.86602540378928,1.86602540378928))
REPRESENTATION_ITEM('')
);
#121=(
BOUNDED_CURVE()
B_SPLINE_CURVE(2,(#2558,#2559,#2560),.UNSPECIFIED.,.F.,.F.)
B_SPLINE_CURVE_WITH_KNOTS((3,3),(0.,1.),.UNSPECIFIED.)
CURVE()
GEOMETRIC_REPRESENTATION_ITEM()
RATIONAL_B_SPLINE_CURVE((1.86602540378928,1.86602540378928,1.73205080757288))
REPRESENTATION_ITEM('')
);
#122=(
BOUNDED_CURVE()
B_SPLINE_CURVE(2,(#2564,#2565,#2566),.UNSPECIFIED.,.F.,.F.)
B_SPLINE_CURVE_WITH_KNOTS((3,3),(0.,1.),.UNSPECIFIED.)
CURVE()
GEOMETRIC_REPRESENTATION_ITEM()
RATIONAL_B_SPLINE_CURVE((1.73205080757288,1.86602540378928,1.86602540378928))
REPRESENTATION_ITEM('')
);
#123=(
BOUNDED_CURVE()
B_SPLINE_CURVE(2,(#2569,#2570,#2571),.UNSPECIFIED.,.F.,.F.)
B_SPLINE_CURVE_WITH_KNOTS((3,3),(0.,1.),.UNSPECIFIED.)
CURVE()
GEOMETRIC_REPRESENTATION_ITEM()
RATIONAL_B_SPLINE_CURVE((1.86602540378928,1.86602540378928,1.73205080757288))
REPRESENTATION_ITEM('')
);
#124=(
BOUNDED_CURVE()
B_SPLINE_CURVE(2,(#2575,#2576,#2577),.UNSPECIFIED.,.F.,.F.)
B_SPLINE_CURVE_WITH_KNOTS((3,3),(0.,1.),.UNSPECIFIED.)
CURVE()
GEOMETRIC_REPRESENTATION_ITEM()
RATIONAL_B_SPLINE_CURVE((1.73205080757288,1.86602540378928,1.86602540378928))
REPRESENTATION_ITEM('')
);
#125=(
BOUNDED_CURVE()
B_SPLINE_CURVE(2,(#2580,#2581,#2582),.UNSPECIFIED.,.F.,.F.)
B_SPLINE_CURVE_WITH_KNOTS((3,3),(0.,1.),.UNSPECIFIED.)
CURVE()
GEOMETRIC_REPRESENTATION_ITEM()
RATIONAL_B_SPLINE_CURVE((1.86602540378928,1.86602540378928,1.73205080757289))
REPRESENTATION_ITEM('')
);
#126=(
BOUNDED_CURVE()
B_SPLINE_CURVE(2,(#2586,#2587,#2588),.UNSPECIFIED.,.F.,.F.)
B_SPLINE_CURVE_WITH_KNOTS((3,3),(0.,1.),.UNSPECIFIED.)
CURVE()
GEOMETRIC_REPRESENTATION_ITEM()
RATIONAL_B_SPLINE_CURVE((1.73205080757288,1.86602540378928,1.86602540378928))
REPRESENTATION_ITEM('')
);
#127=(
BOUNDED_CURVE()
B_SPLINE_CURVE(2,(#2591,#2592,#2593),.UNSPECIFIED.,.F.,.F.)
B_SPLINE_CURVE_WITH_KNOTS((3,3),(0.,1.),.UNSPECIFIED.)
CURVE()
GEOMETRIC_REPRESENTATION_ITEM()
RATIONAL_B_SPLINE_CURVE((1.86602540378928,1.86602540378928,1.73205080757288))
REPRESENTATION_ITEM('')
);
#128=(
BOUNDED_CURVE()
B_SPLINE_CURVE(2,(#2596,#2597,#2598),.UNSPECIFIED.,.F.,.F.)
B_SPLINE_CURVE_WITH_KNOTS((3,3),(0.,1.),.UNSPECIFIED.)
CURVE()
GEOMETRIC_REPRESENTATION_ITEM()
RATIONAL_B_SPLINE_CURVE((1.86602540379124,1.86602540379124,1.73205080757446))
REPRESENTATION_ITEM('')
);
#129=(
BOUNDED_CURVE()
B_SPLINE_CURVE(2,(#2603,#2604,#2605),.UNSPECIFIED.,.F.,.F.)
B_SPLINE_CURVE_WITH_KNOTS((3,3),(0.,1.),.UNSPECIFIED.)
CURVE()
GEOMETRIC_REPRESENTATION_ITEM()
RATIONAL_B_SPLINE_CURVE((1.73205080757446,1.86602540379124,1.86602540379124))
REPRESENTATION_ITEM('')
);
#130=(
BOUNDED_CURVE()
B_SPLINE_CURVE(2,(#2607,#2608,#2609),.UNSPECIFIED.,.F.,.F.)
B_SPLINE_CURVE_WITH_KNOTS((3,3),(0.,1.),.UNSPECIFIED.)
CURVE()
GEOMETRIC_REPRESENTATION_ITEM()
RATIONAL_B_SPLINE_CURVE((1.86602540379124,1.86602540379124,1.73205080757446))
REPRESENTATION_ITEM('')
);
#131=(
BOUNDED_CURVE()
B_SPLINE_CURVE(2,(#2615,#2616,#2617),.UNSPECIFIED.,.F.,.F.)
B_SPLINE_CURVE_WITH_KNOTS((3,3),(0.,1.),.UNSPECIFIED.)
CURVE()
GEOMETRIC_REPRESENTATION_ITEM()
RATIONAL_B_SPLINE_CURVE((1.73205080757446,1.86602540379124,1.86602540379124))
REPRESENTATION_ITEM('')
);
#132=(
BOUNDED_CURVE()
B_SPLINE_CURVE(2,(#2619,#2620,#2621),.UNSPECIFIED.,.F.,.F.)
B_SPLINE_CURVE_WITH_KNOTS((3,3),(0.,1.),.UNSPECIFIED.)
CURVE()
GEOMETRIC_REPRESENTATION_ITEM()
RATIONAL_B_SPLINE_CURVE((1.86602540379124,1.86602540379124,1.73205080757446))
REPRESENTATION_ITEM('')
);
#133=(
BOUNDED_CURVE()
B_SPLINE_CURVE(2,(#2624,#2625,#2626),.UNSPECIFIED.,.F.,.F.)
B_SPLINE_CURVE_WITH_KNOTS((3,3),(0.,1.),.UNSPECIFIED.)
CURVE()
GEOMETRIC_REPRESENTATION_ITEM()
RATIONAL_B_SPLINE_CURVE((1.73205080757446,1.86602540379124,1.86602540379124))
REPRESENTATION_ITEM('')
);
#134=(
BOUNDED_CURVE()
B_SPLINE_CURVE(2,(#2635,#2636,#2637),.UNSPECIFIED.,.F.,.F.)
B_SPLINE_CURVE_WITH_KNOTS((3,3),(0.,1.),.UNSPECIFIED.)
CURVE()
GEOMETRIC_REPRESENTATION_ITEM()
RATIONAL_B_SPLINE_CURVE((1.86602540378928,1.86602540378928,1.73205080757288))
REPRESENTATION_ITEM('')
);
#135=(
BOUNDED_CURVE()
B_SPLINE_CURVE(2,(#2641,#2642,#2643),.UNSPECIFIED.,.F.,.F.)
B_SPLINE_CURVE_WITH_KNOTS((3,3),(0.,1.),.UNSPECIFIED.)
CURVE()
GEOMETRIC_REPRESENTATION_ITEM()
RATIONAL_B_SPLINE_CURVE((1.73205080757446,1.86602540379124,1.86602540379124))
REPRESENTATION_ITEM('')
);
#136=(
BOUNDED_CURVE()
B_SPLINE_CURVE(2,(#2645,#2646,#2647),.UNSPECIFIED.,.F.,.F.)
B_SPLINE_CURVE_WITH_KNOTS((3,3),(0.,1.),.UNSPECIFIED.)
CURVE()
GEOMETRIC_REPRESENTATION_ITEM()
RATIONAL_B_SPLINE_CURVE((1.73205080757288,1.86602540378928,1.86602540378928))
REPRESENTATION_ITEM('')
);
#137=(
BOUNDED_CURVE()
B_SPLINE_CURVE(2,(#2650,#2651,#2652),.UNSPECIFIED.,.F.,.F.)
B_SPLINE_CURVE_WITH_KNOTS((3,3),(0.,1.),.UNSPECIFIED.)
CURVE()
GEOMETRIC_REPRESENTATION_ITEM()
RATIONAL_B_SPLINE_CURVE((1.73205080757446,1.86602540379124,1.86602540379124))
REPRESENTATION_ITEM('')
);
#138=(
BOUNDED_CURVE()
B_SPLINE_CURVE(2,(#2654,#2655,#2656),.UNSPECIFIED.,.F.,.F.)
B_SPLINE_CURVE_WITH_KNOTS((3,3),(0.,1.),.UNSPECIFIED.)
CURVE()
GEOMETRIC_REPRESENTATION_ITEM()
RATIONAL_B_SPLINE_CURVE((1.86602540379124,1.86602540379124,1.73205080757446))
REPRESENTATION_ITEM('')
);
#139=(
BOUNDED_CURVE()
B_SPLINE_CURVE(2,(#2659,#2660,#2661),.UNSPECIFIED.,.F.,.F.)
B_SPLINE_CURVE_WITH_KNOTS((3,3),(0.,1.),.UNSPECIFIED.)
CURVE()
GEOMETRIC_REPRESENTATION_ITEM()
RATIONAL_B_SPLINE_CURVE((1.86602540378928,1.86602540378928,1.73205080757288))
REPRESENTATION_ITEM('')
);
#140=(
BOUNDED_CURVE()
B_SPLINE_CURVE(2,(#2667,#2668,#2669),.UNSPECIFIED.,.F.,.F.)
B_SPLINE_CURVE_WITH_KNOTS((3,3),(0.,1.),.UNSPECIFIED.)
CURVE()
GEOMETRIC_REPRESENTATION_ITEM()
RATIONAL_B_SPLINE_CURVE((1.73205080757288,1.86602540378928,1.86602540378928))
REPRESENTATION_ITEM('')
);
#141=(
BOUNDED_CURVE()
B_SPLINE_CURVE(2,(#2740,#2741,#2742),.UNSPECIFIED.,.F.,.F.)
B_SPLINE_CURVE_WITH_KNOTS((3,3),(0.,1.),.UNSPECIFIED.)
CURVE()
GEOMETRIC_REPRESENTATION_ITEM()
RATIONAL_B_SPLINE_CURVE((1.86602540379124,1.86602540379124,1.73205080757446))
REPRESENTATION_ITEM('')
);
#142=(
BOUNDED_CURVE()
B_SPLINE_CURVE(2,(#4498,#4499,#4500),.UNSPECIFIED.,.F.,.F.)
B_SPLINE_CURVE_WITH_KNOTS((3,3),(0.,1.),.UNSPECIFIED.)
CURVE()
GEOMETRIC_REPRESENTATION_ITEM()
RATIONAL_B_SPLINE_CURVE((1.,1.00080843280666,1.))
REPRESENTATION_ITEM('')
);
#143=(
BOUNDED_CURVE()
B_SPLINE_CURVE(2,(#4504,#4505,#4506),.UNSPECIFIED.,.F.,.F.)
B_SPLINE_CURVE_WITH_KNOTS((3,3),(0.,1.),.UNSPECIFIED.)
CURVE()
GEOMETRIC_REPRESENTATION_ITEM()
RATIONAL_B_SPLINE_CURVE((1.,1.00080843287309,1.))
REPRESENTATION_ITEM('')
);
#144=(
BOUNDED_CURVE()
B_SPLINE_CURVE(2,(#4511,#4512,#4513),.UNSPECIFIED.,.F.,.F.)
B_SPLINE_CURVE_WITH_KNOTS((3,3),(0.,1.),.UNSPECIFIED.)
CURVE()
GEOMETRIC_REPRESENTATION_ITEM()
RATIONAL_B_SPLINE_CURVE((1.,1.00080843265929,1.))
REPRESENTATION_ITEM('')
);
#145=(
BOUNDED_CURVE()
B_SPLINE_CURVE(2,(#4517,#4518,#4519),.UNSPECIFIED.,.F.,.F.)
B_SPLINE_CURVE_WITH_KNOTS((3,3),(0.,1.),.UNSPECIFIED.)
CURVE()
GEOMETRIC_REPRESENTATION_ITEM()
RATIONAL_B_SPLINE_CURVE((1.,1.00080843265819,1.))
REPRESENTATION_ITEM('')
);
#146=CONICAL_SURFACE('',#1679,2.4585,60.0000000001949);
#147=CONICAL_SURFACE('',#1682,7.5,60.0000000001949);
#148=CONICAL_SURFACE('',#1684,7.5,60.0000000001949);
#149=CONICAL_SURFACE('',#1686,7.5,60.0000000001949);
#150=CONICAL_SURFACE('',#1688,5.,60.0000000001949);
#151=CONICAL_SURFACE('',#1690,5.,60.0000000001949);
#152=CONICAL_SURFACE('',#1692,5.,60.0000000001949);
#153=CONICAL_SURFACE('',#1694,5.,60.0000000001949);
#154=CONICAL_SURFACE('',#1703,7.5,60.0000000001949);
#155=CONICAL_SURFACE('',#1705,7.5,60.0000000001949);
#156=CONICAL_SURFACE('',#1707,7.5,60.0000000001949);
#157=CONICAL_SURFACE('',#1711,3.375,60.0000000001949);
#158=CONICAL_SURFACE('',#1725,5.,60.0000000001949);
#159=CONICAL_SURFACE('',#1726,5.,60.0000000001949);
#160=CONICAL_SURFACE('',#1807,6.25,45.0000000000002);
#161=CONICAL_SURFACE('',#1810,6.25,45.0000000000002);
#162=CONICAL_SURFACE('',#1818,2.75,45.);
#163=FACE_BOUND('',#413,.T.);
#164=FACE_BOUND('',#414,.T.);
#165=FACE_BOUND('',#423,.T.);
#166=FACE_BOUND('',#424,.T.);
#167=FACE_BOUND('',#431,.T.);
#168=FACE_BOUND('',#432,.T.);
#169=FACE_BOUND('',#433,.T.);
#170=FACE_BOUND('',#434,.T.);
#171=FACE_BOUND('',#435,.T.);
#172=FACE_BOUND('',#436,.T.);
#173=FACE_BOUND('',#437,.T.);
#174=FACE_BOUND('',#438,.T.);
#175=FACE_BOUND('',#439,.T.);
#176=FACE_BOUND('',#440,.T.);
#177=FACE_BOUND('',#441,.T.);
#178=FACE_BOUND('',#442,.T.);
#179=FACE_BOUND('',#443,.T.);
#180=FACE_BOUND('',#444,.T.);
#181=FACE_BOUND('',#445,.T.);
#182=FACE_BOUND('',#446,.T.);
#183=FACE_BOUND('',#447,.T.);
#184=FACE_BOUND('',#448,.T.);
#185=FACE_BOUND('',#459,.T.);
#186=FACE_BOUND('',#460,.T.);
#187=FACE_BOUND('',#461,.T.);
#188=FACE_BOUND('',#464,.T.);
#189=FACE_BOUND('',#465,.T.);
#190=FACE_BOUND('',#466,.T.);
#191=FACE_BOUND('',#471,.T.);
#192=FACE_BOUND('',#472,.T.);
#193=FACE_BOUND('',#473,.T.);
#194=FACE_BOUND('',#474,.T.);
#195=FACE_BOUND('',#476,.T.);
#196=FACE_BOUND('',#477,.T.);
#197=FACE_BOUND('',#479,.T.);
#198=FACE_BOUND('',#480,.T.);
#199=FACE_BOUND('',#482,.T.);
#200=FACE_BOUND('',#483,.T.);
#201=FACE_BOUND('',#495,.T.);
#202=FACE_BOUND('',#496,.T.);
#203=FACE_BOUND('',#498,.T.);
#204=FACE_BOUND('',#499,.T.);
#205=FACE_BOUND('',#501,.T.);
#206=FACE_BOUND('',#502,.T.);
#207=FACE_BOUND('',#516,.T.);
#208=FACE_BOUND('',#517,.T.);
#209=FACE_BOUND('',#525,.T.);
#210=FACE_BOUND('',#526,.T.);
#211=FACE_BOUND('',#527,.T.);
#212=FACE_BOUND('',#528,.T.);
#213=FACE_BOUND('',#531,.T.);
#214=FACE_BOUND('',#532,.T.);
#215=ADVANCED_FACE('',(#338),#314,.F.);
#216=ADVANCED_FACE('',(#163,#164),#146,.F.);
#217=ADVANCED_FACE('',(#339),#70,.F.);
#218=ADVANCED_FACE('',(#340),#147,.T.);
#219=ADVANCED_FACE('',(#341),#148,.T.);
#220=ADVANCED_FACE('',(#342),#149,.T.);
#221=ADVANCED_FACE('',(#343),#150,.T.);
#222=ADVANCED_FACE('',(#344),#151,.T.);
#223=ADVANCED_FACE('',(#345),#152,.T.);
#224=ADVANCED_FACE('',(#346),#153,.T.);
#225=ADVANCED_FACE('',(#165,#166),#315,.T.);
#226=ADVANCED_FACE('',(#347),#71,.F.);
#227=ADVANCED_FACE('',(#348),#72,.F.);
#228=ADVANCED_FACE('',(#349),#73,.F.);
#229=ADVANCED_FACE('',(#350),#154,.T.);
#230=ADVANCED_FACE('',(#351),#155,.T.);
#231=ADVANCED_FACE('',(#352),#156,.T.);
#232=ADVANCED_FACE('',(#167,#168),#74,.T.);
#233=ADVANCED_FACE('',(#169,#170),#157,.F.);
#234=ADVANCED_FACE('',(#171,#172),#316,.F.);
#235=ADVANCED_FACE('',(#173,#174),#75,.T.);
#236=ADVANCED_FACE('',(#175,#176),#317,.F.);
#237=ADVANCED_FACE('',(#177,#178),#76,.T.);
#238=ADVANCED_FACE('',(#179,#180),#318,.F.);
#239=ADVANCED_FACE('',(#181,#182),#77,.T.);
#240=ADVANCED_FACE('',(#183,#184),#69,.T.);
#241=ADVANCED_FACE('',(#353),#158,.T.);
#242=ADVANCED_FACE('',(#354),#159,.T.);
#243=ADVANCED_FACE('',(#355),#78,.F.);
#244=ADVANCED_FACE('',(#356),#79,.F.);
#245=ADVANCED_FACE('',(#357),#80,.T.);
#246=ADVANCED_FACE('',(#358),#319,.F.);
#247=ADVANCED_FACE('',(#359),#60,.F.);
#248=ADVANCED_FACE('',(#360),#61,.F.);
#249=ADVANCED_FACE('',(#361),#320,.T.);
#250=ADVANCED_FACE('',(#362),#81,.T.);
#251=ADVANCED_FACE('',(#185,#186,#187),#82,.F.);
#252=ADVANCED_FACE('',(#363),#321,.T.);
#253=ADVANCED_FACE('',(#364),#83,.F.);
#254=ADVANCED_FACE('',(#188,#189,#190),#84,.T.);
#255=ADVANCED_FACE('',(#365),#322,.T.);
#256=ADVANCED_FACE('',(#366),#85,.T.);
#257=ADVANCED_FACE('',(#367),#323,.T.);
#258=ADVANCED_FACE('',(#368),#86,.F.);
#259=ADVANCED_FACE('',(#191,#192),#324,.F.);
#260=ADVANCED_FACE('',(#193,#194),#325,.F.);
#261=ADVANCED_FACE('',(#369),#87,.F.);
#262=ADVANCED_FACE('',(#195,#196),#88,.T.);
#263=ADVANCED_FACE('',(#370),#89,.F.);
#264=ADVANCED_FACE('',(#197,#198),#326,.F.);
#265=ADVANCED_FACE('',(#371),#327,.T.);
#266=ADVANCED_FACE('',(#199,#200),#90,.F.);
#267=ADVANCED_FACE('',(#372),#62,.T.);
#268=ADVANCED_FACE('',(#373),#63,.F.);
#269=ADVANCED_FACE('',(#374),#328,.F.);
#270=ADVANCED_FACE('',(#375),#329,.T.);
#271=ADVANCED_FACE('',(#376),#91,.T.);
#272=ADVANCED_FACE('',(#377),#92,.T.);
#273=ADVANCED_FACE('',(#378),#93,.T.);
#274=ADVANCED_FACE('',(#379),#94,.T.);
#275=ADVANCED_FACE('',(#380),#95,.T.);
#276=ADVANCED_FACE('',(#381),#96,.T.);
#277=ADVANCED_FACE('',(#382),#97,.T.);
#278=ADVANCED_FACE('',(#201,#202),#98,.F.);
#279=ADVANCED_FACE('',(#383),#99,.T.);
#280=ADVANCED_FACE('',(#203,#204),#330,.F.);
#281=ADVANCED_FACE('',(#384),#331,.T.);
#282=ADVANCED_FACE('',(#205,#206),#100,.T.);
#283=ADVANCED_FACE('',(#385),#64,.F.);
#284=ADVANCED_FACE('',(#386),#65,.T.);
#285=ADVANCED_FACE('',(#387),#332,.F.);
#286=ADVANCED_FACE('',(#388),#333,.T.);
#287=ADVANCED_FACE('',(#389),#101,.F.);
#288=ADVANCED_FACE('',(#390),#102,.F.);
#289=ADVANCED_FACE('',(#391),#103,.F.);
#290=ADVANCED_FACE('',(#392),#104,.F.);
#291=ADVANCED_FACE('',(#393),#105,.F.);
#292=ADVANCED_FACE('',(#394),#106,.F.);
#293=ADVANCED_FACE('',(#395),#107,.T.);
#294=ADVANCED_FACE('',(#396),#108,.T.);
#295=ADVANCED_FACE('',(#397),#334,.T.);
#296=ADVANCED_FACE('',(#207,#208),#109,.T.);
#297=ADVANCED_FACE('',(#398),#110,.F.);
#298=ADVANCED_FACE('',(#399),#111,.F.);
#299=ADVANCED_FACE('',(#400),#112,.F.);
#300=ADVANCED_FACE('',(#401),#160,.T.);
#301=ADVANCED_FACE('',(#402),#161,.T.);
#302=ADVANCED_FACE('',(#403),#113,.T.);
#303=ADVANCED_FACE('',(#404),#114,.T.);
#304=ADVANCED_FACE('',(#209,#210),#115,.T.);
#305=ADVANCED_FACE('',(#211,#212),#335,.T.);
#306=ADVANCED_FACE('',(#405),#162,.T.);
#307=ADVANCED_FACE('',(#406),#116,.T.);
#308=ADVANCED_FACE('',(#213,#214),#336,.T.);
#309=ADVANCED_FACE('',(#407),#337,.T.);
#310=ADVANCED_FACE('',(#408),#66,.F.);
#311=ADVANCED_FACE('',(#409),#117,.T.);
#312=ADVANCED_FACE('',(#410),#67,.F.);
#313=ADVANCED_FACE('',(#411),#68,.F.);
#314=CYLINDRICAL_SURFACE('',#1677,2.4585);
#315=CYLINDRICAL_SURFACE('',#1698,5.);
#316=CYLINDRICAL_SURFACE('',#1713,3.375);
#317=CYLINDRICAL_SURFACE('',#1717,2.4585);
#318=CYLINDRICAL_SURFACE('',#1721,3.375);
#319=CYLINDRICAL_SURFACE('',#1730,3.);
#320=CYLINDRICAL_SURFACE('',#1733,3.);
#321=CYLINDRICAL_SURFACE('',#1742,3.);
#322=CYLINDRICAL_SURFACE('',#1749,3.);
#323=CYLINDRICAL_SURFACE('',#1751,3.);
#324=CYLINDRICAL_SURFACE('',#1753,3.25);
#325=CYLINDRICAL_SURFACE('',#1754,3.25);
#326=CYLINDRICAL_SURFACE('',#1761,4.05);
#327=CYLINDRICAL_SURFACE('',#1763,9.);
#328=CYLINDRICAL_SURFACE('',#1765,0.500000000000001);
#329=CYLINDRICAL_SURFACE('',#1766,3.);
#330=CYLINDRICAL_SURFACE('',#1779,4.05);
#331=CYLINDRICAL_SURFACE('',#1781,9.);
#332=CYLINDRICAL_SURFACE('',#1783,0.500000000000001);
#333=CYLINDRICAL_SURFACE('',#1784,3.);
#334=CYLINDRICAL_SURFACE('',#1797,3.);
#335=CYLINDRICAL_SURFACE('',#1816,3.99);
#336=CYLINDRICAL_SURFACE('',#1821,6.5);
#337=CYLINDRICAL_SURFACE('',#1822,2.5);
#338=FACE_OUTER_BOUND('',#412,.T.);
#339=FACE_OUTER_BOUND('',#415,.T.);
#340=FACE_OUTER_BOUND('',#416,.T.);
#341=FACE_OUTER_BOUND('',#417,.T.);
#342=FACE_OUTER_BOUND('',#418,.T.);
#343=FACE_OUTER_BOUND('',#419,.T.);
#344=FACE_OUTER_BOUND('',#420,.T.);
#345=FACE_OUTER_BOUND('',#421,.T.);
#346=FACE_OUTER_BOUND('',#422,.T.);
#347=FACE_OUTER_BOUND('',#425,.T.);
#348=FACE_OUTER_BOUND('',#426,.T.);
#349=FACE_OUTER_BOUND('',#427,.T.);
#350=FACE_OUTER_BOUND('',#428,.T.);
#351=FACE_OUTER_BOUND('',#429,.T.);
#352=FACE_OUTER_BOUND('',#430,.T.);
#353=FACE_OUTER_BOUND('',#449,.T.);
#354=FACE_OUTER_BOUND('',#450,.T.);
#355=FACE_OUTER_BOUND('',#451,.T.);
#356=FACE_OUTER_BOUND('',#452,.T.);
#357=FACE_OUTER_BOUND('',#453,.T.);
#358=FACE_OUTER_BOUND('',#454,.T.);
#359=FACE_OUTER_BOUND('',#455,.T.);
#360=FACE_OUTER_BOUND('',#456,.T.);
#361=FACE_OUTER_BOUND('',#457,.T.);
#362=FACE_OUTER_BOUND('',#458,.T.);
#363=FACE_OUTER_BOUND('',#462,.T.);
#364=FACE_OUTER_BOUND('',#463,.T.);
#365=FACE_OUTER_BOUND('',#467,.T.);
#366=FACE_OUTER_BOUND('',#468,.T.);
#367=FACE_OUTER_BOUND('',#469,.T.);
#368=FACE_OUTER_BOUND('',#470,.T.);
#369=FACE_OUTER_BOUND('',#475,.T.);
#370=FACE_OUTER_BOUND('',#478,.T.);
#371=FACE_OUTER_BOUND('',#481,.T.);
#372=FACE_OUTER_BOUND('',#484,.T.);
#373=FACE_OUTER_BOUND('',#485,.T.);
#374=FACE_OUTER_BOUND('',#486,.T.);
#375=FACE_OUTER_BOUND('',#487,.T.);
#376=FACE_OUTER_BOUND('',#488,.T.);
#377=FACE_OUTER_BOUND('',#489,.T.);
#378=FACE_OUTER_BOUND('',#490,.T.);
#379=FACE_OUTER_BOUND('',#491,.T.);
#380=FACE_OUTER_BOUND('',#492,.T.);
#381=FACE_OUTER_BOUND('',#493,.T.);
#382=FACE_OUTER_BOUND('',#494,.T.);
#383=FACE_OUTER_BOUND('',#497,.T.);
#384=FACE_OUTER_BOUND('',#500,.T.);
#385=FACE_OUTER_BOUND('',#503,.T.);
#386=FACE_OUTER_BOUND('',#504,.T.);
#387=FACE_OUTER_BOUND('',#505,.T.);
#388=FACE_OUTER_BOUND('',#506,.T.);
#389=FACE_OUTER_BOUND('',#507,.T.);
#390=FACE_OUTER_BOUND('',#508,.T.);
#391=FACE_OUTER_BOUND('',#509,.T.);
#392=FACE_OUTER_BOUND('',#510,.T.);
#393=FACE_OUTER_BOUND('',#511,.T.);
#394=FACE_OUTER_BOUND('',#512,.T.);
#395=FACE_OUTER_BOUND('',#513,.T.);
#396=FACE_OUTER_BOUND('',#514,.T.);
#397=FACE_OUTER_BOUND('',#515,.T.);
#398=FACE_OUTER_BOUND('',#518,.T.);
#399=FACE_OUTER_BOUND('',#519,.T.);
#400=FACE_OUTER_BOUND('',#520,.T.);
#401=FACE_OUTER_BOUND('',#521,.T.);
#402=FACE_OUTER_BOUND('',#522,.T.);
#403=FACE_OUTER_BOUND('',#523,.T.);
#404=FACE_OUTER_BOUND('',#524,.T.);
#405=FACE_OUTER_BOUND('',#529,.T.);
#406=FACE_OUTER_BOUND('',#530,.T.);
#407=FACE_OUTER_BOUND('',#533,.T.);
#408=FACE_OUTER_BOUND('',#534,.T.);
#409=FACE_OUTER_BOUND('',#535,.T.);
#410=FACE_OUTER_BOUND('',#536,.T.);
#411=FACE_OUTER_BOUND('',#537,.T.);
#412=EDGE_LOOP('',(#628,#629,#630,#631,#632,#633,#634));
#413=EDGE_LOOP('',(#635));
#414=EDGE_LOOP('',(#636,#637,#638,#639));
#415=EDGE_LOOP('',(#640,#641,#642,#643,#644,#645));
#416=EDGE_LOOP('',(#646,#647,#648));
#417=EDGE_LOOP('',(#649,#650,#651));
#418=EDGE_LOOP('',(#652,#653,#654));
#419=EDGE_LOOP('',(#655,#656,#657));
#420=EDGE_LOOP('',(#658,#659,#660));
#421=EDGE_LOOP('',(#661,#662,#663));
#422=EDGE_LOOP('',(#664,#665,#666));
#423=EDGE_LOOP('',(#667,#668,#669,#670,#671,#672));
#424=EDGE_LOOP('',(#673));
#425=EDGE_LOOP('',(#674,#675,#676,#677,#678,#679));
#426=EDGE_LOOP('',(#680,#681,#682,#683,#684,#685));
#427=EDGE_LOOP('',(#686,#687,#688,#689,#690,#691));
#428=EDGE_LOOP('',(#692,#693,#694));
#429=EDGE_LOOP('',(#695,#696,#697));
#430=EDGE_LOOP('',(#698,#699,#700));
#431=EDGE_LOOP('',(#701,#702,#703,#704,#705,#706));
#432=EDGE_LOOP('',(#707));
#433=EDGE_LOOP('',(#708,#709,#710,#711,#712));
#434=EDGE_LOOP('',(#713));
#435=EDGE_LOOP('',(#714));
#436=EDGE_LOOP('',(#715));
#437=EDGE_LOOP('',(#716));
#438=EDGE_LOOP('',(#717));
#439=EDGE_LOOP('',(#718));
#440=EDGE_LOOP('',(#719));
#441=EDGE_LOOP('',(#720));
#442=EDGE_LOOP('',(#721));
#443=EDGE_LOOP('',(#722));
#444=EDGE_LOOP('',(#723));
#445=EDGE_LOOP('',(#724));
#446=EDGE_LOOP('',(#725));
#447=EDGE_LOOP('',(#726));
#448=EDGE_LOOP('',(#727));
#449=EDGE_LOOP('',(#728,#729,#730));
#450=EDGE_LOOP('',(#731,#732,#733));
#451=EDGE_LOOP('',(#734,#735,#736,#737,#738,#739));
#452=EDGE_LOOP('',(#740,#741,#742,#743,#744,#745));
#453=EDGE_LOOP('',(#746,#747,#748,#749,#750));
#454=EDGE_LOOP('',(#751,#752,#753,#754));
#455=EDGE_LOOP('',(#755,#756,#757,#758));
#456=EDGE_LOOP('',(#759,#760,#761,#762,#763));
#457=EDGE_LOOP('',(#764,#765,#766,#767));
#458=EDGE_LOOP('',(#768,#769,#770,#771));
#459=EDGE_LOOP('',(#772,#773,#774,#775,#776,#777,#778,#779,#780,#781,#782,
#783,#784,#785,#786,#787,#788,#789,#790,#791,#792,#793,#794,#795));
#460=EDGE_LOOP('',(#796));
#461=EDGE_LOOP('',(#797));
#462=EDGE_LOOP('',(#798,#799,#800,#801));
#463=EDGE_LOOP('',(#802,#803,#804,#805));
#464=EDGE_LOOP('',(#806,#807,#808,#809,#810,#811,#812,#813,#814,#815,#816,
#817,#818,#819,#820,#821,#822,#823,#824,#825,#826,#827,#828,#829));
#465=EDGE_LOOP('',(#830));
#466=EDGE_LOOP('',(#831));
#467=EDGE_LOOP('',(#832,#833,#834,#835));
#468=EDGE_LOOP('',(#836,#837,#838,#839));
#469=EDGE_LOOP('',(#840,#841,#842,#843));
#470=EDGE_LOOP('',(#844,#845,#846,#847));
#471=EDGE_LOOP('',(#848));
#472=EDGE_LOOP('',(#849));
#473=EDGE_LOOP('',(#850));
#474=EDGE_LOOP('',(#851));
#475=EDGE_LOOP('',(#852,#853,#854,#855,#856));
#476=EDGE_LOOP('',(#857,#858,#859,#860));
#477=EDGE_LOOP('',(#861));
#478=EDGE_LOOP('',(#862,#863,#864,#865,#866));
#479=EDGE_LOOP('',(#867));
#480=EDGE_LOOP('',(#868));
#481=EDGE_LOOP('',(#869,#870,#871,#872));
#482=EDGE_LOOP('',(#873,#874,#875,#876));
#483=EDGE_LOOP('',(#877));
#484=EDGE_LOOP('',(#878,#879,#880,#881,#882));
#485=EDGE_LOOP('',(#883,#884,#885,#886,#887));
#486=EDGE_LOOP('',(#888,#889,#890,#891));
#487=EDGE_LOOP('',(#892,#893,#894,#895));
#488=EDGE_LOOP('',(#896,#897,#898,#899));
#489=EDGE_LOOP('',(#900,#901,#902,#903));
#490=EDGE_LOOP('',(#904,#905,#906,#907));
#491=EDGE_LOOP('',(#908,#909,#910,#911));
#492=EDGE_LOOP('',(#912,#913,#914,#915));
#493=EDGE_LOOP('',(#916,#917,#918,#919));
#494=EDGE_LOOP('',(#920,#921,#922,#923,#924));
#495=EDGE_LOOP('',(#925,#926,#927,#928));
#496=EDGE_LOOP('',(#929));
#497=EDGE_LOOP('',(#930,#931,#932,#933,#934));
#498=EDGE_LOOP('',(#935));
#499=EDGE_LOOP('',(#936));
#500=EDGE_LOOP('',(#937,#938,#939,#940));
#501=EDGE_LOOP('',(#941,#942,#943,#944));
#502=EDGE_LOOP('',(#945));
#503=EDGE_LOOP('',(#946,#947,#948,#949,#950));
#504=EDGE_LOOP('',(#951,#952,#953,#954,#955));
#505=EDGE_LOOP('',(#956,#957,#958,#959));
#506=EDGE_LOOP('',(#960,#961,#962,#963));
#507=EDGE_LOOP('',(#964,#965,#966,#967));
#508=EDGE_LOOP('',(#968,#969,#970,#971));
#509=EDGE_LOOP('',(#972,#973,#974,#975));
#510=EDGE_LOOP('',(#976,#977,#978,#979));
#511=EDGE_LOOP('',(#980,#981,#982,#983));
#512=EDGE_LOOP('',(#984,#985,#986,#987));
#513=EDGE_LOOP('',(#988,#989,#990,#991));
#514=EDGE_LOOP('',(#992,#993,#994,#995));
#515=EDGE_LOOP('',(#996,#997,#998,#999,#1000,#1001,#1002));
#516=EDGE_LOOP('',(#1003));
#517=EDGE_LOOP('',(#1004,#1005,#1006,#1007,#1008));
#518=EDGE_LOOP('',(#1009,#1010,#1011,#1012,#1013,#1014));
#519=EDGE_LOOP('',(#1015,#1016,#1017,#1018,#1019,#1020));
#520=EDGE_LOOP('',(#1021,#1022,#1023,#1024));
#521=EDGE_LOOP('',(#1025,#1026,#1027,#1028));
#522=EDGE_LOOP('',(#1029,#1030,#1031,#1032));
#523=EDGE_LOOP('',(#1033,#1034));
#524=EDGE_LOOP('',(#1035,#1036));
#525=EDGE_LOOP('',(#1037));
#526=EDGE_LOOP('',(#1038));
#527=EDGE_LOOP('',(#1039));
#528=EDGE_LOOP('',(#1040));
#529=EDGE_LOOP('',(#1041,#1042,#1043,#1044,#1045));
#530=EDGE_LOOP('',(#1046,#1047));
#531=EDGE_LOOP('',(#1048,#1049,#1050,#1051,#1052,#1053,#1054,#1055));
#532=EDGE_LOOP('',(#1056));
#533=EDGE_LOOP('',(#1057,#1058,#1059,#1060));
#534=EDGE_LOOP('',(#1061,#1062,#1063,#1064,#1065,#1066));
#535=EDGE_LOOP('',(#1067,#1068,#1069,#1070,#1071,#1072));
#536=EDGE_LOOP('',(#1073,#1074,#1075));
#537=EDGE_LOOP('',(#1076,#1077,#1078,#1079));
#538=CIRCLE('',#1673,2.4585);
#539=CIRCLE('',#1674,2.4585);
#540=CIRCLE('',#1675,2.4585);
#541=CIRCLE('',#1676,2.4585);
#542=CIRCLE('',#1678,3.375);
#543=CIRCLE('',#1681,5.);
#544=CIRCLE('',#1683,5.);
#545=CIRCLE('',#1685,5.);
#546=CIRCLE('',#1687,5.);
#547=CIRCLE('',#1689,5.);
#548=CIRCLE('',#1691,5.);
#549=CIRCLE('',#1693,5.);
#550=CIRCLE('',#1695,5.);
#551=CIRCLE('',#1696,5.);
#552=CIRCLE('',#1697,5.);
#553=CIRCLE('',#1702,5.);
#554=CIRCLE('',#1704,5.);
#555=CIRCLE('',#1706,5.);
#556=CIRCLE('',#1708,3.375);
#557=CIRCLE('',#1710,3.);
#558=CIRCLE('',#1712,3.375);
#559=CIRCLE('',#1714,2.4585);
#560=CIRCLE('',#1716,2.4585);
#561=CIRCLE('',#1718,3.375);
#562=CIRCLE('',#1720,3.375);
#563=CIRCLE('',#1722,4.1875);
#564=CIRCLE('',#1731,3.);
#565=CIRCLE('',#1732,3.);
#566=CIRCLE('',#1735,3.);
#567=CIRCLE('',#1736,3.);
#568=CIRCLE('',#1737,3.);
#569=CIRCLE('',#1738,3.25);
#570=CIRCLE('',#1739,3.25);
#571=CIRCLE('',#1741,3.);
#572=CIRCLE('',#1744,3.);
#573=CIRCLE('',#1745,3.);
#574=CIRCLE('',#1746,3.25);
#575=CIRCLE('',#1747,3.25);
#576=CIRCLE('',#1756,9.);
#577=CIRCLE('',#1757,4.05);
#578=CIRCLE('',#1760,4.05);
#579=CIRCLE('',#1762,9.);
#580=CIRCLE('',#1774,9.);
#581=CIRCLE('',#1775,4.05);
#582=CIRCLE('',#1778,4.05);
#583=CIRCLE('',#1780,9.);
#584=CIRCLE('',#1793,3.);
#585=CIRCLE('',#1794,3.);
#586=CIRCLE('',#1795,3.);
#587=CIRCLE('',#1796,3.);
#588=CIRCLE('',#1798,3.99);
#589=CIRCLE('',#1802,6.5);
#590=CIRCLE('',#1803,6.5);
#591=CIRCLE('',#1805,6.5);
#592=CIRCLE('',#1806,6.00000000000001);
#593=CIRCLE('',#1808,6.00000000000001);
#594=CIRCLE('',#1809,6.5);
#595=CIRCLE('',#1813,6.5);
#596=CIRCLE('',#1814,3.99);
#597=CIRCLE('',#1817,2.5);
#598=CIRCLE('',#1819,2.5);
#599=B_SPLINE_CURVE_WITH_KNOTS('',3,(#2240,#2241,#2242,#2243,#2244,#2245,
#2246,#2247,#2248,#2249,#2250,#2251,#2252,#2253,#2254,#2255,#2256,#2257,
#2258,#2259,#2260,#2261,#2262,#2263,#2264,#2265,#2266,#2267,#2268,#2269,
#2270,#2271,#2272,#2273,#2274,#2275,#2276,#2277,#2278,#2279,#2280,#2281,
#2282,#2283,#2284,#2285,#2286,#2287,#2288,#2289,#2290,#2291,#2292,#2293,
#2294,#2295,#2296,#2297,#2298,#2299,#2300,#2301,#2302,#2303,#2304,#2305,
#2306,#2307,#2308,#2309,#2310,#2311,#2312,#2313,#2314,#2315,#2316,#2317,
#2318,#2319,#2320,#2321,#2322,#2323,#2324,#2325,#2326,#2327,#2328,#2329,
#2330,#2331,#2332,#2333,#2334,#2335,#2336,#2337,#2338,#2339,#2340,#2341,
#2342,#2343,#2344,#2345,#2346,#2347,#2348,#2349,#2350,#2351,#2352,#2353,
#2354,#2355,#2356,#2357),.UNSPECIFIED.,.F.,.F.,(4,3,3,3,3,3,3,3,3,3,3,3,
3,3,3,3,3,3,3,3,3,3,3,3,3,3,3,3,3,3,3,3,3,3,3,3,3,3,3,4),(0.,0.0256451180916994,
0.0512914850248009,0.0769258197577142,0.102566842207891,0.128204569654671,
0.153842058139873,0.179483759233441,0.205117815338767,0.2307627318022,0.256398132510233,
0.282041534400293,0.307678038788611,0.333314356158388,0.35895558777431,
0.384590849842875,0.410236959004203,0.435871214855049,0.461513278728658,
0.487150398185492,0.512788736370416,0.538429465829711,0.56406362576678,
0.589708276785041,0.615343608089329,0.640988002433843,0.666623837456823,
0.692260978649754,0.717901459300598,0.743536934000861,0.769182350839699,
0.794816570260773,0.820459585275537,0.846096154993229,0.871735437451065,
0.897375209443328,0.923009564774862,0.94865363753209,0.974288892574238,
1.),.UNSPECIFIED.);
#600=B_SPLINE_CURVE_WITH_KNOTS('',3,(#2363,#2364,#2365,#2366,#2367,#2368,
#2369,#2370,#2371,#2372,#2373,#2374,#2375,#2376,#2377,#2378,#2379,#2380,
#2381,#2382,#2383,#2384,#2385,#2386,#2387,#2388,#2389,#2390,#2391,#2392,
#2393,#2394,#2395,#2396,#2397,#2398,#2399,#2400,#2401,#2402,#2403,#2404,
#2405,#2406,#2407,#2408,#2409,#2410,#2411,#2412,#2413,#2414,#2415,#2416,
#2417,#2418,#2419,#2420,#2421,#2422,#2423,#2424,#2425,#2426,#2427,#2428,
#2429,#2430,#2431,#2432,#2433,#2434,#2435,#2436,#2437,#2438,#2439,#2440,
#2441,#2442,#2443,#2444,#2445,#2446,#2447,#2448,#2449,#2450,#2451,#2452,
#2453,#2454,#2455,#2456,#2457,#2458,#2459,#2460,#2461,#2462,#2463,#2464,
#2465,#2466,#2467,#2468,#2469,#2470,#2471,#2472,#2473,#2474,#2475,#2476,
#2477,#2478,#2479,#2480,#2481,#2482,#2483,#2484,#2485,#2486,#2487,#2488,
#2489,#2490,#2491,#2492,#2493,#2494,#2495,#2496,#2497,#2498,#2499,#2500,
#2501,#2502,#2503,#2504,#2505,#2506,#2507,#2508,#2509,#2510,#2511,#2512,
#2513,#2514,#2515,#2516,#2517,#2518,#2519,#2520,#2521,#2522,#2523,#2524,
#2525,#2526,#2527,#2528),.UNSPECIFIED.,.F.,.F.,(4,3,3,3,3,3,3,3,3,3,3,3,
3,3,3,3,3,3,3,3,3,3,3,3,3,3,3,3,3,3,3,3,3,3,3,3,3,3,3,3,3,3,3,3,3,3,3,3,
3,3,3,3,3,3,3,4),(0.,0.0182914908796544,0.0365811200543898,0.0548691323614056,
0.0731619336523365,0.0914482255363585,0.109742063483342,0.128029493889199,
0.14632130635673,0.164610165063032,0.182897358078658,0.201189571985207,
0.219476635241555,0.237771702797986,0.256058252451123,0.274349145775247,
0.292638286465696,0.310926766580123,0.329218859046567,0.3475051410578,0.365799174340069,
0.384086469297221,0.40237906191492,0.420667358707527,0.438955009849753,
0.457246686061805,0.475533794970456,0.49382881802579,0.512115276291716,
0.530406927331445,0.548695615499117,0.566984660463157,0.585276053950367,
0.603562380097925,0.621856364383853,0.640143591039055,0.658436927104964,
0.676724717951043,0.695012919009662,0.713304059966167,0.731591284816083,
0.749885958201746,0.768172385256207,0.786464751689448,0.80475302643646,
0.823042714745535,0.841333420281685,0.859619852993533,0.877913510200788,
0.896200690869799,0.914494685478366,0.932782030367645,0.951070853621597,
0.969361457558603,0.98764887267227,1.),.UNSPECIFIED.);
#601=B_SPLINE_CURVE_WITH_KNOTS('',3,(#2538,#2539,#2540,#2541),
 .UNSPECIFIED.,.F.,.F.,(4,4),(0.,1.),.UNSPECIFIED.);
#602=B_SPLINE_CURVE_WITH_KNOTS('',3,(#2674,#2675,#2676,#2677,#2678,#2679,
#2680,#2681,#2682,#2683,#2684,#2685,#2686,#2687,#2688,#2689,#2690,#2691,
#2692,#2693,#2694,#2695,#2696,#2697,#2698,#2699,#2700,#2701,#2702,#2703,
#2704,#2705,#2706,#2707,#2708,#2709,#2710),.UNSPECIFIED.,.F.,.F.,(4,3,3,
3,3,3,3,3,3,3,3,3,4),(0.,0.0785157983693738,0.157305181850253,0.235506863614453,
0.316978219749582,0.398764803982484,0.48200761152162,0.567898007117004,
0.653223928172074,0.742299863165557,0.830512301891991,0.921824899383896,
1.),.UNSPECIFIED.);
#603=B_SPLINE_CURVE_WITH_KNOTS('',3,(#2714,#2715,#2716,#2717,#2718,#2719),
 .UNSPECIFIED.,.F.,.F.,(4,2,4),(0.,0.382367244123435,1.),.UNSPECIFIED.);
#604=B_SPLINE_CURVE_WITH_KNOTS('',1,(#2747,#2748),.UNSPECIFIED.,.F.,.F.,
(2,2),(0.,1.),.UNSPECIFIED.);
#605=B_SPLINE_CURVE_WITH_KNOTS('',1,(#2752,#2753),.UNSPECIFIED.,.F.,.F.,
(2,2),(0.,1.),.UNSPECIFIED.);
#606=B_SPLINE_CURVE_WITH_KNOTS('',3,(#2755,#2756,#2757,#2758,#2759,#2760,
#2761,#2762,#2763,#2764,#2765,#2766,#2767,#2768,#2769,#2770,#2771,#2772,
#2773,#2774,#2775,#2776,#2777,#2778,#2779,#2780,#2781,#2782,#2783,#2784,
#2785,#2786,#2787,#2788,#2789,#2790,#2791,#2792,#2793,#2794,#2795,#2796,
#2797,#2798,#2799,#2800,#2801,#2802,#2803,#2804,#2805,#2806,#2807,#2808,
#2809,#2810,#2811,#2812,#2813,#2814,#2815,#2816,#2817,#2818,#2819,#2820,
#2821,#2822,#2823,#2824,#2825,#2826,#2827,#2828,#2829,#2830,#2831,#2832,
#2833,#2834,#2835,#2836,#2837,#2838,#2839,#2840,#2841,#2842,#2843,#2844,
#2845,#2846,#2847,#2848,#2849,#2850,#2851,#2852,#2853,#2854,#2855,#2856,
#2857,#2858,#2859,#2860,#2861,#2862,#2863,#2864,#2865,#2866,#2867,#2868,
#2869,#2870,#2871,#2872,#2873,#2874,#2875,#2876,#2877,#2878,#2879,#2880,
#2881,#2882,#2883,#2884,#2885,#2886,#2887,#2888,#2889,#2890,#2891,#2892,
#2893,#2894,#2895,#2896,#2897,#2898,#2899,#2900,#2901,#2902,#2903,#2904,
#2905,#2906,#2907,#2908),.UNSPECIFIED.,.F.,.F.,(4,3,3,3,3,3,3,3,3,3,3,3,
3,3,3,3,3,3,3,3,3,3,3,3,3,3,3,3,3,3,3,3,3,3,3,3,3,3,3,3,3,3,3,3,3,3,3,3,
3,3,3,4),(0.,0.0194940602879013,0.0392359534926825,0.0589699974626355,0.0787081344919065,
0.0984443067477156,0.118180160802479,0.137918848829498,0.157652833265768,
0.177393742487893,0.197128554506297,0.216868187286484,0.236603503463479,
0.256338584634231,0.276077074310045,0.295811767217556,0.315553501478048,
0.335287550099033,0.355026283759396,0.374762137934497,0.394498421102318,
0.414236557813424,0.433970554387985,0.453711384979444,0.473446194199063,
0.493186413209387,0.512921378848116,0.532656870867845,0.552394944241782,
0.572129695160902,0.591871114016936,0.611605199242526,0.631344499885127,
0.651080064195794,0.670816831556713,0.690554431373763,0.710288474151067,
0.730029025713252,0.749763836532559,0.76950458324304,0.789239240652324,
0.808975194308035,0.8287128539797,0.848447706371585,0.868188631383886,0.887922731641473,
0.907662543186179,0.927397849388352,0.947135143625974,0.966872219580982,
0.986606348698764,1.),.UNSPECIFIED.);
#607=B_SPLINE_CURVE_WITH_KNOTS('',3,(#2909,#2910,#2911,#2912,#2913,#2914,
#2915,#2916,#2917,#2918,#2919,#2920,#2921,#2922,#2923,#2924,#2925,#2926,
#2927,#2928,#2929,#2930,#2931,#2932,#2933,#2934,#2935,#2936,#2937,#2938,
#2939,#2940,#2941,#2942,#2943,#2944,#2945,#2946,#2947,#2948,#2949,#2950,
#2951,#2952,#2953,#2954,#2955,#2956,#2957,#2958,#2959,#2960,#2961,#2962,
#2963,#2964,#2965,#2966,#2967,#2968,#2969,#2970,#2971,#2972,#2973,#2974,
#2975,#2976,#2977,#2978,#2979,#2980,#2981,#2982,#2983,#2984,#2985,#2986,
#2987,#2988,#2989,#2990,#2991,#2992,#2993,#2994,#2995,#2996,#2997,#2998,
#2999,#3000,#3001,#3002,#3003,#3004,#3005,#3006,#3007,#3008,#3009,#3010,
#3011,#3012,#3013,#3014,#3015,#3016,#3017,#3018,#3019,#3020,#3021,#3022,
#3023,#3024,#3025,#3026,#3027,#3028,#3029,#3030,#3031,#3032,#3033,#3034,
#3035,#3036,#3037,#3038,#3039,#3040,#3041,#3042,#3043,#3044,#3045,#3046,
#3047,#3048,#3049,#3050,#3051,#3052,#3053,#3054,#3055,#3056,#3057,#3058,
#3059,#3060,#3061,#3062,#3063,#3064,#3065,#3066,#3067,#3068,#3069,#3070,
#3071,#3072,#3073,#3074),.UNSPECIFIED.,.F.,.F.,(4,3,3,3,3,3,3,3,3,3,3,3,
3,3,3,3,3,3,3,3,3,3,3,3,3,3,3,3,3,3,3,3,3,3,3,3,3,3,3,3,3,3,3,3,3,3,3,3,
3,3,3,3,3,3,3,4),(0.,0.0179364027294507,0.0360956934987508,0.0542537376001238,
0.072415768514799,0.0905726398973748,0.108735625884157,0.126893312115827,
0.145054412912397,0.163213089580074,0.181370442968825,0.199532071398708,
0.217689550887041,0.235853572569904,0.254010487369944,0.272170786018058,
0.290329837328856,0.308488170170845,0.326649669393085,0.34480651214032,
0.362969676810484,0.381127292644915,0.399288960991196,0.417447250839991,
0.435604881383296,0.453766113185774,0.471923586180026,0.490087630310407,
0.508244516559136,0.526405367959055,0.544564109560677,0.562722797874846,
0.580883779535293,0.599040615229855,0.617203816455904,0.635361409308525,
0.653523636425735,0.671681578360782,0.689839550106934,0.708000394342697,
0.726157895719246,0.744321783470538,0.762478687907251,0.780640081760931,
0.798798540013484,0.816957642689133,0.835118122343496,0.853274980016003,
0.871438043293096,0.889595639784256,0.907758390526098,0.925916023652105,
0.944074391364511,0.962234854011813,0.980392422705465,1.),.UNSPECIFIED.);
#608=B_SPLINE_CURVE_WITH_KNOTS('',3,(#3398,#3399,#3400,#3401,#3402,#3403,
#3404,#3405,#3406,#3407,#3408,#3409,#3410,#3411,#3412,#3413,#3414,#3415,
#3416),.UNSPECIFIED.,.F.,.F.,(4,3,3,3,3,3,4),(0.,0.100875462296631,0.201892323243627,
0.301607136641708,0.448040608543743,0.695625803863828,1.),.UNSPECIFIED.);
#609=B_SPLINE_CURVE_WITH_KNOTS('',3,(#3417,#3418,#3419,#3420,#3421,#3422,
#3423,#3424,#3425,#3426,#3427,#3428,#3429,#3430,#3431,#3432,#3433,#3434,
#3435),.UNSPECIFIED.,.F.,.F.,(4,3,3,3,3,3,4),(0.,0.17275315980656,0.349914066872689,
0.548634925850814,0.751605876635109,0.956652868394785,1.),.UNSPECIFIED.);
#610=B_SPLINE_CURVE_WITH_KNOTS('',3,(#3485,#3486,#3487,#3488,#3489,#3490,
#3491,#3492,#3493,#3494,#3495,#3496,#3497,#3498,#3499,#3500,#3501,#3502,
#3503),.UNSPECIFIED.,.F.,.F.,(4,3,3,3,3,3,4),(0.,0.196241614386531,0.392704755315018,
0.582080099142922,0.745461690043036,0.905869042944681,1.),.UNSPECIFIED.);
#611=B_SPLINE_CURVE_WITH_KNOTS('',3,(#3505,#3506,#3507,#3508,#3509,#3510,
#3511,#3512,#3513,#3514,#3515,#3516,#3517,#3518,#3519,#3520),
 .UNSPECIFIED.,.F.,.F.,(4,3,3,3,3,4),(0.,0.210499351557431,0.421130150833733,
0.632705731510703,0.845844867724814,1.),.UNSPECIFIED.);
#612=B_SPLINE_CURVE_WITH_KNOTS('',3,(#3603,#3604,#3605,#3606,#3607,#3608,
#3609,#3610,#3611,#3612,#3613,#3614,#3615,#3616,#3617,#3618,#3619,#3620,
#3621),.UNSPECIFIED.,.F.,.F.,(4,3,3,3,3,3,4),(0.,0.100914183651586,0.201969331756031,
0.301714005952333,0.448050106801984,0.695622078486032,1.),.UNSPECIFIED.);
#613=B_SPLINE_CURVE_WITH_KNOTS('',3,(#3623,#3624,#3625,#3626,#3627,#3628,
#3629,#3630,#3631,#3632,#3633,#3634,#3635,#3636,#3637,#3638,#3639,#3640,
#3641),.UNSPECIFIED.,.F.,.F.,(4,3,3,3,3,3,4),(0.,0.172826027927359,0.350052674823726,
0.548759212831028,0.751706418834653,0.956746123057779,1.),.UNSPECIFIED.);
#614=B_SPLINE_CURVE_WITH_KNOTS('',3,(#3690,#3691,#3692,#3693,#3694,#3695,
#3696,#3697,#3698,#3699,#3700,#3701,#3702,#3703,#3704,#3705,#3706,#3707,
#3708),.UNSPECIFIED.,.F.,.F.,(4,3,3,3,3,3,4),(0.,0.196241668943149,0.39270477819414,
0.582082060783109,0.745460570444803,0.905864500471631,1.),.UNSPECIFIED.);
#615=B_SPLINE_CURVE_WITH_KNOTS('',3,(#3709,#3710,#3711,#3712,#3713,#3714,
#3715,#3716,#3717,#3718,#3719,#3720,#3721,#3722,#3723,#3724),
 .UNSPECIFIED.,.F.,.F.,(4,3,3,3,3,4),(0.,0.210499860323777,0.421131122427915,
0.632706327692385,0.845845422299888,1.),.UNSPECIFIED.);
#616=B_SPLINE_CURVE_WITH_KNOTS('',3,(#3776,#3777,#3778,#3779,#3780,#3781,
#3782,#3783,#3784,#3785,#3786,#3787,#3788,#3789,#3790,#3791,#3792,#3793,
#3794,#3795,#3796,#3797,#3798,#3799,#3800,#3801,#3802,#3803,#3804,#3805,
#3806,#3807,#3808,#3809,#3810,#3811,#3812,#3813,#3814,#3815,#3816,#3817,
#3818,#3819,#3820,#3821,#3822,#3823,#3824,#3825,#3826,#3827,#3828,#3829,
#3830,#3831,#3832,#3833,#3834,#3835,#3836,#3837,#3838,#3839,#3840,#3841,
#3842,#3843,#3844,#3845,#3846,#3847,#3848,#3849,#3850,#3851,#3852,#3853,
#3854,#3855,#3856,#3857,#3858,#3859,#3860,#3861,#3862,#3863,#3864,#3865,
#3866,#3867,#3868,#3869,#3870,#3871,#3872,#3873,#3874,#3875,#3876,#3877,
#3878,#3879,#3880,#3881,#3882,#3883,#3884,#3885,#3886,#3887,#3888,#3889,
#3890,#3891,#3892,#3893,#3894,#3895,#3896,#3897,#3898,#3899,#3900,#3901,
#3902,#3903,#3904,#3905,#3906,#3907,#3908,#3909,#3910,#3911,#3912,#3913,
#3914,#3915,#3916,#3917,#3918,#3919,#3920,#3921,#3922,#3923,#3924,#3925,
#3926,#3927,#3928,#3929,#3930,#3931,#3932,#3933,#3934,#3935,#3936,#3937,
#3938,#3939,#3940,#3941,#3942,#3943,#3944,#3945,#3946,#3947,#3948,#3949,
#3950,#3951,#3952,#3953,#3954,#3955,#3956,#3957,#3958,#3959,#3960,#3961,
#3962,#3963,#3964,#3965,#3966,#3967,#3968,#3969,#3970,#3971,#3972,#3973,
#3974,#3975,#3976,#3977,#3978,#3979,#3980,#3981,#3982,#3983,#3984,#3985,
#3986,#3987,#3988,#3989,#3990,#3991,#3992,#3993,#3994,#3995,#3996,#3997,
#3998,#3999,#4000,#4001,#4002,#4003,#4004,#4005,#4006,#4007,#4008,#4009,
#4010,#4011,#4012,#4013,#4014,#4015,#4016,#4017,#4018,#4019,#4020,#4021,
#4022,#4023,#4024,#4025,#4026,#4027,#4028,#4029,#4030,#4031,#4032,#4033,
#4034,#4035,#4036,#4037,#4038,#4039,#4040,#4041,#4042,#4043,#4044,#4045,
#4046,#4047,#4048,#4049,#4050,#4051,#4052,#4053,#4054,#4055,#4056,#4057,
#4058,#4059,#4060,#4061,#4062,#4063,#4064,#4065,#4066,#4067,#4068,#4069,
#4070,#4071,#4072,#4073,#4074,#4075,#4076,#4077,#4078,#4079,#4080,#4081,
#4082,#4083,#4084,#4085,#4086,#4087,#4088,#4089,#4090,#4091,#4092,#4093,
#4094),.UNSPECIFIED.,.F.,.F.,(4,3,3,3,3,3,3,3,3,3,3,3,3,3,3,3,3,3,3,3,3,
3,3,3,3,3,3,3,3,3,3,3,3,3,3,3,3,3,3,3,3,3,3,3,3,3,3,3,3,3,3,3,3,3,3,3,3,
3,3,3,3,3,3,3,3,3,3,3,3,3,3,3,3,3,3,3,3,3,3,3,3,3,3,3,3,3,3,3,3,3,3,3,3,
3,3,3,3,3,3,3,3,3,3,3,3,3,4),(0.,0.00907007298081391,0.0185433841123433,
0.0280145860597487,0.0374896564558278,0.0469614757526117,0.0564351336404439,
0.0659070653018585,0.0753790151581712,0.0848528575678118,0.0943244786495684,
0.103799117003484,0.11327057518013,0.122744348977697,0.132216644275448,
0.141689047126583,0.151162219560918,0.160633417743607,0.170108457677779,
0.179580246982995,0.18905412807022,0.198525931269588,0.207998103952011,
0.217471676948983,0.226943322776065,0.236417854034719,0.245889284434081,
0.255363351226125,0.264835512407427,0.274308109858764,0.283781025857886,
0.293252262904275,0.30272720277155,0.312198968456858,0.321673071502618,
0.331144774334524,0.340617190603599,0.35009050373997,0.359562211589347,
0.369036582964293,0.378507983307832,0.387982339953769,0.397454394952311,
0.406927199416236,0.41639987538446,0.425871194129268,0.4353459784601,0.444817720377656,
0.454292035594346,0.463763662778067,0.473236339364159,0.482709407656024,
0.492181212196967,0.501655382965974,0.511126743197245,0.520601374112946,
0.53007334684399,0.539546366471727,0.549018821791952,0.55849026071124,0.567964845286919,
0.577436554884987,0.586911058255902,0.596382628372764,0.605855576746948,
0.61532841747805,0.624800347074893,0.634274285766569,0.643745586706455,
0.653220457546556,0.662692365435212,0.672165603105924,0.681637857221429,
0.691109447325927,0.700583796678968,0.71005546063941,0.719530099680596,
0.729001623806047,0.738474849905566,0.747947480729517,0.757419555896737,
0.766893238778233,0.776364476608963,0.785839499665394,0.795311355579588,
0.804784811783074,0.81425688561255,0.823728652447017,0.833202741773317,
0.842674370941506,0.852149048280742,0.861620534804128,0.871094044315495,
0.880566487446699,0.890038726059888,0.899512141724221,0.908983341822519,
0.918458412775758,0.927930229126168,0.93740390633751,0.946875825743207,
0.956347794064405,0.965821612953484,0.975293234758103,0.98476786630332,
0.994239322030573,1.),.UNSPECIFIED.);
#617=B_SPLINE_CURVE_WITH_KNOTS('',3,(#4103,#4104,#4105,#4106,#4107,#4108,
#4109,#4110,#4111,#4112,#4113,#4114,#4115,#4116,#4117,#4118,#4119,#4120,
#4121,#4122,#4123,#4124,#4125,#4126,#4127,#4128,#4129,#4130,#4131,#4132,
#4133,#4134,#4135,#4136,#4137,#4138,#4139,#4140,#4141,#4142,#4143,#4144,
#4145,#4146,#4147,#4148,#4149,#4150,#4151,#4152,#4153,#4154,#4155,#4156,
#4157,#4158,#4159,#4160,#4161,#4162,#4163,#4164,#4165,#4166,#4167,#4168,
#4169,#4170,#4171,#4172,#4173,#4174,#4175,#4176,#4177,#4178,#4179,#4180,
#4181,#4182,#4183,#4184,#4185,#4186,#4187,#4188,#4189,#4190,#4191,#4192,
#4193,#4194,#4195,#4196,#4197,#4198,#4199,#4200,#4201,#4202,#4203,#4204,
#4205,#4206,#4207,#4208,#4209,#4210,#4211,#4212,#4213,#4214,#4215,#4216,
#4217,#4218,#4219,#4220,#4221,#4222,#4223,#4224,#4225,#4226,#4227,#4228,
#4229,#4230,#4231,#4232,#4233,#4234,#4235,#4236,#4237,#4238,#4239,#4240,
#4241,#4242,#4243,#4244,#4245,#4246,#4247,#4248,#4249,#4250,#4251,#4252,
#4253,#4254,#4255,#4256,#4257,#4258,#4259,#4260,#4261,#4262,#4263,#4264,
#4265,#4266,#4267,#4268,#4269,#4270,#4271,#4272,#4273,#4274,#4275,#4276,
#4277,#4278,#4279,#4280,#4281,#4282,#4283,#4284,#4285,#4286,#4287,#4288,
#4289,#4290,#4291,#4292,#4293,#4294,#4295,#4296,#4297,#4298,#4299,#4300,
#4301,#4302,#4303,#4304,#4305,#4306,#4307,#4308,#4309,#4310,#4311,#4312,
#4313,#4314,#4315,#4316,#4317,#4318,#4319,#4320,#4321,#4322,#4323,#4324,
#4325,#4326,#4327,#4328,#4329,#4330,#4331,#4332,#4333,#4334,#4335,#4336,
#4337,#4338,#4339,#4340,#4341,#4342,#4343,#4344,#4345,#4346,#4347,#4348,
#4349,#4350,#4351,#4352,#4353,#4354,#4355,#4356,#4357,#4358,#4359,#4360,
#4361,#4362,#4363,#4364,#4365,#4366,#4367,#4368,#4369,#4370,#4371,#4372,
#4373,#4374,#4375,#4376,#4377,#4378,#4379,#4380,#4381,#4382,#4383,#4384,
#4385,#4386,#4387,#4388,#4389,#4390,#4391,#4392,#4393,#4394,#4395,#4396,
#4397,#4398,#4399,#4400,#4401,#4402,#4403,#4404,#4405,#4406,#4407,#4408,
#4409,#4410,#4411,#4412,#4413,#4414,#4415,#4416,#4417,#4418,#4419,#4420,
#4421,#4422,#4423,#4424,#4425,#4426,#4427,#4428,#4429,#4430,#4431,#4432,
#4433,#4434,#4435,#4436,#4437,#4438,#4439,#4440,#4441,#4442,#4443,#4444,
#4445,#4446,#4447,#4448,#4449,#4450,#4451,#4452,#4453,#4454,#4455,#4456,
#4457,#4458,#4459,#4460,#4461,#4462,#4463,#4464,#4465,#4466),
 .UNSPECIFIED.,.F.,.F.,(4,3,3,3,3,3,3,3,3,3,3,3,3,3,3,3,3,3,3,3,3,3,3,3,
3,3,3,3,3,3,3,3,3,3,3,3,3,3,3,3,3,3,3,3,3,3,3,3,3,3,3,3,3,3,3,3,3,3,3,3,
3,3,3,3,3,3,3,3,3,3,3,3,3,3,3,3,3,3,3,3,3,3,3,3,3,3,3,3,3,3,3,3,3,3,3,3,
3,3,3,3,3,3,3,3,3,3,3,3,3,3,3,3,3,3,3,3,3,3,3,3,3,4),(0.,0.00792021858868315,
0.0161909636736355,0.0244644265130176,0.0327351303015535,0.041007439374862,
0.0492790521333778,0.0575503105467854,0.0658228157115767,0.0740932668446034,
0.0823670686001854,0.0906380609768326,0.0989105482314968,0.107181686658945,
0.115452689222303,0.123725548033512,0.131996352148577,0.140269815225282,
0.148540488971832,0.156813047923396,0.165084506448187,0.173355914065284,
0.181628185156769,0.189898616296768,0.198172426434826,0.206443388428272,
0.214716069713407,0.22298708371491,0.231258271062845,0.239530893185477,
0.24780170343941,0.256075100170049,0.264345748678432,0.272618562338239,
0.280889891328098,0.289161462538171,0.297433504529325,0.305703951081557,
0.313977701858521,0.322248641097767,0.33052151738106,0.338792431946408,
0.347063823501865,0.355336213849045,0.363607062383683,0.371880340562257,
0.380150964546808,0.388424033697257,0.39669525832143,0.404967005400085,
0.413238830285048,0.421509330144929,0.429782967409935,0.438053886784677,
0.446326953749597,0.454597792233394,0.462869404470079,0.471141574190849,
0.479412492870698,0.487685612110595,0.495956206304248,0.504229523293015,
0.512500666456911,0.520772598466937,0.529044222249874,0.537314811296643,
0.545588291935078,0.553859187737132,0.562132431143644,0.570403212661907,
0.57867505796466,0.586947021505614,0.595218038117261,0.603490967270937,
0.611761518901546,0.620035062507667,0.628306142424129,0.636578264221377,
0.644849704133586,0.653120412886441,0.661393702424166,0.669664563061166,
0.677937953383153,0.686208690688875,0.694480776393722,0.702752548951245,
0.711023684621012,0.719296399548212,0.727566893237253,0.73584061467526,
0.744111643805729,0.752383956047918,0.760655229065557,0.768926081404823,
0.777199152911627,0.785469975758249,0.793743441673346,0.80201414263095,
0.810286473191037,0.818558071684995,0.826829342473162,0.835101827397156,
0.843372275586338,0.851646081174742,0.85991707056405,0.868189574588386,
0.876460701272745,0.884731719079213,0.893004557406182,0.901275360891796,
0.909548820660297,0.917819492104682,0.926092073028518,0.934363519342886,
0.942634940639311,0.950907191567695,0.959177622604168,0.967451430096165,
0.975722389899996,0.98399508814525,0.992266092566711,1.),.UNSPECIFIED.);
#618=B_SPLINE_CURVE_WITH_KNOTS('',3,(#4476,#4477,#4478,#4479,#4480,#4481,
#4482),.UNSPECIFIED.,.F.,.F.,(4,3,4),(0.,0.631452101763969,1.),
 .UNSPECIFIED.);
#619=B_SPLINE_CURVE_WITH_KNOTS('',3,(#4484,#4485,#4486,#4487,#4488,#4489),
 .UNSPECIFIED.,.F.,.F.,(4,2,4),(0.,0.491805746315642,1.),.UNSPECIFIED.);
#620=B_SPLINE_CURVE_WITH_KNOTS('',3,(#4542,#4543,#4544,#4545,#4546,#4547,
#4548,#4549,#4550,#4551,#4552,#4553,#4554),.UNSPECIFIED.,.F.,.F.,(4,3,3,
3,4),(0.,0.245484996408262,0.487029059067718,0.726911141993932,1.),
 .UNSPECIFIED.);
#621=B_SPLINE_CURVE_WITH_KNOTS('',3,(#4558,#4559,#4560,#4561,#4562,#4563,
#4564,#4565,#4566,#4567,#4568,#4569,#4570,#4571,#4572,#4573,#4574,#4575,
#4576,#4577,#4578,#4579,#4580,#4581,#4582,#4583,#4584,#4585,#4586,#4587,
#4588,#4589,#4590,#4591,#4592,#4593,#4594,#4595,#4596,#4597,#4598,#4599,
#4600,#4601,#4602,#4603),.UNSPECIFIED.,.F.,.F.,(4,3,3,3,3,3,3,3,3,3,3,3,
3,3,3,4),(0.,0.0711486285409225,0.144632789084016,0.21759508692401,0.290031304004551,
0.360627266959845,0.431677238448407,0.500509637027544,0.569765978518928,
0.637081530287644,0.70418070444246,0.770459876037517,0.83531860627919,0.900223879153847,
0.963029314354449,1.),.UNSPECIFIED.);
#622=B_SPLINE_CURVE_WITH_KNOTS('',3,(#4608,#4609,#4610,#4611,#4612,#4613,
#4614,#4615,#4616,#4617,#4618,#4619,#4620,#4621,#4622,#4623,#4624,#4625,
#4626,#4627,#4628,#4629,#4630,#4631,#4632,#4633,#4634,#4635,#4636,#4637,
#4638,#4639,#4640,#4641,#4642,#4643,#4644,#4645,#4646,#4647,#4648,#4649,
#4650,#4651,#4652,#4653,#4654,#4655,#4656,#4657,#4658,#4659,#4660,#4661,
#4662,#4663,#4664,#4665,#4666,#4667,#4668,#4669,#4670,#4671,#4672,#4673,
#4674,#4675,#4676,#4677,#4678,#4679,#4680,#4681,#4682,#4683,#4684,#4685,
#4686,#4687,#4688,#4689,#4690,#4691,#4692,#4693,#4694,#4695,#4696,#4697,
#4698,#4699,#4700,#4701,#4702,#4703,#4704,#4705,#4706,#4707,#4708,#4709,
#4710,#4711,#4712,#4713,#4714,#4715,#4716,#4717,#4718,#4719,#4720,#4721,
#4722,#4723,#4724,#4725,#4726,#4727,#4728,#4729,#4730,#4731,#4732,#4733,
#4734,#4735,#4736,#4737,#4738,#4739,#4740,#4741,#4742,#4743,#4744,#4745,
#4746,#4747,#4748,#4749,#4750,#4751,#4752,#4753,#4754,#4755,#4756,#4757,
#4758,#4759,#4760,#4761,#4762,#4763,#4764,#4765,#4766,#4767,#4768,#4769,
#4770,#4771,#4772,#4773,#4774,#4775,#4776,#4777,#4778,#4779,#4780,#4781,
#4782,#4783,#4784,#4785,#4786,#4787,#4788,#4789,#4790,#4791,#4792,#4793,
#4794,#4795,#4796,#4797,#4798,#4799,#4800,#4801,#4802,#4803,#4804,#4805,
#4806,#4807,#4808,#4809,#4810,#4811,#4812,#4813,#4814,#4815,#4816,#4817,
#4818,#4819,#4820,#4821,#4822,#4823,#4824,#4825,#4826,#4827,#4828,#4829,
#4830,#4831,#4832,#4833,#4834,#4835,#4836,#4837,#4838,#4839,#4840,#4841,
#4842,#4843,#4844,#4845,#4846,#4847,#4848,#4849,#4850,#4851,#4852,#4853,
#4854,#4855,#4856,#4857,#4858,#4859,#4860,#4861,#4862,#4863,#4864,#4865,
#4866,#4867,#4868,#4869,#4870,#4871,#4872,#4873,#4874,#4875,#4876,#4877,
#4878,#4879,#4880,#4881,#4882,#4883,#4884,#4885,#4886,#4887,#4888,#4889,
#4890,#4891,#4892,#4893,#4894,#4895,#4896,#4897,#4898,#4899,#4900,#4901,
#4902,#4903,#4904,#4905,#4906,#4907,#4908,#4909,#4910,#4911,#4912,#4913,
#4914,#4915,#4916,#4917,#4918,#4919,#4920,#4921,#4922,#4923,#4924,#4925,
#4926,#4927,#4928,#4929,#4930,#4931,#4932,#4933,#4934,#4935,#4936,#4937,
#4938,#4939,#4940,#4941,#4942,#4943,#4944,#4945,#4946,#4947,#4948,#4949,
#4950,#4951,#4952,#4953,#4954,#4955,#4956,#4957,#4958,#4959,#4960,#4961,
#4962,#4963,#4964,#4965,#4966,#4967,#4968,#4969,#4970,#4971,#4972,#4973,
#4974,#4975,#4976,#4977,#4978,#4979,#4980,#4981,#4982,#4983,#4984,#4985,
#4986),.UNSPECIFIED.,.F.,.F.,(4,3,3,3,3,3,3,3,3,3,3,3,3,3,3,3,3,3,3,3,3,
3,3,3,3,3,3,3,3,3,3,3,3,3,3,3,3,3,3,3,3,3,3,3,3,3,3,3,3,3,3,3,3,3,3,3,3,
3,3,3,3,3,3,3,3,3,3,3,3,3,3,3,3,3,3,3,3,3,3,3,3,3,3,3,3,3,3,3,3,3,3,3,3,
3,3,3,3,3,3,3,3,3,3,3,3,3,3,3,3,3,3,3,3,3,3,3,3,3,3,3,3,3,3,3,3,3,4),(0.,
0.00798971195775679,0.0159808447333208,0.0239697704354409,0.031959311876583,
0.0399499902064129,0.0479388351173404,0.0559304424920262,0.063918940731168,
0.07191033355517,0.0798996119332607,0.087889522887158,0.095879530509386,
0.103868030950164,0.11186004065052,0.119848880669383,0.127840251220778,
0.135829052503125,0.143818885157918,0.151809270851933,0.15979822306245,
0.167789631300104,0.175778097776983,0.183769794960197,0.191758944468917,
0.199749099383706,0.20773883699086,0.215727477929685,0.223719286596881,
0.231708100802001,0.239699685129961,0.247688391138501,0.25567852980332,
0.263668640617252,0.271657739200533,0.279648901368066,0.287637328363837,
0.295629294796135,0.303618343126235,0.311608746497097,0.319598236690171,
0.327587060226937,0.335578617749401,0.343567400846593,0.351559147911438,
0.359547779675856,0.367538231500875,0.37552808798445,0.383517361744812,
0.391508243528646,0.399496627832721,0.407488775285623,0.415477743856053,
0.423468394907163,0.431457662357965,0.439446701248926,0.447437971913456,
0.455426737714582,0.463418533844545,0.471407107728213,0.479397876719796,
0.487387504701087,0.495376976010426,0.50336755885044,0.511355933520921,
0.519348130694975,0.527337039997357,0.535327938703213,0.543317014534122,
0.551306298308582,0.559297265696159,0.567286050502658,0.575277789243601,
0.583266319703152,0.591257409173955,0.599246841304385,0.607236530049333,
0.615226812779647,0.623215226361873,0.631207367214998,0.639196235178153,
0.647187379832902,0.655176298828346,0.663165853600379,0.671156517666387,
0.679145366618018,0.687136965767364,0.695125462464212,0.703116870129934,
0.711106141612659,0.719096063888144,0.727086058162495,0.735074564122086,
0.743066565565539,0.751055404297188,0.759046785626665,0.767035581728753,
0.775025428576983,0.783015800734015,0.791004759025332,0.798996156480398,
0.806984621289719,0.814976332195456,0.822965476280952,0.830955642889334,
0.83894536817838,0.846934016862414,0.85492581458405,0.862914627428456,0.870906220896004,
0.878894922921346,0.886885076294305,0.894875174505911,0.902864280785587,
0.910855430274209,0.918843854961783,0.926835832766269,0.934824876790153,
0.942815291885197,0.95080477084967,0.958793603853513,0.966785148368351,
0.974773930012944,0.982765682155787,0.990754310756343,0.998744777484727,
1.),.UNSPECIFIED.);
#623=B_SPLINE_CURVE_WITH_KNOTS('',3,(#4990,#4991,#4992,#4993,#4994,#4995,
#4996,#4997,#4998,#4999,#5000,#5001,#5002,#5003,#5004,#5005,#5006,#5007,
#5008,#5009,#5010,#5011,#5012,#5013,#5014,#5015,#5016,#5017,#5018,#5019,
#5020,#5021,#5022,#5023,#5024,#5025,#5026,#5027,#5028,#5029,#5030,#5031,
#5032,#5033,#5034,#5035,#5036,#5037,#5038,#5039,#5040,#5041,#5042,#5043,
#5044,#5045,#5046,#5047,#5048,#5049,#5050,#5051,#5052,#5053,#5054,#5055,
#5056,#5057,#5058,#5059,#5060,#5061,#5062,#5063,#5064,#5065,#5066,#5067,
#5068,#5069,#5070,#5071,#5072,#5073,#5074,#5075,#5076,#5077,#5078,#5079,
#5080,#5081,#5082,#5083,#5084,#5085,#5086,#5087,#5088,#5089,#5090,#5091,
#5092,#5093,#5094,#5095,#5096,#5097,#5098,#5099,#5100,#5101,#5102,#5103,
#5104,#5105,#5106,#5107,#5108,#5109,#5110,#5111,#5112,#5113,#5114,#5115,
#5116,#5117,#5118,#5119,#5120,#5121,#5122,#5123,#5124,#5125,#5126,#5127,
#5128,#5129,#5130,#5131,#5132,#5133,#5134,#5135,#5136,#5137,#5138,#5139,
#5140,#5141,#5142,#5143,#5144,#5145,#5146,#5147,#5148,#5149,#5150,#5151,
#5152,#5153,#5154,#5155,#5156,#5157,#5158,#5159,#5160,#5161,#5162,#5163,
#5164,#5165,#5166,#5167,#5168,#5169,#5170,#5171,#5172,#5173,#5174,#5175,
#5176,#5177,#5178,#5179,#5180,#5181,#5182,#5183,#5184,#5185,#5186,#5187,
#5188,#5189,#5190,#5191,#5192,#5193,#5194,#5195,#5196,#5197,#5198,#5199,
#5200,#5201,#5202,#5203,#5204,#5205,#5206,#5207,#5208,#5209,#5210,#5211,
#5212,#5213,#5214,#5215,#5216,#5217,#5218,#5219,#5220,#5221,#5222,#5223,
#5224,#5225,#5226,#5227,#5228,#5229,#5230,#5231,#5232,#5233,#5234,#5235,
#5236,#5237,#5238,#5239,#5240,#5241,#5242,#5243,#5244,#5245,#5246,#5247,
#5248,#5249,#5250,#5251,#5252,#5253,#5254,#5255,#5256,#5257,#5258,#5259,
#5260,#5261,#5262,#5263,#5264,#5265,#5266,#5267,#5268,#5269,#5270,#5271,
#5272,#5273,#5274,#5275,#5276,#5277,#5278,#5279,#5280,#5281,#5282,#5283,
#5284,#5285,#5286,#5287,#5288,#5289,#5290,#5291,#5292,#5293,#5294,#5295,
#5296,#5297,#5298,#5299,#5300,#5301,#5302,#5303,#5304,#5305,#5306,#5307,
#5308,#5309,#5310,#5311,#5312,#5313,#5314,#5315,#5316,#5317,#5318,#5319,
#5320,#5321,#5322,#5323,#5324,#5325,#5326,#5327,#5328,#5329,#5330,#5331,
#5332,#5333,#5334,#5335,#5336,#5337,#5338,#5339,#5340,#5341,#5342,#5343,
#5344,#5345,#5346,#5347,#5348,#5349,#5350,#5351,#5352,#5353),
 .UNSPECIFIED.,.F.,.F.,(4,3,3,3,3,3,3,3,3,3,3,3,3,3,3,3,3,3,3,3,3,3,3,3,
3,3,3,3,3,3,3,3,3,3,3,3,3,3,3,3,3,3,3,3,3,3,3,3,3,3,3,3,3,3,3,3,3,3,3,3,
3,3,3,3,3,3,3,3,3,3,3,3,3,3,3,3,3,3,3,3,3,3,3,3,3,3,3,3,3,3,3,3,3,3,3,3,
3,3,3,3,3,3,3,3,3,3,3,3,3,3,3,3,3,3,3,3,3,3,3,3,3,4),(0.,0.00832175409629713,
0.016642201479061,0.0249605491237872,0.0332828376766426,0.0416016979341212,
0.0499228070840931,0.0582417679782626,0.0665612071711608,0.0748820521906845,
0.083200843054064,0.091522600740343,0.0998410723045306,0.108162424445951,
0.116481754061997,0.124801593443491,0.133121733337809,0.141440154001604,
0.149762330723918,0.15808115625013,0.166402517298528,0.174721335937954,
0.183041070894188,0.191361605895484,0.199680491542138,0.208002063833116,
0.216320502544708,0.22464217907563,0.232961362172791,0.241281452069859,
0.249601302778668,0.257919851100625,0.266241841426781,0.274560639819374,
0.282882234896337,0.29120094400399,0.299520992828592,0.307841234270934,
0.316160258454919,0.324481590831735,0.332799992712873,0.341121966239531,
0.349441034278862,0.35776138204578,0.366080966315534,0.374399689937579,
0.382721436372858,0.391040204742482,0.399361994724258,0.407680619466303,
0.416000992498479,0.424320960972688,0.432640157790658,0.440961209868995,
0.449279564165395,0.457601771071323,0.465920748145685,0.474241354226322,
0.482560696442635,0.490879632396488,0.499201091619908,0.507519832542396,
0.51584172144931,0.524160279752698,0.532480981424741,0.540800701032294,
0.549120095237728,0.557440840827672,0.565759169808042,0.574081475959491,
0.582400383596036,0.590721247517446,0.599040377581893,0.607359557540486,
0.615680705016253,0.623999450190956,0.632321317008135,0.640639824959367,
0.648960859428485,0.657280362015883,0.665599975390247,0.673920407095724,
0.682238756869787,0.690561042029972,0.698879900270589,0.707201021499731,
0.715519974764697,0.723839427420252,0.732160257396286,0.740479051612237,
0.748800801915424,0.75711927179086,0.765440639575676,0.773759961375216,
0.782079812313683,0.790399937958379,0.798718363410783,0.807040532752965,
0.815359356826386,0.823680729450041,0.831999542128957,0.840319291561186,
0.848639812139535,0.856958703364252,0.865280265306138,0.873598702376998,
0.881920393738279,0.890239570647454,0.898559672605647,0.906879510064055,
0.915198065638466,0.92352004550214,0.931838842557338,0.940160447908482,
0.948479152448195,0.956799216425907,0.965119444363305,0.973438475994005,
0.981759795815106,0.990078195591962,0.998400182030799,1.),.UNSPECIFIED.);
#624=B_SPLINE_CURVE_WITH_KNOTS('',3,(#5355,#5356,#5357,#5358,#5359,#5360,
#5361,#5362,#5363,#5364,#5365,#5366,#5367,#5368,#5369,#5370,#5371,#5372,
#5373,#5374,#5375,#5376,#5377,#5378,#5379,#5380,#5381,#5382,#5383,#5384,
#5385,#5386,#5387,#5388,#5389,#5390,#5391,#5392,#5393,#5394,#5395,#5396,
#5397,#5398,#5399,#5400,#5401,#5402,#5403,#5404,#5405,#5406,#5407,#5408,
#5409,#5410,#5411,#5412,#5413,#5414,#5415,#5416,#5417,#5418,#5419,#5420,
#5421,#5422),.UNSPECIFIED.,.F.,.F.,(4,1,1,1,1,1,1,1,1,1,1,1,1,1,1,1,1,1,
1,1,1,1,1,1,1,1,1,1,1,1,1,1,1,1,1,1,1,1,1,1,1,1,1,1,1,1,1,1,1,1,1,1,1,1,
1,1,1,1,1,1,1,1,1,1,1,4),(0.,0.0154323103785863,0.0308646207571725,0.0462969311357588,
0.061729241514345,0.0771615518929313,0.0925938622715175,0.108026172650104,
0.12345848302869,0.138890793407276,0.154323103785863,0.169755414164449,
0.185187724543035,0.200620034921621,0.216052345300208,0.231484655678794,
0.24691696605738,0.262349276435966,0.277781586814553,0.293213897193139,
0.308646207571725,0.324078517950311,0.339510828328898,0.354943138707484,
0.37037544908607,0.385807759464656,0.401240069843243,0.416672380221829,
0.432104690600415,0.447537000979001,0.462969311357588,0.478401621736174,
0.49383393211476,0.509266242493346,0.524698552871933,0.540130863250519,
0.555563173629105,0.570995484007691,0.586427794386278,0.601860104764864,
0.61729241514345,0.632724725522036,0.648157035900623,0.663589346279209,
0.679021656657795,0.694453967036381,0.709886277414968,0.725318587793554,
0.74075089817214,0.756183208550726,0.771615518929313,0.787047829307899,
0.802480139686485,0.817912450065072,0.833344760443658,0.848777070822244,
0.86420938120083,0.879641691579417,0.895074001958003,0.910506312336589,
0.925938622715175,0.941370933093762,0.956803243472348,0.972235553850934,
0.98766786422952,1.),.UNSPECIFIED.);
#625=B_SPLINE_CURVE_WITH_KNOTS('',1,(#5424,#5425),.UNSPECIFIED.,.F.,.F.,
(2,2),(0.,1.),.UNSPECIFIED.);
#626=B_SPLINE_CURVE_WITH_KNOTS('',1,(#5562,#5563),.UNSPECIFIED.,.F.,.F.,
(2,2),(0.,1.),.UNSPECIFIED.);
#627=B_SPLINE_CURVE_WITH_KNOTS('',1,(#5564,#5565),.UNSPECIFIED.,.F.,.F.,
(2,2),(0.,1.),.UNSPECIFIED.);
#628=ORIENTED_EDGE('',*,*,#1230,.F.);
#629=ORIENTED_EDGE('',*,*,#1231,.T.);
#630=ORIENTED_EDGE('',*,*,#1232,.F.);
#631=ORIENTED_EDGE('',*,*,#1233,.F.);
#632=ORIENTED_EDGE('',*,*,#1234,.T.);
#633=ORIENTED_EDGE('',*,*,#1235,.T.);
#634=ORIENTED_EDGE('',*,*,#1236,.T.);
#635=ORIENTED_EDGE('',*,*,#1237,.T.);
#636=ORIENTED_EDGE('',*,*,#1238,.F.);
#637=ORIENTED_EDGE('',*,*,#1236,.F.);
#638=ORIENTED_EDGE('',*,*,#1235,.F.);
#639=ORIENTED_EDGE('',*,*,#1239,.T.);
#640=ORIENTED_EDGE('',*,*,#1240,.T.);
#641=ORIENTED_EDGE('',*,*,#1241,.T.);
#642=ORIENTED_EDGE('',*,*,#1242,.T.);
#643=ORIENTED_EDGE('',*,*,#1243,.T.);
#644=ORIENTED_EDGE('',*,*,#1244,.T.);
#645=ORIENTED_EDGE('',*,*,#1245,.F.);
#646=ORIENTED_EDGE('',*,*,#1246,.F.);
#647=ORIENTED_EDGE('',*,*,#1247,.F.);
#648=ORIENTED_EDGE('',*,*,#1248,.T.);
#649=ORIENTED_EDGE('',*,*,#1249,.F.);
#650=ORIENTED_EDGE('',*,*,#1250,.F.);
#651=ORIENTED_EDGE('',*,*,#1251,.T.);
#652=ORIENTED_EDGE('',*,*,#1252,.F.);
#653=ORIENTED_EDGE('',*,*,#1253,.F.);
#654=ORIENTED_EDGE('',*,*,#1254,.T.);
#655=ORIENTED_EDGE('',*,*,#1255,.F.);
#656=ORIENTED_EDGE('',*,*,#1256,.F.);
#657=ORIENTED_EDGE('',*,*,#1257,.F.);
#658=ORIENTED_EDGE('',*,*,#1240,.F.);
#659=ORIENTED_EDGE('',*,*,#1258,.F.);
#660=ORIENTED_EDGE('',*,*,#1259,.F.);
#661=ORIENTED_EDGE('',*,*,#1241,.F.);
#662=ORIENTED_EDGE('',*,*,#1260,.F.);
#663=ORIENTED_EDGE('',*,*,#1261,.F.);
#664=ORIENTED_EDGE('',*,*,#1262,.F.);
#665=ORIENTED_EDGE('',*,*,#1263,.F.);
#666=ORIENTED_EDGE('',*,*,#1264,.F.);
#667=ORIENTED_EDGE('',*,*,#1265,.T.);
#668=ORIENTED_EDGE('',*,*,#1266,.T.);
#669=ORIENTED_EDGE('',*,*,#1260,.T.);
#670=ORIENTED_EDGE('',*,*,#1259,.T.);
#671=ORIENTED_EDGE('',*,*,#1263,.T.);
#672=ORIENTED_EDGE('',*,*,#1256,.T.);
#673=ORIENTED_EDGE('',*,*,#1267,.F.);
#674=ORIENTED_EDGE('',*,*,#1257,.T.);
#675=ORIENTED_EDGE('',*,*,#1262,.T.);
#676=ORIENTED_EDGE('',*,*,#1268,.T.);
#677=ORIENTED_EDGE('',*,*,#1246,.T.);
#678=ORIENTED_EDGE('',*,*,#1269,.T.);
#679=ORIENTED_EDGE('',*,*,#1270,.F.);
#680=ORIENTED_EDGE('',*,*,#1271,.T.);
#681=ORIENTED_EDGE('',*,*,#1255,.T.);
#682=ORIENTED_EDGE('',*,*,#1270,.T.);
#683=ORIENTED_EDGE('',*,*,#1272,.T.);
#684=ORIENTED_EDGE('',*,*,#1250,.T.);
#685=ORIENTED_EDGE('',*,*,#1273,.F.);
#686=ORIENTED_EDGE('',*,*,#1274,.T.);
#687=ORIENTED_EDGE('',*,*,#1275,.T.);
#688=ORIENTED_EDGE('',*,*,#1273,.T.);
#689=ORIENTED_EDGE('',*,*,#1249,.T.);
#690=ORIENTED_EDGE('',*,*,#1253,.T.);
#691=ORIENTED_EDGE('',*,*,#1276,.F.);
#692=ORIENTED_EDGE('',*,*,#1277,.F.);
#693=ORIENTED_EDGE('',*,*,#1278,.T.);
#694=ORIENTED_EDGE('',*,*,#1243,.F.);
#695=ORIENTED_EDGE('',*,*,#1272,.F.);
#696=ORIENTED_EDGE('',*,*,#1269,.F.);
#697=ORIENTED_EDGE('',*,*,#1279,.T.);
#698=ORIENTED_EDGE('',*,*,#1244,.F.);
#699=ORIENTED_EDGE('',*,*,#1280,.T.);
#700=ORIENTED_EDGE('',*,*,#1281,.F.);
#701=ORIENTED_EDGE('',*,*,#1254,.F.);
#702=ORIENTED_EDGE('',*,*,#1251,.F.);
#703=ORIENTED_EDGE('',*,*,#1279,.F.);
#704=ORIENTED_EDGE('',*,*,#1248,.F.);
#705=ORIENTED_EDGE('',*,*,#1280,.F.);
#706=ORIENTED_EDGE('',*,*,#1278,.F.);
#707=ORIENTED_EDGE('',*,*,#1282,.T.);
#708=ORIENTED_EDGE('',*,*,#1232,.T.);
#709=ORIENTED_EDGE('',*,*,#1283,.T.);
#710=ORIENTED_EDGE('',*,*,#1284,.T.);
#711=ORIENTED_EDGE('',*,*,#1285,.T.);
#712=ORIENTED_EDGE('',*,*,#1233,.T.);
#713=ORIENTED_EDGE('',*,*,#1282,.F.);
#714=ORIENTED_EDGE('',*,*,#1286,.T.);
#715=ORIENTED_EDGE('',*,*,#1237,.F.);
#716=ORIENTED_EDGE('',*,*,#1286,.F.);
#717=ORIENTED_EDGE('',*,*,#1287,.T.);
#718=ORIENTED_EDGE('',*,*,#1288,.T.);
#719=ORIENTED_EDGE('',*,*,#1287,.F.);
#720=ORIENTED_EDGE('',*,*,#1289,.T.);
#721=ORIENTED_EDGE('',*,*,#1288,.F.);
#722=ORIENTED_EDGE('',*,*,#1290,.T.);
#723=ORIENTED_EDGE('',*,*,#1289,.F.);
#724=ORIENTED_EDGE('',*,*,#1291,.T.);
#725=ORIENTED_EDGE('',*,*,#1290,.F.);
#726=ORIENTED_EDGE('',*,*,#1267,.T.);
#727=ORIENTED_EDGE('',*,*,#1291,.F.);
#728=ORIENTED_EDGE('',*,*,#1274,.F.);
#729=ORIENTED_EDGE('',*,*,#1292,.F.);
#730=ORIENTED_EDGE('',*,*,#1266,.F.);
#731=ORIENTED_EDGE('',*,*,#1275,.F.);
#732=ORIENTED_EDGE('',*,*,#1265,.F.);
#733=ORIENTED_EDGE('',*,*,#1271,.F.);
#734=ORIENTED_EDGE('',*,*,#1261,.T.);
#735=ORIENTED_EDGE('',*,*,#1292,.T.);
#736=ORIENTED_EDGE('',*,*,#1276,.T.);
#737=ORIENTED_EDGE('',*,*,#1252,.T.);
#738=ORIENTED_EDGE('',*,*,#1277,.T.);
#739=ORIENTED_EDGE('',*,*,#1242,.F.);
#740=ORIENTED_EDGE('',*,*,#1264,.T.);
#741=ORIENTED_EDGE('',*,*,#1258,.T.);
#742=ORIENTED_EDGE('',*,*,#1245,.T.);
#743=ORIENTED_EDGE('',*,*,#1281,.T.);
#744=ORIENTED_EDGE('',*,*,#1247,.T.);
#745=ORIENTED_EDGE('',*,*,#1268,.F.);
#746=ORIENTED_EDGE('',*,*,#1230,.T.);
#747=ORIENTED_EDGE('',*,*,#1238,.T.);
#748=ORIENTED_EDGE('',*,*,#1293,.F.);
#749=ORIENTED_EDGE('',*,*,#1294,.F.);
#750=ORIENTED_EDGE('',*,*,#1295,.F.);
#751=ORIENTED_EDGE('',*,*,#1296,.F.);
#752=ORIENTED_EDGE('',*,*,#1294,.T.);
#753=ORIENTED_EDGE('',*,*,#1297,.F.);
#754=ORIENTED_EDGE('',*,*,#1284,.F.);
#755=ORIENTED_EDGE('',*,*,#1295,.T.);
#756=ORIENTED_EDGE('',*,*,#1296,.T.);
#757=ORIENTED_EDGE('',*,*,#1283,.F.);
#758=ORIENTED_EDGE('',*,*,#1231,.F.);
#759=ORIENTED_EDGE('',*,*,#1297,.T.);
#760=ORIENTED_EDGE('',*,*,#1293,.T.);
#761=ORIENTED_EDGE('',*,*,#1239,.F.);
#762=ORIENTED_EDGE('',*,*,#1234,.F.);
#763=ORIENTED_EDGE('',*,*,#1285,.F.);
#764=ORIENTED_EDGE('',*,*,#1298,.T.);
#765=ORIENTED_EDGE('',*,*,#1299,.T.);
#766=ORIENTED_EDGE('',*,*,#1300,.T.);
#767=ORIENTED_EDGE('',*,*,#1301,.T.);
#768=ORIENTED_EDGE('',*,*,#1301,.F.);
#769=ORIENTED_EDGE('',*,*,#1302,.F.);
#770=ORIENTED_EDGE('',*,*,#1303,.T.);
#771=ORIENTED_EDGE('',*,*,#1304,.T.);
#772=ORIENTED_EDGE('',*,*,#1300,.F.);
#773=ORIENTED_EDGE('',*,*,#1305,.F.);
#774=ORIENTED_EDGE('',*,*,#1306,.F.);
#775=ORIENTED_EDGE('',*,*,#1307,.F.);
#776=ORIENTED_EDGE('',*,*,#1308,.F.);
#777=ORIENTED_EDGE('',*,*,#1309,.F.);
#778=ORIENTED_EDGE('',*,*,#1310,.F.);
#779=ORIENTED_EDGE('',*,*,#1311,.F.);
#780=ORIENTED_EDGE('',*,*,#1312,.F.);
#781=ORIENTED_EDGE('',*,*,#1313,.F.);
#782=ORIENTED_EDGE('',*,*,#1314,.F.);
#783=ORIENTED_EDGE('',*,*,#1315,.F.);
#784=ORIENTED_EDGE('',*,*,#1316,.F.);
#785=ORIENTED_EDGE('',*,*,#1317,.T.);
#786=ORIENTED_EDGE('',*,*,#1318,.F.);
#787=ORIENTED_EDGE('',*,*,#1319,.T.);
#788=ORIENTED_EDGE('',*,*,#1320,.T.);
#789=ORIENTED_EDGE('',*,*,#1321,.T.);
#790=ORIENTED_EDGE('',*,*,#1322,.T.);
#791=ORIENTED_EDGE('',*,*,#1323,.T.);
#792=ORIENTED_EDGE('',*,*,#1324,.T.);
#793=ORIENTED_EDGE('',*,*,#1325,.T.);
#794=ORIENTED_EDGE('',*,*,#1326,.T.);
#795=ORIENTED_EDGE('',*,*,#1302,.T.);
#796=ORIENTED_EDGE('',*,*,#1327,.T.);
#797=ORIENTED_EDGE('',*,*,#1328,.T.);
#798=ORIENTED_EDGE('',*,*,#1329,.T.);
#799=ORIENTED_EDGE('',*,*,#1330,.T.);
#800=ORIENTED_EDGE('',*,*,#1306,.T.);
#801=ORIENTED_EDGE('',*,*,#1331,.T.);
#802=ORIENTED_EDGE('',*,*,#1330,.F.);
#803=ORIENTED_EDGE('',*,*,#1332,.F.);
#804=ORIENTED_EDGE('',*,*,#1333,.F.);
#805=ORIENTED_EDGE('',*,*,#1307,.T.);
#806=ORIENTED_EDGE('',*,*,#1298,.F.);
#807=ORIENTED_EDGE('',*,*,#1304,.F.);
#808=ORIENTED_EDGE('',*,*,#1334,.T.);
#809=ORIENTED_EDGE('',*,*,#1335,.T.);
#810=ORIENTED_EDGE('',*,*,#1336,.T.);
#811=ORIENTED_EDGE('',*,*,#1337,.T.);
#812=ORIENTED_EDGE('',*,*,#1338,.T.);
#813=ORIENTED_EDGE('',*,*,#1339,.T.);
#814=ORIENTED_EDGE('',*,*,#1340,.T.);
#815=ORIENTED_EDGE('',*,*,#1341,.F.);
#816=ORIENTED_EDGE('',*,*,#1342,.F.);
#817=ORIENTED_EDGE('',*,*,#1343,.F.);
#818=ORIENTED_EDGE('',*,*,#1344,.F.);
#819=ORIENTED_EDGE('',*,*,#1345,.T.);
#820=ORIENTED_EDGE('',*,*,#1346,.F.);
#821=ORIENTED_EDGE('',*,*,#1347,.F.);
#822=ORIENTED_EDGE('',*,*,#1348,.F.);
#823=ORIENTED_EDGE('',*,*,#1349,.F.);
#824=ORIENTED_EDGE('',*,*,#1350,.F.);
#825=ORIENTED_EDGE('',*,*,#1351,.F.);
#826=ORIENTED_EDGE('',*,*,#1352,.F.);
#827=ORIENTED_EDGE('',*,*,#1332,.T.);
#828=ORIENTED_EDGE('',*,*,#1329,.F.);
#829=ORIENTED_EDGE('',*,*,#1353,.T.);
#830=ORIENTED_EDGE('',*,*,#1354,.T.);
#831=ORIENTED_EDGE('',*,*,#1355,.T.);
#832=ORIENTED_EDGE('',*,*,#1342,.T.);
#833=ORIENTED_EDGE('',*,*,#1356,.T.);
#834=ORIENTED_EDGE('',*,*,#1318,.T.);
#835=ORIENTED_EDGE('',*,*,#1357,.T.);
#836=ORIENTED_EDGE('',*,*,#1356,.F.);
#837=ORIENTED_EDGE('',*,*,#1341,.T.);
#838=ORIENTED_EDGE('',*,*,#1358,.T.);
#839=ORIENTED_EDGE('',*,*,#1319,.F.);
#840=ORIENTED_EDGE('',*,*,#1344,.T.);
#841=ORIENTED_EDGE('',*,*,#1359,.T.);
#842=ORIENTED_EDGE('',*,*,#1316,.T.);
#843=ORIENTED_EDGE('',*,*,#1360,.T.);
#844=ORIENTED_EDGE('',*,*,#1360,.F.);
#845=ORIENTED_EDGE('',*,*,#1315,.T.);
#846=ORIENTED_EDGE('',*,*,#1361,.F.);
#847=ORIENTED_EDGE('',*,*,#1345,.F.);
#848=ORIENTED_EDGE('',*,*,#1328,.F.);
#849=ORIENTED_EDGE('',*,*,#1355,.F.);
#850=ORIENTED_EDGE('',*,*,#1327,.F.);
#851=ORIENTED_EDGE('',*,*,#1354,.F.);
#852=ORIENTED_EDGE('',*,*,#1362,.T.);
#853=ORIENTED_EDGE('',*,*,#1363,.F.);
#854=ORIENTED_EDGE('',*,*,#1364,.F.);
#855=ORIENTED_EDGE('',*,*,#1365,.T.);
#856=ORIENTED_EDGE('',*,*,#1366,.T.);
#857=ORIENTED_EDGE('',*,*,#1367,.T.);
#858=ORIENTED_EDGE('',*,*,#1365,.F.);
#859=ORIENTED_EDGE('',*,*,#1368,.F.);
#860=ORIENTED_EDGE('',*,*,#1369,.F.);
#861=ORIENTED_EDGE('',*,*,#1370,.F.);
#862=ORIENTED_EDGE('',*,*,#1371,.T.);
#863=ORIENTED_EDGE('',*,*,#1369,.T.);
#864=ORIENTED_EDGE('',*,*,#1372,.T.);
#865=ORIENTED_EDGE('',*,*,#1373,.F.);
#866=ORIENTED_EDGE('',*,*,#1374,.T.);
#867=ORIENTED_EDGE('',*,*,#1375,.T.);
#868=ORIENTED_EDGE('',*,*,#1370,.T.);
#869=ORIENTED_EDGE('',*,*,#1376,.F.);
#870=ORIENTED_EDGE('',*,*,#1372,.F.);
#871=ORIENTED_EDGE('',*,*,#1368,.T.);
#872=ORIENTED_EDGE('',*,*,#1364,.T.);
#873=ORIENTED_EDGE('',*,*,#1377,.T.);
#874=ORIENTED_EDGE('',*,*,#1373,.T.);
#875=ORIENTED_EDGE('',*,*,#1376,.T.);
#876=ORIENTED_EDGE('',*,*,#1363,.T.);
#877=ORIENTED_EDGE('',*,*,#1375,.F.);
#878=ORIENTED_EDGE('',*,*,#1378,.T.);
#879=ORIENTED_EDGE('',*,*,#1362,.F.);
#880=ORIENTED_EDGE('',*,*,#1366,.F.);
#881=ORIENTED_EDGE('',*,*,#1379,.T.);
#882=ORIENTED_EDGE('',*,*,#1380,.F.);
#883=ORIENTED_EDGE('',*,*,#1381,.F.);
#884=ORIENTED_EDGE('',*,*,#1382,.T.);
#885=ORIENTED_EDGE('',*,*,#1383,.F.);
#886=ORIENTED_EDGE('',*,*,#1371,.F.);
#887=ORIENTED_EDGE('',*,*,#1374,.F.);
#888=ORIENTED_EDGE('',*,*,#1378,.F.);
#889=ORIENTED_EDGE('',*,*,#1349,.T.);
#890=ORIENTED_EDGE('',*,*,#1381,.T.);
#891=ORIENTED_EDGE('',*,*,#1377,.F.);
#892=ORIENTED_EDGE('',*,*,#1383,.T.);
#893=ORIENTED_EDGE('',*,*,#1311,.T.);
#894=ORIENTED_EDGE('',*,*,#1379,.F.);
#895=ORIENTED_EDGE('',*,*,#1367,.F.);
#896=ORIENTED_EDGE('',*,*,#1352,.T.);
#897=ORIENTED_EDGE('',*,*,#1384,.F.);
#898=ORIENTED_EDGE('',*,*,#1308,.T.);
#899=ORIENTED_EDGE('',*,*,#1333,.T.);
#900=ORIENTED_EDGE('',*,*,#1351,.T.);
#901=ORIENTED_EDGE('',*,*,#1385,.F.);
#902=ORIENTED_EDGE('',*,*,#1309,.T.);
#903=ORIENTED_EDGE('',*,*,#1384,.T.);
#904=ORIENTED_EDGE('',*,*,#1380,.T.);
#905=ORIENTED_EDGE('',*,*,#1310,.T.);
#906=ORIENTED_EDGE('',*,*,#1385,.T.);
#907=ORIENTED_EDGE('',*,*,#1350,.T.);
#908=ORIENTED_EDGE('',*,*,#1382,.F.);
#909=ORIENTED_EDGE('',*,*,#1348,.T.);
#910=ORIENTED_EDGE('',*,*,#1386,.F.);
#911=ORIENTED_EDGE('',*,*,#1312,.T.);
#912=ORIENTED_EDGE('',*,*,#1347,.T.);
#913=ORIENTED_EDGE('',*,*,#1387,.F.);
#914=ORIENTED_EDGE('',*,*,#1313,.T.);
#915=ORIENTED_EDGE('',*,*,#1386,.T.);
#916=ORIENTED_EDGE('',*,*,#1346,.T.);
#917=ORIENTED_EDGE('',*,*,#1361,.T.);
#918=ORIENTED_EDGE('',*,*,#1314,.T.);
#919=ORIENTED_EDGE('',*,*,#1387,.T.);
#920=ORIENTED_EDGE('',*,*,#1388,.F.);
#921=ORIENTED_EDGE('',*,*,#1389,.F.);
#922=ORIENTED_EDGE('',*,*,#1390,.F.);
#923=ORIENTED_EDGE('',*,*,#1391,.T.);
#924=ORIENTED_EDGE('',*,*,#1392,.T.);
#925=ORIENTED_EDGE('',*,*,#1393,.F.);
#926=ORIENTED_EDGE('',*,*,#1394,.T.);
#927=ORIENTED_EDGE('',*,*,#1395,.T.);
#928=ORIENTED_EDGE('',*,*,#1390,.T.);
#929=ORIENTED_EDGE('',*,*,#1396,.T.);
#930=ORIENTED_EDGE('',*,*,#1397,.F.);
#931=ORIENTED_EDGE('',*,*,#1398,.F.);
#932=ORIENTED_EDGE('',*,*,#1399,.T.);
#933=ORIENTED_EDGE('',*,*,#1400,.F.);
#934=ORIENTED_EDGE('',*,*,#1394,.F.);
#935=ORIENTED_EDGE('',*,*,#1401,.F.);
#936=ORIENTED_EDGE('',*,*,#1396,.F.);
#937=ORIENTED_EDGE('',*,*,#1402,.T.);
#938=ORIENTED_EDGE('',*,*,#1391,.F.);
#939=ORIENTED_EDGE('',*,*,#1395,.F.);
#940=ORIENTED_EDGE('',*,*,#1400,.T.);
#941=ORIENTED_EDGE('',*,*,#1403,.F.);
#942=ORIENTED_EDGE('',*,*,#1392,.F.);
#943=ORIENTED_EDGE('',*,*,#1402,.F.);
#944=ORIENTED_EDGE('',*,*,#1399,.F.);
#945=ORIENTED_EDGE('',*,*,#1401,.T.);
#946=ORIENTED_EDGE('',*,*,#1404,.F.);
#947=ORIENTED_EDGE('',*,*,#1405,.T.);
#948=ORIENTED_EDGE('',*,*,#1406,.F.);
#949=ORIENTED_EDGE('',*,*,#1389,.T.);
#950=ORIENTED_EDGE('',*,*,#1388,.T.);
#951=ORIENTED_EDGE('',*,*,#1407,.T.);
#952=ORIENTED_EDGE('',*,*,#1398,.T.);
#953=ORIENTED_EDGE('',*,*,#1397,.T.);
#954=ORIENTED_EDGE('',*,*,#1408,.T.);
#955=ORIENTED_EDGE('',*,*,#1409,.F.);
#956=ORIENTED_EDGE('',*,*,#1404,.T.);
#957=ORIENTED_EDGE('',*,*,#1403,.T.);
#958=ORIENTED_EDGE('',*,*,#1407,.F.);
#959=ORIENTED_EDGE('',*,*,#1337,.F.);
#960=ORIENTED_EDGE('',*,*,#1408,.F.);
#961=ORIENTED_EDGE('',*,*,#1393,.T.);
#962=ORIENTED_EDGE('',*,*,#1406,.T.);
#963=ORIENTED_EDGE('',*,*,#1323,.F.);
#964=ORIENTED_EDGE('',*,*,#1334,.F.);
#965=ORIENTED_EDGE('',*,*,#1303,.F.);
#966=ORIENTED_EDGE('',*,*,#1326,.F.);
#967=ORIENTED_EDGE('',*,*,#1410,.T.);
#968=ORIENTED_EDGE('',*,*,#1335,.F.);
#969=ORIENTED_EDGE('',*,*,#1410,.F.);
#970=ORIENTED_EDGE('',*,*,#1325,.F.);
#971=ORIENTED_EDGE('',*,*,#1411,.T.);
#972=ORIENTED_EDGE('',*,*,#1405,.F.);
#973=ORIENTED_EDGE('',*,*,#1336,.F.);
#974=ORIENTED_EDGE('',*,*,#1411,.F.);
#975=ORIENTED_EDGE('',*,*,#1324,.F.);
#976=ORIENTED_EDGE('',*,*,#1409,.T.);
#977=ORIENTED_EDGE('',*,*,#1322,.F.);
#978=ORIENTED_EDGE('',*,*,#1412,.T.);
#979=ORIENTED_EDGE('',*,*,#1338,.F.);
#980=ORIENTED_EDGE('',*,*,#1339,.F.);
#981=ORIENTED_EDGE('',*,*,#1412,.F.);
#982=ORIENTED_EDGE('',*,*,#1321,.F.);
#983=ORIENTED_EDGE('',*,*,#1413,.T.);
#984=ORIENTED_EDGE('',*,*,#1340,.F.);
#985=ORIENTED_EDGE('',*,*,#1413,.F.);
#986=ORIENTED_EDGE('',*,*,#1320,.F.);
#987=ORIENTED_EDGE('',*,*,#1358,.F.);
#988=ORIENTED_EDGE('',*,*,#1357,.F.);
#989=ORIENTED_EDGE('',*,*,#1317,.F.);
#990=ORIENTED_EDGE('',*,*,#1359,.F.);
#991=ORIENTED_EDGE('',*,*,#1343,.T.);
#992=ORIENTED_EDGE('',*,*,#1299,.F.);
#993=ORIENTED_EDGE('',*,*,#1353,.F.);
#994=ORIENTED_EDGE('',*,*,#1331,.F.);
#995=ORIENTED_EDGE('',*,*,#1305,.T.);
#996=ORIENTED_EDGE('',*,*,#1414,.F.);
#997=ORIENTED_EDGE('',*,*,#1415,.T.);
#998=ORIENTED_EDGE('',*,*,#1416,.T.);
#999=ORIENTED_EDGE('',*,*,#1417,.T.);
#1000=ORIENTED_EDGE('',*,*,#1418,.F.);
#1001=ORIENTED_EDGE('',*,*,#1419,.F.);
#1002=ORIENTED_EDGE('',*,*,#1420,.F.);
#1003=ORIENTED_EDGE('',*,*,#1421,.T.);
#1004=ORIENTED_EDGE('',*,*,#1416,.F.);
#1005=ORIENTED_EDGE('',*,*,#1422,.T.);
#1006=ORIENTED_EDGE('',*,*,#1423,.F.);
#1007=ORIENTED_EDGE('',*,*,#1424,.F.);
#1008=ORIENTED_EDGE('',*,*,#1417,.F.);
#1009=ORIENTED_EDGE('',*,*,#1425,.F.);
#1010=ORIENTED_EDGE('',*,*,#1426,.F.);
#1011=ORIENTED_EDGE('',*,*,#1427,.F.);
#1012=ORIENTED_EDGE('',*,*,#1428,.F.);
#1013=ORIENTED_EDGE('',*,*,#1429,.F.);
#1014=ORIENTED_EDGE('',*,*,#1430,.F.);
#1015=ORIENTED_EDGE('',*,*,#1431,.F.);
#1016=ORIENTED_EDGE('',*,*,#1432,.F.);
#1017=ORIENTED_EDGE('',*,*,#1433,.F.);
#1018=ORIENTED_EDGE('',*,*,#1434,.F.);
#1019=ORIENTED_EDGE('',*,*,#1435,.F.);
#1020=ORIENTED_EDGE('',*,*,#1436,.F.);
#1021=ORIENTED_EDGE('',*,*,#1437,.F.);
#1022=ORIENTED_EDGE('',*,*,#1436,.T.);
#1023=ORIENTED_EDGE('',*,*,#1438,.F.);
#1024=ORIENTED_EDGE('',*,*,#1426,.T.);
#1025=ORIENTED_EDGE('',*,*,#1432,.T.);
#1026=ORIENTED_EDGE('',*,*,#1439,.F.);
#1027=ORIENTED_EDGE('',*,*,#1434,.T.);
#1028=ORIENTED_EDGE('',*,*,#1440,.T.);
#1029=ORIENTED_EDGE('',*,*,#1430,.T.);
#1030=ORIENTED_EDGE('',*,*,#1441,.T.);
#1031=ORIENTED_EDGE('',*,*,#1428,.T.);
#1032=ORIENTED_EDGE('',*,*,#1442,.F.);
#1033=ORIENTED_EDGE('',*,*,#1433,.T.);
#1034=ORIENTED_EDGE('',*,*,#1440,.F.);
#1035=ORIENTED_EDGE('',*,*,#1429,.T.);
#1036=ORIENTED_EDGE('',*,*,#1441,.F.);
#1037=ORIENTED_EDGE('',*,*,#1443,.T.);
#1038=ORIENTED_EDGE('',*,*,#1444,.F.);
#1039=ORIENTED_EDGE('',*,*,#1421,.F.);
#1040=ORIENTED_EDGE('',*,*,#1444,.T.);
#1041=ORIENTED_EDGE('',*,*,#1445,.F.);
#1042=ORIENTED_EDGE('',*,*,#1446,.F.);
#1043=ORIENTED_EDGE('',*,*,#1447,.F.);
#1044=ORIENTED_EDGE('',*,*,#1420,.T.);
#1045=ORIENTED_EDGE('',*,*,#1419,.T.);
#1046=ORIENTED_EDGE('',*,*,#1448,.T.);
#1047=ORIENTED_EDGE('',*,*,#1446,.T.);
#1048=ORIENTED_EDGE('',*,*,#1425,.T.);
#1049=ORIENTED_EDGE('',*,*,#1442,.T.);
#1050=ORIENTED_EDGE('',*,*,#1427,.T.);
#1051=ORIENTED_EDGE('',*,*,#1438,.T.);
#1052=ORIENTED_EDGE('',*,*,#1435,.T.);
#1053=ORIENTED_EDGE('',*,*,#1439,.T.);
#1054=ORIENTED_EDGE('',*,*,#1431,.T.);
#1055=ORIENTED_EDGE('',*,*,#1437,.T.);
#1056=ORIENTED_EDGE('',*,*,#1443,.F.);
#1057=ORIENTED_EDGE('',*,*,#1449,.T.);
#1058=ORIENTED_EDGE('',*,*,#1450,.F.);
#1059=ORIENTED_EDGE('',*,*,#1451,.T.);
#1060=ORIENTED_EDGE('',*,*,#1448,.F.);
#1061=ORIENTED_EDGE('',*,*,#1445,.T.);
#1062=ORIENTED_EDGE('',*,*,#1418,.T.);
#1063=ORIENTED_EDGE('',*,*,#1424,.T.);
#1064=ORIENTED_EDGE('',*,*,#1452,.T.);
#1065=ORIENTED_EDGE('',*,*,#1453,.T.);
#1066=ORIENTED_EDGE('',*,*,#1449,.F.);
#1067=ORIENTED_EDGE('',*,*,#1454,.F.);
#1068=ORIENTED_EDGE('',*,*,#1450,.T.);
#1069=ORIENTED_EDGE('',*,*,#1453,.F.);
#1070=ORIENTED_EDGE('',*,*,#1455,.F.);
#1071=ORIENTED_EDGE('',*,*,#1422,.F.);
#1072=ORIENTED_EDGE('',*,*,#1415,.F.);
#1073=ORIENTED_EDGE('',*,*,#1423,.T.);
#1074=ORIENTED_EDGE('',*,*,#1455,.T.);
#1075=ORIENTED_EDGE('',*,*,#1452,.F.);
#1076=ORIENTED_EDGE('',*,*,#1414,.T.);
#1077=ORIENTED_EDGE('',*,*,#1447,.T.);
#1078=ORIENTED_EDGE('',*,*,#1451,.F.);
#1079=ORIENTED_EDGE('',*,*,#1454,.T.);
#1080=VERTEX_POINT('',#2238);
#1081=VERTEX_POINT('',#2239);
#1082=VERTEX_POINT('',#2358);
#1083=VERTEX_POINT('',#2360);
#1084=VERTEX_POINT('',#2362);
#1085=VERTEX_POINT('',#2529);
#1086=VERTEX_POINT('',#2531);
#1087=VERTEX_POINT('',#2535);
#1088=VERTEX_POINT('',#2537);
#1089=VERTEX_POINT('',#2546);
#1090=VERTEX_POINT('',#2547);
#1091=VERTEX_POINT('',#2551);
#1092=VERTEX_POINT('',#2553);
#1093=VERTEX_POINT('',#2557);
#1094=VERTEX_POINT('',#2561);
#1095=VERTEX_POINT('',#2567);
#1096=VERTEX_POINT('',#2568);
#1097=VERTEX_POINT('',#2572);
#1098=VERTEX_POINT('',#2578);
#1099=VERTEX_POINT('',#2579);
#1100=VERTEX_POINT('',#2583);
#1101=VERTEX_POINT('',#2589);
#1102=VERTEX_POINT('',#2590);
#1103=VERTEX_POINT('',#2599);
#1104=VERTEX_POINT('',#2600);
#1105=VERTEX_POINT('',#2602);
#1106=VERTEX_POINT('',#2610);
#1107=VERTEX_POINT('',#2614);
#1108=VERTEX_POINT('',#2622);
#1109=VERTEX_POINT('',#2629);
#1110=VERTEX_POINT('',#2632);
#1111=VERTEX_POINT('',#2638);
#1112=VERTEX_POINT('',#2644);
#1113=VERTEX_POINT('',#2653);
#1114=VERTEX_POINT('',#2672);
#1115=VERTEX_POINT('',#2711);
#1116=VERTEX_POINT('',#2713);
#1117=VERTEX_POINT('',#2722);
#1118=VERTEX_POINT('',#2725);
#1119=VERTEX_POINT('',#2728);
#1120=VERTEX_POINT('',#2731);
#1121=VERTEX_POINT('',#2734);
#1122=VERTEX_POINT('',#2737);
#1123=VERTEX_POINT('',#2749);
#1124=VERTEX_POINT('',#2751);
#1125=VERTEX_POINT('',#3237);
#1126=VERTEX_POINT('',#3238);
#1127=VERTEX_POINT('',#3240);
#1128=VERTEX_POINT('',#3242);
#1129=VERTEX_POINT('',#3246);
#1130=VERTEX_POINT('',#3248);
#1131=VERTEX_POINT('',#3252);
#1132=VERTEX_POINT('',#3254);
#1133=VERTEX_POINT('',#3256);
#1134=VERTEX_POINT('',#3258);
#1135=VERTEX_POINT('',#3260);
#1136=VERTEX_POINT('',#3262);
#1137=VERTEX_POINT('',#3264);
#1138=VERTEX_POINT('',#3266);
#1139=VERTEX_POINT('',#3268);
#1140=VERTEX_POINT('',#3270);
#1141=VERTEX_POINT('',#3272);
#1142=VERTEX_POINT('',#3274);
#1143=VERTEX_POINT('',#3276);
#1144=VERTEX_POINT('',#3278);
#1145=VERTEX_POINT('',#3280);
#1146=VERTEX_POINT('',#3282);
#1147=VERTEX_POINT('',#3284);
#1148=VERTEX_POINT('',#3286);
#1149=VERTEX_POINT('',#3288);
#1150=VERTEX_POINT('',#3290);
#1151=VERTEX_POINT('',#3292);
#1152=VERTEX_POINT('',#3295);
#1153=VERTEX_POINT('',#3297);
#1154=VERTEX_POINT('',#3300);
#1155=VERTEX_POINT('',#3301);
#1156=VERTEX_POINT('',#3306);
#1157=VERTEX_POINT('',#3310);
#1158=VERTEX_POINT('',#3312);
#1159=VERTEX_POINT('',#3314);
#1160=VERTEX_POINT('',#3316);
#1161=VERTEX_POINT('',#3318);
#1162=VERTEX_POINT('',#3320);
#1163=VERTEX_POINT('',#3322);
#1164=VERTEX_POINT('',#3324);
#1165=VERTEX_POINT('',#3326);
#1166=VERTEX_POINT('',#3328);
#1167=VERTEX_POINT('',#3330);
#1168=VERTEX_POINT('',#3332);
#1169=VERTEX_POINT('',#3334);
#1170=VERTEX_POINT('',#3336);
#1171=VERTEX_POINT('',#3338);
#1172=VERTEX_POINT('',#3340);
#1173=VERTEX_POINT('',#3342);
#1174=VERTEX_POINT('',#3344);
#1175=VERTEX_POINT('',#3348);
#1176=VERTEX_POINT('',#3350);
#1177=VERTEX_POINT('',#3365);
#1178=VERTEX_POINT('',#3366);
#1179=VERTEX_POINT('',#3368);
#1180=VERTEX_POINT('',#3370);
#1181=VERTEX_POINT('',#3372);
#1182=VERTEX_POINT('',#3376);
#1183=VERTEX_POINT('',#3378);
#1184=VERTEX_POINT('',#3381);
#1185=VERTEX_POINT('',#3384);
#1186=VERTEX_POINT('',#3386);
#1187=VERTEX_POINT('',#3388);
#1188=VERTEX_POINT('',#3392);
#1189=VERTEX_POINT('',#3570);
#1190=VERTEX_POINT('',#3571);
#1191=VERTEX_POINT('',#3573);
#1192=VERTEX_POINT('',#3575);
#1193=VERTEX_POINT('',#3577);
#1194=VERTEX_POINT('',#3581);
#1195=VERTEX_POINT('',#3583);
#1196=VERTEX_POINT('',#3586);
#1197=VERTEX_POINT('',#3589);
#1198=VERTEX_POINT('',#3591);
#1199=VERTEX_POINT('',#3593);
#1200=VERTEX_POINT('',#3597);
#1201=VERTEX_POINT('',#4095);
#1202=VERTEX_POINT('',#4096);
#1203=VERTEX_POINT('',#4098);
#1204=VERTEX_POINT('',#4100);
#1205=VERTEX_POINT('',#4102);
#1206=VERTEX_POINT('',#4467);
#1207=VERTEX_POINT('',#4469);
#1208=VERTEX_POINT('',#4473);
#1209=VERTEX_POINT('',#4475);
#1210=VERTEX_POINT('',#4483);
#1211=VERTEX_POINT('',#4492);
#1212=VERTEX_POINT('',#4493);
#1213=VERTEX_POINT('',#4495);
#1214=VERTEX_POINT('',#4497);
#1215=VERTEX_POINT('',#4501);
#1216=VERTEX_POINT('',#4503);
#1217=VERTEX_POINT('',#4509);
#1218=VERTEX_POINT('',#4510);
#1219=VERTEX_POINT('',#4514);
#1220=VERTEX_POINT('',#4516);
#1221=VERTEX_POINT('',#4520);
#1222=VERTEX_POINT('',#4522);
#1223=VERTEX_POINT('',#4537);
#1224=VERTEX_POINT('',#4539);
#1225=VERTEX_POINT('',#4555);
#1226=VERTEX_POINT('',#4557);
#1227=VERTEX_POINT('',#4987);
#1228=VERTEX_POINT('',#4989);
#1229=VERTEX_POINT('',#5423);
#1230=EDGE_CURVE('',#1080,#1081,#1456,.T.);
#1231=EDGE_CURVE('',#1080,#1082,#599,.T.);
#1232=EDGE_CURVE('',#1083,#1082,#538,.T.);
#1233=EDGE_CURVE('',#1084,#1083,#539,.T.);
#1234=EDGE_CURVE('',#1084,#1085,#600,.T.);
#1235=EDGE_CURVE('',#1085,#1086,#540,.T.);
#1236=EDGE_CURVE('',#1086,#1081,#541,.T.);
#1237=EDGE_CURVE('',#1087,#1087,#542,.T.);
#1238=EDGE_CURVE('',#1081,#1088,#1457,.T.);
#1239=EDGE_CURVE('',#1085,#1088,#601,.T.);
#1240=EDGE_CURVE('',#1089,#1090,#118,.T.);
#1241=EDGE_CURVE('',#1090,#1091,#119,.T.);
#1242=EDGE_CURVE('',#1091,#1092,#1458,.T.);
#1243=EDGE_CURVE('',#1092,#1093,#120,.T.);
#1244=EDGE_CURVE('',#1093,#1094,#121,.T.);
#1245=EDGE_CURVE('',#1089,#1094,#1459,.T.);
#1246=EDGE_CURVE('',#1095,#1096,#122,.T.);
#1247=EDGE_CURVE('',#1097,#1095,#123,.T.);
#1248=EDGE_CURVE('',#1097,#1096,#543,.T.);
#1249=EDGE_CURVE('',#1098,#1099,#124,.T.);
#1250=EDGE_CURVE('',#1100,#1098,#125,.T.);
#1251=EDGE_CURVE('',#1100,#1099,#544,.T.);
#1252=EDGE_CURVE('',#1101,#1102,#126,.T.);
#1253=EDGE_CURVE('',#1099,#1101,#127,.T.);
#1254=EDGE_CURVE('',#1099,#1102,#545,.T.);
#1255=EDGE_CURVE('',#1103,#1104,#128,.T.);
#1256=EDGE_CURVE('',#1105,#1103,#546,.T.);
#1257=EDGE_CURVE('',#1104,#1105,#129,.T.);
#1258=EDGE_CURVE('',#1106,#1089,#130,.T.);
#1259=EDGE_CURVE('',#1090,#1106,#547,.T.);
#1260=EDGE_CURVE('',#1107,#1090,#548,.T.);
#1261=EDGE_CURVE('',#1091,#1107,#131,.T.);
#1262=EDGE_CURVE('',#1105,#1108,#132,.T.);
#1263=EDGE_CURVE('',#1106,#1105,#549,.T.);
#1264=EDGE_CURVE('',#1108,#1106,#133,.T.);
#1265=EDGE_CURVE('',#1103,#1109,#550,.T.);
#1266=EDGE_CURVE('',#1109,#1107,#551,.T.);
#1267=EDGE_CURVE('',#1110,#1110,#552,.T.);
#1268=EDGE_CURVE('',#1108,#1095,#1460,.T.);
#1269=EDGE_CURVE('',#1096,#1111,#134,.T.);
#1270=EDGE_CURVE('',#1104,#1111,#1461,.T.);
#1271=EDGE_CURVE('',#1112,#1103,#135,.T.);
#1272=EDGE_CURVE('',#1111,#1100,#136,.T.);
#1273=EDGE_CURVE('',#1112,#1098,#1462,.T.);
#1274=EDGE_CURVE('',#1113,#1109,#137,.T.);
#1275=EDGE_CURVE('',#1109,#1112,#138,.T.);
#1276=EDGE_CURVE('',#1113,#1101,#1463,.T.);
#1277=EDGE_CURVE('',#1102,#1092,#139,.T.);
#1278=EDGE_CURVE('',#1102,#1093,#553,.T.);
#1279=EDGE_CURVE('',#1096,#1100,#554,.T.);
#1280=EDGE_CURVE('',#1093,#1097,#555,.T.);
#1281=EDGE_CURVE('',#1094,#1097,#140,.T.);
#1282=EDGE_CURVE('',#1114,#1114,#556,.T.);
#1283=EDGE_CURVE('',#1082,#1115,#602,.T.);
#1284=EDGE_CURVE('',#1115,#1116,#557,.T.);
#1285=EDGE_CURVE('',#1116,#1084,#603,.T.);
#1286=EDGE_CURVE('',#1117,#1117,#558,.T.);
#1287=EDGE_CURVE('',#1118,#1118,#559,.T.);
#1288=EDGE_CURVE('',#1119,#1119,#560,.T.);
#1289=EDGE_CURVE('',#1120,#1120,#561,.T.);
#1290=EDGE_CURVE('',#1121,#1121,#562,.T.);
#1291=EDGE_CURVE('',#1122,#1122,#563,.T.);
#1292=EDGE_CURVE('',#1107,#1113,#141,.T.);
#1293=EDGE_CURVE('',#1123,#1088,#604,.T.);
#1294=EDGE_CURVE('',#1124,#1123,#1464,.T.);
#1295=EDGE_CURVE('',#1080,#1124,#605,.T.);
#1296=EDGE_CURVE('',#1124,#1115,#606,.T.);
#1297=EDGE_CURVE('',#1116,#1123,#607,.T.);
#1298=EDGE_CURVE('',#1125,#1126,#564,.T.);
#1299=EDGE_CURVE('',#1126,#1127,#1465,.T.);
#1300=EDGE_CURVE('',#1127,#1128,#565,.T.);
#1301=EDGE_CURVE('',#1128,#1125,#1466,.T.);
#1302=EDGE_CURVE('',#1129,#1128,#1467,.T.);
#1303=EDGE_CURVE('',#1129,#1130,#1468,.T.);
#1304=EDGE_CURVE('',#1130,#1125,#1469,.T.);
#1305=EDGE_CURVE('',#1131,#1127,#1470,.T.);
#1306=EDGE_CURVE('',#1132,#1131,#566,.T.);
#1307=EDGE_CURVE('',#1133,#1132,#1471,.T.);
#1308=EDGE_CURVE('',#1134,#1133,#1472,.T.);
#1309=EDGE_CURVE('',#1135,#1134,#1473,.T.);
#1310=EDGE_CURVE('',#1136,#1135,#1474,.T.);
#1311=EDGE_CURVE('',#1137,#1136,#1475,.T.);
#1312=EDGE_CURVE('',#1138,#1137,#1476,.T.);
#1313=EDGE_CURVE('',#1139,#1138,#1477,.T.);
#1314=EDGE_CURVE('',#1140,#1139,#1478,.T.);
#1315=EDGE_CURVE('',#1141,#1140,#1479,.T.);
#1316=EDGE_CURVE('',#1142,#1141,#567,.T.);
#1317=EDGE_CURVE('',#1142,#1143,#1480,.T.);
#1318=EDGE_CURVE('',#1144,#1143,#568,.T.);
#1319=EDGE_CURVE('',#1144,#1145,#1481,.T.);
#1320=EDGE_CURVE('',#1145,#1146,#1482,.T.);
#1321=EDGE_CURVE('',#1146,#1147,#1483,.T.);
#1322=EDGE_CURVE('',#1147,#1148,#1484,.T.);
#1323=EDGE_CURVE('',#1148,#1149,#1485,.T.);
#1324=EDGE_CURVE('',#1149,#1150,#1486,.T.);
#1325=EDGE_CURVE('',#1150,#1151,#1487,.T.);
#1326=EDGE_CURVE('',#1151,#1129,#1488,.T.);
#1327=EDGE_CURVE('',#1152,#1152,#569,.T.);
#1328=EDGE_CURVE('',#1153,#1153,#570,.T.);
#1329=EDGE_CURVE('',#1154,#1155,#571,.T.);
#1330=EDGE_CURVE('',#1155,#1132,#1489,.T.);
#1331=EDGE_CURVE('',#1131,#1154,#1490,.T.);
#1332=EDGE_CURVE('',#1156,#1155,#1491,.T.);
#1333=EDGE_CURVE('',#1133,#1156,#1492,.T.);
#1334=EDGE_CURVE('',#1130,#1157,#1493,.T.);
#1335=EDGE_CURVE('',#1157,#1158,#1494,.T.);
#1336=EDGE_CURVE('',#1158,#1159,#1495,.T.);
#1337=EDGE_CURVE('',#1159,#1160,#1496,.T.);
#1338=EDGE_CURVE('',#1160,#1161,#1497,.T.);
#1339=EDGE_CURVE('',#1161,#1162,#1498,.T.);
#1340=EDGE_CURVE('',#1162,#1163,#1499,.T.);
#1341=EDGE_CURVE('',#1164,#1163,#1500,.T.);
#1342=EDGE_CURVE('',#1165,#1164,#572,.T.);
#1343=EDGE_CURVE('',#1166,#1165,#1501,.T.);
#1344=EDGE_CURVE('',#1167,#1166,#573,.T.);
#1345=EDGE_CURVE('',#1167,#1168,#1502,.T.);
#1346=EDGE_CURVE('',#1169,#1168,#1503,.T.);
#1347=EDGE_CURVE('',#1170,#1169,#1504,.T.);
#1348=EDGE_CURVE('',#1171,#1170,#1505,.T.);
#1349=EDGE_CURVE('',#1172,#1171,#1506,.T.);
#1350=EDGE_CURVE('',#1173,#1172,#1507,.T.);
#1351=EDGE_CURVE('',#1174,#1173,#1508,.T.);
#1352=EDGE_CURVE('',#1156,#1174,#1509,.T.);
#1353=EDGE_CURVE('',#1154,#1126,#1510,.T.);
#1354=EDGE_CURVE('',#1175,#1175,#574,.T.);
#1355=EDGE_CURVE('',#1176,#1176,#575,.T.);
#1356=EDGE_CURVE('',#1164,#1144,#1511,.T.);
#1357=EDGE_CURVE('',#1143,#1165,#1512,.T.);
#1358=EDGE_CURVE('',#1163,#1145,#1513,.T.);
#1359=EDGE_CURVE('',#1166,#1142,#1514,.T.);
#1360=EDGE_CURVE('',#1141,#1167,#1515,.T.);
#1361=EDGE_CURVE('',#1168,#1140,#1516,.T.);
#1362=EDGE_CURVE('',#1177,#1178,#1517,.T.);
#1363=EDGE_CURVE('',#1179,#1178,#1518,.T.);
#1364=EDGE_CURVE('',#1180,#1179,#1519,.T.);
#1365=EDGE_CURVE('',#1180,#1181,#1520,.T.);
#1366=EDGE_CURVE('',#1181,#1177,#1521,.T.);
#1367=EDGE_CURVE('',#1182,#1181,#1522,.T.);
#1368=EDGE_CURVE('',#1183,#1180,#576,.T.);
#1369=EDGE_CURVE('',#1182,#1183,#1523,.T.);
#1370=EDGE_CURVE('',#1184,#1184,#577,.T.);
#1371=EDGE_CURVE('',#1185,#1182,#1524,.T.);
#1372=EDGE_CURVE('',#1183,#1186,#1525,.T.);
#1373=EDGE_CURVE('',#1187,#1186,#1526,.T.);
#1374=EDGE_CURVE('',#1187,#1185,#1527,.T.);
#1375=EDGE_CURVE('',#1188,#1188,#578,.T.);
#1376=EDGE_CURVE('',#1186,#1179,#579,.T.);
#1377=EDGE_CURVE('',#1178,#1187,#1528,.T.);
#1378=EDGE_CURVE('',#1172,#1178,#608,.T.);
#1379=EDGE_CURVE('',#1181,#1136,#609,.T.);
#1380=EDGE_CURVE('',#1172,#1136,#1529,.T.);
#1381=EDGE_CURVE('',#1171,#1187,#610,.T.);
#1382=EDGE_CURVE('',#1171,#1137,#1530,.T.);
#1383=EDGE_CURVE('',#1182,#1137,#611,.T.);
#1384=EDGE_CURVE('',#1134,#1174,#1531,.T.);
#1385=EDGE_CURVE('',#1135,#1173,#1532,.T.);
#1386=EDGE_CURVE('',#1138,#1170,#1533,.T.);
#1387=EDGE_CURVE('',#1139,#1169,#1534,.T.);
#1388=EDGE_CURVE('',#1189,#1190,#1535,.T.);
#1389=EDGE_CURVE('',#1191,#1189,#1536,.T.);
#1390=EDGE_CURVE('',#1192,#1191,#1537,.T.);
#1391=EDGE_CURVE('',#1192,#1193,#1538,.T.);
#1392=EDGE_CURVE('',#1193,#1190,#1539,.T.);
#1393=EDGE_CURVE('',#1194,#1191,#1540,.T.);
#1394=EDGE_CURVE('',#1194,#1195,#1541,.T.);
#1395=EDGE_CURVE('',#1195,#1192,#580,.T.);
#1396=EDGE_CURVE('',#1196,#1196,#581,.T.);
#1397=EDGE_CURVE('',#1197,#1194,#1542,.T.);
#1398=EDGE_CURVE('',#1198,#1197,#1543,.T.);
#1399=EDGE_CURVE('',#1198,#1199,#1544,.T.);
#1400=EDGE_CURVE('',#1195,#1199,#1545,.T.);
#1401=EDGE_CURVE('',#1200,#1200,#582,.T.);
#1402=EDGE_CURVE('',#1199,#1193,#583,.T.);
#1403=EDGE_CURVE('',#1190,#1198,#1546,.T.);
#1404=EDGE_CURVE('',#1159,#1190,#612,.T.);
#1405=EDGE_CURVE('',#1159,#1149,#1547,.T.);
#1406=EDGE_CURVE('',#1191,#1149,#613,.T.);
#1407=EDGE_CURVE('',#1160,#1198,#614,.T.);
#1408=EDGE_CURVE('',#1194,#1148,#615,.T.);
#1409=EDGE_CURVE('',#1160,#1148,#1548,.T.);
#1410=EDGE_CURVE('',#1151,#1157,#1549,.T.);
#1411=EDGE_CURVE('',#1150,#1158,#1550,.T.);
#1412=EDGE_CURVE('',#1147,#1161,#1551,.T.);
#1413=EDGE_CURVE('',#1146,#1162,#1552,.T.);
#1414=EDGE_CURVE('',#1201,#1202,#616,.T.);
#1415=EDGE_CURVE('',#1201,#1203,#1553,.T.);
#1416=EDGE_CURVE('',#1203,#1204,#584,.T.);
#1417=EDGE_CURVE('',#1204,#1205,#585,.T.);
#1418=EDGE_CURVE('',#1206,#1205,#617,.T.);
#1419=EDGE_CURVE('',#1207,#1206,#586,.T.);
#1420=EDGE_CURVE('',#1202,#1207,#587,.T.);
#1421=EDGE_CURVE('',#1208,#1208,#588,.T.);
#1422=EDGE_CURVE('',#1203,#1209,#1554,.T.);
#1423=EDGE_CURVE('',#1210,#1209,#618,.T.);
#1424=EDGE_CURVE('',#1205,#1210,#619,.T.);
#1425=EDGE_CURVE('',#1211,#1212,#1555,.T.);
#1426=EDGE_CURVE('',#1213,#1211,#1556,.T.);
#1427=EDGE_CURVE('',#1214,#1213,#1557,.T.);
#1428=EDGE_CURVE('',#1215,#1214,#142,.T.);
#1429=EDGE_CURVE('',#1216,#1215,#1558,.T.);
#1430=EDGE_CURVE('',#1212,#1216,#143,.T.);
#1431=EDGE_CURVE('',#1217,#1218,#1559,.T.);
#1432=EDGE_CURVE('',#1219,#1217,#144,.T.);
#1433=EDGE_CURVE('',#1220,#1219,#1560,.T.);
#1434=EDGE_CURVE('',#1221,#1220,#145,.T.);
#1435=EDGE_CURVE('',#1222,#1221,#1561,.T.);
#1436=EDGE_CURVE('',#1218,#1222,#1562,.T.);
#1437=EDGE_CURVE('',#1218,#1211,#589,.T.);
#1438=EDGE_CURVE('',#1213,#1222,#590,.T.);
#1439=EDGE_CURVE('',#1221,#1217,#591,.T.);
#1440=EDGE_CURVE('',#1220,#1219,#592,.T.);
#1441=EDGE_CURVE('',#1216,#1215,#593,.T.);
#1442=EDGE_CURVE('',#1212,#1214,#594,.T.);
#1443=EDGE_CURVE('',#1223,#1223,#595,.T.);
#1444=EDGE_CURVE('',#1224,#1224,#596,.T.);
#1445=EDGE_CURVE('',#1225,#1206,#620,.T.);
#1446=EDGE_CURVE('',#1226,#1225,#597,.T.);
#1447=EDGE_CURVE('',#1202,#1226,#621,.T.);
#1448=EDGE_CURVE('',#1225,#1226,#598,.T.);
#1449=EDGE_CURVE('',#1225,#1227,#622,.T.);
#1450=EDGE_CURVE('',#1228,#1227,#1563,.T.);
#1451=EDGE_CURVE('',#1228,#1226,#623,.T.);
#1452=EDGE_CURVE('',#1210,#1229,#624,.T.);
#1453=EDGE_CURVE('',#1229,#1227,#625,.T.);
#1454=EDGE_CURVE('',#1228,#1201,#626,.T.);
#1455=EDGE_CURVE('',#1209,#1229,#627,.T.);
#1456=LINE('',#2237,#1564);
#1457=LINE('',#2536,#1565);
#1458=LINE('',#2552,#1566);
#1459=LINE('',#2562,#1567);
#1460=LINE('',#2634,#1568);
#1461=LINE('',#2639,#1569);
#1462=LINE('',#2648,#1570);
#1463=LINE('',#2657,#1571);
#1464=LINE('',#2750,#1572);
#1465=LINE('',#3239,#1573);
#1466=LINE('',#3243,#1574);
#1467=LINE('',#3245,#1575);
#1468=LINE('',#3247,#1576);
#1469=LINE('',#3249,#1577);
#1470=LINE('',#3251,#1578);
#1471=LINE('',#3255,#1579);
#1472=LINE('',#3257,#1580);
#1473=LINE('',#3259,#1581);
#1474=LINE('',#3261,#1582);
#1475=LINE('',#3263,#1583);
#1476=LINE('',#3265,#1584);
#1477=LINE('',#3267,#1585);
#1478=LINE('',#3269,#1586);
#1479=LINE('',#3271,#1587);
#1480=LINE('',#3275,#1588);
#1481=LINE('',#3279,#1589);
#1482=LINE('',#3281,#1590);
#1483=LINE('',#3283,#1591);
#1484=LINE('',#3285,#1592);
#1485=LINE('',#3287,#1593);
#1486=LINE('',#3289,#1594);
#1487=LINE('',#3291,#1595);
#1488=LINE('',#3293,#1596);
#1489=LINE('',#3302,#1597);
#1490=LINE('',#3303,#1598);
#1491=LINE('',#3305,#1599);
#1492=LINE('',#3307,#1600);
#1493=LINE('',#3309,#1601);
#1494=LINE('',#3311,#1602);
#1495=LINE('',#3313,#1603);
#1496=LINE('',#3315,#1604);
#1497=LINE('',#3317,#1605);
#1498=LINE('',#3319,#1606);
#1499=LINE('',#3321,#1607);
#1500=LINE('',#3323,#1608);
#1501=LINE('',#3327,#1609);
#1502=LINE('',#3331,#1610);
#1503=LINE('',#3333,#1611);
#1504=LINE('',#3335,#1612);
#1505=LINE('',#3337,#1613);
#1506=LINE('',#3339,#1614);
#1507=LINE('',#3341,#1615);
#1508=LINE('',#3343,#1616);
#1509=LINE('',#3345,#1617);
#1510=LINE('',#3346,#1618);
#1511=LINE('',#3352,#1619);
#1512=LINE('',#3353,#1620);
#1513=LINE('',#3355,#1621);
#1514=LINE('',#3357,#1622);
#1515=LINE('',#3358,#1623);
#1516=LINE('',#3360,#1624);
#1517=LINE('',#3364,#1625);
#1518=LINE('',#3367,#1626);
#1519=LINE('',#3369,#1627);
#1520=LINE('',#3371,#1628);
#1521=LINE('',#3373,#1629);
#1522=LINE('',#3375,#1630);
#1523=LINE('',#3379,#1631);
#1524=LINE('',#3383,#1632);
#1525=LINE('',#3385,#1633);
#1526=LINE('',#3387,#1634);
#1527=LINE('',#3389,#1635);
#1528=LINE('',#3396,#1636);
#1529=LINE('',#3436,#1637);
#1530=LINE('',#3504,#1638);
#1531=LINE('',#3559,#1639);
#1532=LINE('',#3561,#1640);
#1533=LINE('',#3564,#1641);
#1534=LINE('',#3566,#1642);
#1535=LINE('',#3569,#1643);
#1536=LINE('',#3572,#1644);
#1537=LINE('',#3574,#1645);
#1538=LINE('',#3576,#1646);
#1539=LINE('',#3578,#1647);
#1540=LINE('',#3580,#1648);
#1541=LINE('',#3582,#1649);
#1542=LINE('',#3588,#1650);
#1543=LINE('',#3590,#1651);
#1544=LINE('',#3592,#1652);
#1545=LINE('',#3594,#1653);
#1546=LINE('',#3601,#1654);
#1547=LINE('',#3622,#1655);
#1548=LINE('',#3725,#1656);
#1549=LINE('',#3764,#1657);
#1550=LINE('',#3766,#1658);
#1551=LINE('',#3769,#1659);
#1552=LINE('',#3771,#1660);
#1553=LINE('',#4097,#1661);
#1554=LINE('',#4474,#1662);
#1555=LINE('',#4491,#1663);
#1556=LINE('',#4494,#1664);
#1557=LINE('',#4496,#1665);
#1558=LINE('',#4502,#1666);
#1559=LINE('',#4508,#1667);
#1560=LINE('',#4515,#1668);
#1561=LINE('',#4521,#1669);
#1562=LINE('',#4523,#1670);
#1563=LINE('',#4988,#1671);
#1564=VECTOR('',#1826,1.);
#1565=VECTOR('',#1839,1.);
#1566=VECTOR('',#1842,1.);
#1567=VECTOR('',#1843,1.);
#1568=VECTOR('',#1882,1.);
#1569=VECTOR('',#1883,1.);
#1570=VECTOR('',#1886,1.);
#1571=VECTOR('',#1889,1.);
#1572=VECTOR('',#1946,1.);
#1573=VECTOR('',#1953,1.);
#1574=VECTOR('',#1956,1.);
#1575=VECTOR('',#1959,1.);
#1576=VECTOR('',#1960,1.);
#1577=VECTOR('',#1961,1.);
#1578=VECTOR('',#1964,1.);
#1579=VECTOR('',#1967,1.);
#1580=VECTOR('',#1968,1.);
#1581=VECTOR('',#1969,1.);
#1582=VECTOR('',#1970,1.);
#1583=VECTOR('',#1971,1.);
#1584=VECTOR('',#1972,1.);
#1585=VECTOR('',#1973,1.);
#1586=VECTOR('',#1974,1.);
#1587=VECTOR('',#1975,1.);
#1588=VECTOR('',#1978,1.);
#1589=VECTOR('',#1981,1.);
#1590=VECTOR('',#1982,1.);
#1591=VECTOR('',#1983,1.);
#1592=VECTOR('',#1984,1.);
#1593=VECTOR('',#1985,1.);
#1594=VECTOR('',#1986,1.);
#1595=VECTOR('',#1987,1.);
#1596=VECTOR('',#1988,1.);
#1597=VECTOR('',#1997,1.);
#1598=VECTOR('',#1998,1.);
#1599=VECTOR('',#2001,1.);
#1600=VECTOR('',#2002,1.);
#1601=VECTOR('',#2005,1.);
#1602=VECTOR('',#2006,1.);
#1603=VECTOR('',#2007,1.);
#1604=VECTOR('',#2008,1.);
#1605=VECTOR('',#2009,1.);
#1606=VECTOR('',#2010,1.);
#1607=VECTOR('',#2011,1.);
#1608=VECTOR('',#2012,1.);
#1609=VECTOR('',#2015,1.);
#1610=VECTOR('',#2018,1.);
#1611=VECTOR('',#2019,1.);
#1612=VECTOR('',#2020,1.);
#1613=VECTOR('',#2021,1.);
#1614=VECTOR('',#2022,1.);
#1615=VECTOR('',#2023,1.);
#1616=VECTOR('',#2024,1.);
#1617=VECTOR('',#2025,1.);
#1618=VECTOR('',#2026,1.);
#1619=VECTOR('',#2033,1.);
#1620=VECTOR('',#2034,1.);
#1621=VECTOR('',#2037,1.);
#1622=VECTOR('',#2040,1.);
#1623=VECTOR('',#2041,1.);
#1624=VECTOR('',#2044,1.);
#1625=VECTOR('',#2051,1.);
#1626=VECTOR('',#2052,1.);
#1627=VECTOR('',#2053,1.);
#1628=VECTOR('',#2054,1.);
#1629=VECTOR('',#2055,1.);
#1630=VECTOR('',#2058,1.);
#1631=VECTOR('',#2061,1.);
#1632=VECTOR('',#2066,1.);
#1633=VECTOR('',#2067,1.);
#1634=VECTOR('',#2068,1.);
#1635=VECTOR('',#2069,1.);
#1636=VECTOR('',#2080,1.);
#1637=VECTOR('',#2083,1.);
#1638=VECTOR('',#2084,1.);
#1639=VECTOR('',#2089,1.);
#1640=VECTOR('',#2092,1.);
#1641=VECTOR('',#2097,1.);
#1642=VECTOR('',#2100,1.);
#1643=VECTOR('',#2105,1.);
#1644=VECTOR('',#2106,1.);
#1645=VECTOR('',#2107,1.);
#1646=VECTOR('',#2108,1.);
#1647=VECTOR('',#2109,1.);
#1648=VECTOR('',#2112,1.);
#1649=VECTOR('',#2113,1.);
#1650=VECTOR('',#2120,1.);
#1651=VECTOR('',#2121,1.);
#1652=VECTOR('',#2122,1.);
#1653=VECTOR('',#2123,1.);
#1654=VECTOR('',#2134,1.);
#1655=VECTOR('',#2137,1.);
#1656=VECTOR('',#2138,1.);
#1657=VECTOR('',#2143,1.);
#1658=VECTOR('',#2146,1.);
#1659=VECTOR('',#2151,1.);
#1660=VECTOR('',#2154,1.);
#1661=VECTOR('',#2163,1.);
#1662=VECTOR('',#2176,1.);
#1663=VECTOR('',#2179,1.);
#1664=VECTOR('',#2180,1.);
#1665=VECTOR('',#2181,1.);
#1666=VECTOR('',#2182,1.);
#1667=VECTOR('',#2185,1.);
#1668=VECTOR('',#2186,1.);
#1669=VECTOR('',#2187,1.);
#1670=VECTOR('',#2188,1.);
#1671=VECTOR('',#2231,1.);
#1672=AXIS2_PLACEMENT_3D('',#2236,#1824,#1825);
#1673=AXIS2_PLACEMENT_3D('',#2359,#1827,#1828);
#1674=AXIS2_PLACEMENT_3D('',#2361,#1829,#1830);
#1675=AXIS2_PLACEMENT_3D('',#2530,#1831,#1832);
#1676=AXIS2_PLACEMENT_3D('',#2532,#1833,#1834);
#1677=AXIS2_PLACEMENT_3D('',#2533,#1835,#1836);
#1678=AXIS2_PLACEMENT_3D('',#2534,#1837,#1838);
#1679=AXIS2_PLACEMENT_3D('',#2542,#1840,#1841);
#1680=AXIS2_PLACEMENT_3D('',#2563,#1844,#1845);
#1681=AXIS2_PLACEMENT_3D('',#2573,#1846,#1847);
#1682=AXIS2_PLACEMENT_3D('',#2574,#1848,#1849);
#1683=AXIS2_PLACEMENT_3D('',#2584,#1850,#1851);
#1684=AXIS2_PLACEMENT_3D('',#2585,#1852,#1853);
#1685=AXIS2_PLACEMENT_3D('',#2594,#1854,#1855);
#1686=AXIS2_PLACEMENT_3D('',#2595,#1856,#1857);
#1687=AXIS2_PLACEMENT_3D('',#2601,#1858,#1859);
#1688=AXIS2_PLACEMENT_3D('',#2606,#1860,#1861);
#1689=AXIS2_PLACEMENT_3D('',#2611,#1862,#1863);
#1690=AXIS2_PLACEMENT_3D('',#2612,#1864,#1865);
#1691=AXIS2_PLACEMENT_3D('',#2613,#1866,#1867);
#1692=AXIS2_PLACEMENT_3D('',#2618,#1868,#1869);
#1693=AXIS2_PLACEMENT_3D('',#2623,#1870,#1871);
#1694=AXIS2_PLACEMENT_3D('',#2627,#1872,#1873);
#1695=AXIS2_PLACEMENT_3D('',#2628,#1874,#1875);
#1696=AXIS2_PLACEMENT_3D('',#2630,#1876,#1877);
#1697=AXIS2_PLACEMENT_3D('',#2631,#1878,#1879);
#1698=AXIS2_PLACEMENT_3D('',#2633,#1880,#1881);
#1699=AXIS2_PLACEMENT_3D('',#2640,#1884,#1885);
#1700=AXIS2_PLACEMENT_3D('',#2649,#1887,#1888);
#1701=AXIS2_PLACEMENT_3D('',#2658,#1890,#1891);
#1702=AXIS2_PLACEMENT_3D('',#2662,#1892,#1893);
#1703=AXIS2_PLACEMENT_3D('',#2663,#1894,#1895);
#1704=AXIS2_PLACEMENT_3D('',#2664,#1896,#1897);
#1705=AXIS2_PLACEMENT_3D('',#2665,#1898,#1899);
#1706=AXIS2_PLACEMENT_3D('',#2666,#1900,#1901);
#1707=AXIS2_PLACEMENT_3D('',#2670,#1902,#1903);
#1708=AXIS2_PLACEMENT_3D('',#2671,#1904,#1905);
#1709=AXIS2_PLACEMENT_3D('',#2673,#1906,#1907);
#1710=AXIS2_PLACEMENT_3D('',#2712,#1908,#1909);
#1711=AXIS2_PLACEMENT_3D('',#2720,#1910,#1911);
#1712=AXIS2_PLACEMENT_3D('',#2721,#1912,#1913);
#1713=AXIS2_PLACEMENT_3D('',#2723,#1914,#1915);
#1714=AXIS2_PLACEMENT_3D('',#2724,#1916,#1917);
#1715=AXIS2_PLACEMENT_3D('',#2726,#1918,#1919);
#1716=AXIS2_PLACEMENT_3D('',#2727,#1920,#1921);
#1717=AXIS2_PLACEMENT_3D('',#2729,#1922,#1923);
#1718=AXIS2_PLACEMENT_3D('',#2730,#1924,#1925);
#1719=AXIS2_PLACEMENT_3D('',#2732,#1926,#1927);
#1720=AXIS2_PLACEMENT_3D('',#2733,#1928,#1929);
#1721=AXIS2_PLACEMENT_3D('',#2735,#1930,#1931);
#1722=AXIS2_PLACEMENT_3D('',#2736,#1932,#1933);
#1723=AXIS2_PLACEMENT_3D('',#2738,#1934,#1935);
#1724=AXIS2_PLACEMENT_3D('',#2739,#1936,#1937);
#1725=AXIS2_PLACEMENT_3D('',#2743,#1938,#1939);
#1726=AXIS2_PLACEMENT_3D('',#2744,#1940,#1941);
#1727=AXIS2_PLACEMENT_3D('',#2745,#1942,#1943);
#1728=AXIS2_PLACEMENT_3D('',#2746,#1944,#1945);
#1729=AXIS2_PLACEMENT_3D('',#2754,#1947,#1948);
#1730=AXIS2_PLACEMENT_3D('',#3075,#1949,#1950);
#1731=AXIS2_PLACEMENT_3D('',#3236,#1951,#1952);
#1732=AXIS2_PLACEMENT_3D('',#3241,#1954,#1955);
#1733=AXIS2_PLACEMENT_3D('',#3244,#1957,#1958);
#1734=AXIS2_PLACEMENT_3D('',#3250,#1962,#1963);
#1735=AXIS2_PLACEMENT_3D('',#3253,#1965,#1966);
#1736=AXIS2_PLACEMENT_3D('',#3273,#1976,#1977);
#1737=AXIS2_PLACEMENT_3D('',#3277,#1979,#1980);
#1738=AXIS2_PLACEMENT_3D('',#3294,#1989,#1990);
#1739=AXIS2_PLACEMENT_3D('',#3296,#1991,#1992);
#1740=AXIS2_PLACEMENT_3D('',#3298,#1993,#1994);
#1741=AXIS2_PLACEMENT_3D('',#3299,#1995,#1996);
#1742=AXIS2_PLACEMENT_3D('',#3304,#1999,#2000);
#1743=AXIS2_PLACEMENT_3D('',#3308,#2003,#2004);
#1744=AXIS2_PLACEMENT_3D('',#3325,#2013,#2014);
#1745=AXIS2_PLACEMENT_3D('',#3329,#2016,#2017);
#1746=AXIS2_PLACEMENT_3D('',#3347,#2027,#2028);
#1747=AXIS2_PLACEMENT_3D('',#3349,#2029,#2030);
#1748=AXIS2_PLACEMENT_3D('',#3351,#2031,#2032);
#1749=AXIS2_PLACEMENT_3D('',#3354,#2035,#2036);
#1750=AXIS2_PLACEMENT_3D('',#3356,#2038,#2039);
#1751=AXIS2_PLACEMENT_3D('',#3359,#2042,#2043);
#1752=AXIS2_PLACEMENT_3D('',#3361,#2045,#2046);
#1753=AXIS2_PLACEMENT_3D('',#3362,#2047,#2048);
#1754=AXIS2_PLACEMENT_3D('',#3363,#2049,#2050);
#1755=AXIS2_PLACEMENT_3D('',#3374,#2056,#2057);
#1756=AXIS2_PLACEMENT_3D('',#3377,#2059,#2060);
#1757=AXIS2_PLACEMENT_3D('',#3380,#2062,#2063);
#1758=AXIS2_PLACEMENT_3D('',#3382,#2064,#2065);
#1759=AXIS2_PLACEMENT_3D('',#3390,#2070,#2071);
#1760=AXIS2_PLACEMENT_3D('',#3391,#2072,#2073);
#1761=AXIS2_PLACEMENT_3D('',#3393,#2074,#2075);
#1762=AXIS2_PLACEMENT_3D('',#3394,#2076,#2077);
#1763=AXIS2_PLACEMENT_3D('',#3395,#2078,#2079);
#1764=AXIS2_PLACEMENT_3D('',#3397,#2081,#2082);
#1765=AXIS2_PLACEMENT_3D('',#3557,#2085,#2086);
#1766=AXIS2_PLACEMENT_3D('',#3558,#2087,#2088);
#1767=AXIS2_PLACEMENT_3D('',#3560,#2090,#2091);
#1768=AXIS2_PLACEMENT_3D('',#3562,#2093,#2094);
#1769=AXIS2_PLACEMENT_3D('',#3563,#2095,#2096);
#1770=AXIS2_PLACEMENT_3D('',#3565,#2098,#2099);
#1771=AXIS2_PLACEMENT_3D('',#3567,#2101,#2102);
#1772=AXIS2_PLACEMENT_3D('',#3568,#2103,#2104);
#1773=AXIS2_PLACEMENT_3D('',#3579,#2110,#2111);
#1774=AXIS2_PLACEMENT_3D('',#3584,#2114,#2115);
#1775=AXIS2_PLACEMENT_3D('',#3585,#2116,#2117);
#1776=AXIS2_PLACEMENT_3D('',#3587,#2118,#2119);
#1777=AXIS2_PLACEMENT_3D('',#3595,#2124,#2125);
#1778=AXIS2_PLACEMENT_3D('',#3596,#2126,#2127);
#1779=AXIS2_PLACEMENT_3D('',#3598,#2128,#2129);
#1780=AXIS2_PLACEMENT_3D('',#3599,#2130,#2131);
#1781=AXIS2_PLACEMENT_3D('',#3600,#2132,#2133);
#1782=AXIS2_PLACEMENT_3D('',#3602,#2135,#2136);
#1783=AXIS2_PLACEMENT_3D('',#3762,#2139,#2140);
#1784=AXIS2_PLACEMENT_3D('',#3763,#2141,#2142);
#1785=AXIS2_PLACEMENT_3D('',#3765,#2144,#2145);
#1786=AXIS2_PLACEMENT_3D('',#3767,#2147,#2148);
#1787=AXIS2_PLACEMENT_3D('',#3768,#2149,#2150);
#1788=AXIS2_PLACEMENT_3D('',#3770,#2152,#2153);
#1789=AXIS2_PLACEMENT_3D('',#3772,#2155,#2156);
#1790=AXIS2_PLACEMENT_3D('',#3773,#2157,#2158);
#1791=AXIS2_PLACEMENT_3D('',#3774,#2159,#2160);
#1792=AXIS2_PLACEMENT_3D('',#3775,#2161,#2162);
#1793=AXIS2_PLACEMENT_3D('',#4099,#2164,#2165);
#1794=AXIS2_PLACEMENT_3D('',#4101,#2166,#2167);
#1795=AXIS2_PLACEMENT_3D('',#4468,#2168,#2169);
#1796=AXIS2_PLACEMENT_3D('',#4470,#2170,#2171);
#1797=AXIS2_PLACEMENT_3D('',#4471,#2172,#2173);
#1798=AXIS2_PLACEMENT_3D('',#4472,#2174,#2175);
#1799=AXIS2_PLACEMENT_3D('',#4490,#2177,#2178);
#1800=AXIS2_PLACEMENT_3D('',#4507,#2183,#2184);
#1801=AXIS2_PLACEMENT_3D('',#4524,#2189,#2190);
#1802=AXIS2_PLACEMENT_3D('',#4525,#2191,#2192);
#1803=AXIS2_PLACEMENT_3D('',#4526,#2193,#2194);
#1804=AXIS2_PLACEMENT_3D('',#4527,#2195,#2196);
#1805=AXIS2_PLACEMENT_3D('',#4528,#2197,#2198);
#1806=AXIS2_PLACEMENT_3D('',#4529,#2199,#2200);
#1807=AXIS2_PLACEMENT_3D('',#4530,#2201,#2202);
#1808=AXIS2_PLACEMENT_3D('',#4531,#2203,#2204);
#1809=AXIS2_PLACEMENT_3D('',#4532,#2205,#2206);
#1810=AXIS2_PLACEMENT_3D('',#4533,#2207,#2208);
#1811=AXIS2_PLACEMENT_3D('',#4534,#2209,#2210);
#1812=AXIS2_PLACEMENT_3D('',#4535,#2211,#2212);
#1813=AXIS2_PLACEMENT_3D('',#4536,#2213,#2214);
#1814=AXIS2_PLACEMENT_3D('',#4538,#2215,#2216);
#1815=AXIS2_PLACEMENT_3D('',#4540,#2217,#2218);
#1816=AXIS2_PLACEMENT_3D('',#4541,#2219,#2220);
#1817=AXIS2_PLACEMENT_3D('',#4556,#2221,#2222);
#1818=AXIS2_PLACEMENT_3D('',#4604,#2223,#2224);
#1819=AXIS2_PLACEMENT_3D('',#4605,#2225,#2226);
#1820=AXIS2_PLACEMENT_3D('',#4606,#2227,#2228);
#1821=AXIS2_PLACEMENT_3D('',#4607,#2229,#2230);
#1822=AXIS2_PLACEMENT_3D('',#5354,#2232,#2233);
#1823=AXIS2_PLACEMENT_3D('',#5566,#2234,#2235);
#1824=DIRECTION('',(0.,0.,1.));
#1825=DIRECTION('',(1.,0.,0.));
#1826=DIRECTION('',(1.62838290565089E-17,-1.,-5.90274204748355E-17));
#1827=DIRECTION('',(1.62838290565089E-17,-1.,-5.90274204748355E-17));
#1828=DIRECTION('',(-0.265935109908365,0.,0.963990932176245));
#1829=DIRECTION('',(1.62838290565089E-17,-1.,-5.90274204748355E-17));
#1830=DIRECTION('',(-0.265935109908365,0.,0.963990932176245));
#1831=DIRECTION('',(1.62838290565089E-17,-1.,-5.90274204748355E-17));
#1832=DIRECTION('',(-0.265935109908365,0.,0.963990932176245));
#1833=DIRECTION('',(1.62838290565089E-17,-1.,-5.90274204748355E-17));
#1834=DIRECTION('',(-0.265935109908365,0.,0.963990932176245));
#1835=DIRECTION('',(-1.62838290565089E-17,1.,5.90274204748355E-17));
#1836=DIRECTION('',(0.265935109908365,0.,-0.963990932176245));
#1837=DIRECTION('',(1.62838290565089E-17,-1.,-5.90274204748356E-17));
#1838=DIRECTION('',(-0.265935109908365,0.,0.963990932176245));
#1839=DIRECTION('',(0.0864000760203193,-0.499999999997054,0.861704721390471));
#1840=DIRECTION('',(1.62838290565089E-17,-1.,-5.90274204748355E-17));
#1841=DIRECTION('',(0.265935109908365,-1.20014816990146E-17,-0.963990932176245));
#1842=DIRECTION('',(0.,1.,0.));
#1843=DIRECTION('',(0.,1.,0.));
#1844=DIRECTION('',(0.963990932176245,0.,0.265935109908365));
#1845=DIRECTION('',(0.,-1.,0.));
#1846=DIRECTION('',(1.62838290565089E-17,-1.,-5.90274204748356E-17));
#1847=DIRECTION('',(-0.265935109908365,0.,0.963990932176245));
#1848=DIRECTION('',(1.62838290565089E-17,-1.,-5.90274204748355E-17));
#1849=DIRECTION('',(0.265935109908365,4.9861247754747E-18,-0.963990932176245));
#1850=DIRECTION('',(1.62838290565089E-17,-1.,-5.90274204748356E-17));
#1851=DIRECTION('',(-0.265935109908365,0.,0.963990932176245));
#1852=DIRECTION('',(1.62838290565089E-17,-1.,-5.90274204748355E-17));
#1853=DIRECTION('',(0.265935109908365,4.9861247754747E-18,-0.963990932176245));
#1854=DIRECTION('',(1.62838290565089E-17,-1.,-5.90274204748356E-17));
#1855=DIRECTION('',(-0.265935109908365,0.,0.963990932176245));
#1856=DIRECTION('',(1.62838290565089E-17,-1.,-5.90274204748355E-17));
#1857=DIRECTION('',(0.265935109908365,4.9861247754747E-18,-0.963990932176245));
#1858=DIRECTION('',(1.62838290565089E-17,-1.,-5.90274204748356E-17));
#1859=DIRECTION('',(-0.265935109908365,0.,0.963990932176245));
#1860=DIRECTION('',(-1.62838290565089E-17,1.,5.90274204748356E-17));
#1861=DIRECTION('',(-0.265935109908365,-4.09450674698655E-17,0.963990932176245));
#1862=DIRECTION('',(1.62838290565089E-17,-1.,-5.90274204748356E-17));
#1863=DIRECTION('',(-0.265935109908365,0.,0.963990932176245));
#1864=DIRECTION('',(-1.62838290565089E-17,1.,5.90274204748356E-17));
#1865=DIRECTION('',(-0.265935109908365,-4.09450674698655E-17,0.963990932176245));
#1866=DIRECTION('',(1.62838290565089E-17,-1.,-5.90274204748356E-17));
#1867=DIRECTION('',(-0.265935109908365,0.,0.963990932176245));
#1868=DIRECTION('',(-1.62838290565089E-17,1.,5.90274204748356E-17));
#1869=DIRECTION('',(-0.265935109908365,-4.09450674698655E-17,0.963990932176245));
#1870=DIRECTION('',(1.62838290565089E-17,-1.,-5.90274204748356E-17));
#1871=DIRECTION('',(-0.265935109908365,0.,0.963990932176245));
#1872=DIRECTION('',(-1.62838290565089E-17,1.,5.90274204748356E-17));
#1873=DIRECTION('',(-0.265935109908365,-4.09450674698655E-17,0.963990932176245));
#1874=DIRECTION('',(1.62838290565089E-17,-1.,-5.90274204748356E-17));
#1875=DIRECTION('',(-0.265935109908365,0.,0.963990932176245));
#1876=DIRECTION('',(1.62838290565089E-17,-1.,-5.90274204748356E-17));
#1877=DIRECTION('',(-0.265935109908365,0.,0.963990932176245));
#1878=DIRECTION('',(1.62838290565089E-17,-1.,-5.90274204748356E-17));
#1879=DIRECTION('',(-0.265935109908365,0.,0.963990932176245));
#1880=DIRECTION('',(-1.62838290565089E-17,1.,5.90274204748356E-17));
#1881=DIRECTION('',(0.265935109908365,0.,-0.963990932176245));
#1882=DIRECTION('',(0.,1.,0.));
#1883=DIRECTION('',(0.,1.,0.));
#1884=DIRECTION('',(-0.712302027026973,0.,0.701873081328288));
#1885=DIRECTION('',(0.701873081328288,0.,0.712302027026973));
#1886=DIRECTION('',(0.,1.,0.));
#1887=DIRECTION('',(-0.963990932176245,0.,-0.265935109908365));
#1888=DIRECTION('',(0.,1.,0.));
#1889=DIRECTION('',(0.,1.,0.));
#1890=DIRECTION('',(-0.251688905149271,0.,-0.967808191236653));
#1891=DIRECTION('',(-0.967808191236653,0.,0.251688905149271));
#1892=DIRECTION('',(1.62838290565089E-17,-1.,-5.90274204748356E-17));
#1893=DIRECTION('',(-0.265935109908365,0.,0.963990932176245));
#1894=DIRECTION('',(1.62838290565089E-17,-1.,-5.90274204748355E-17));
#1895=DIRECTION('',(0.265935109908365,4.9861247754747E-18,-0.963990932176245));
#1896=DIRECTION('',(1.62838290565089E-17,-1.,-5.90274204748356E-17));
#1897=DIRECTION('',(-0.265935109908365,0.,0.963990932176245));
#1898=DIRECTION('',(1.62838290565089E-17,-1.,-5.90274204748355E-17));
#1899=DIRECTION('',(0.265935109908365,4.9861247754747E-18,-0.963990932176245));
#1900=DIRECTION('',(1.62838290565089E-17,-1.,-5.90274204748356E-17));
#1901=DIRECTION('',(-0.265935109908365,0.,0.963990932176245));
#1902=DIRECTION('',(1.62838290565089E-17,-1.,-5.90274204748355E-17));
#1903=DIRECTION('',(0.265935109908365,4.9861247754747E-18,-0.963990932176245));
#1904=DIRECTION('',(1.62838290565089E-17,-1.,-5.90274204748356E-17));
#1905=DIRECTION('',(-0.265935109908365,0.,0.963990932176245));
#1906=DIRECTION('',(-1.62838290565089E-17,1.,5.90274204748356E-17));
#1907=DIRECTION('',(-0.265935109908365,-6.07153216591882E-17,0.963990932176245));
#1908=DIRECTION('',(1.62838290565089E-17,-1.,-5.90274204748356E-17));
#1909=DIRECTION('',(0.265935109908365,0.,-0.963990932176245));
#1910=DIRECTION('',(-1.62838290565089E-17,1.,5.90274204748356E-17));
#1911=DIRECTION('',(-0.265935109908365,-6.79724802126502E-17,0.963990932176245));
#1912=DIRECTION('',(1.62838290565089E-17,-1.,-5.90274204748356E-17));
#1913=DIRECTION('',(-0.265935109908365,0.,0.963990932176245));
#1914=DIRECTION('',(-1.62838290565089E-17,1.,5.90274204748356E-17));
#1915=DIRECTION('',(0.265935109908365,0.,-0.963990932176245));
#1916=DIRECTION('',(1.62838290565089E-17,-1.,-5.90274204748355E-17));
#1917=DIRECTION('',(-0.265935109908365,0.,0.963990932176245));
#1918=DIRECTION('',(-1.62838290565089E-17,1.,5.90274204748356E-17));
#1919=DIRECTION('',(-0.265935109908365,-6.07153216591882E-17,0.963990932176245));
#1920=DIRECTION('',(1.62838290565089E-17,-1.,-5.90274204748355E-17));
#1921=DIRECTION('',(-0.265935109908365,0.,0.963990932176245));
#1922=DIRECTION('',(-1.62838290565089E-17,1.,5.90274204748355E-17));
#1923=DIRECTION('',(0.265935109908365,0.,-0.963990932176245));
#1924=DIRECTION('',(1.62838290565089E-17,-1.,-5.90274204748356E-17));
#1925=DIRECTION('',(-0.265935109908365,0.,0.963990932176245));
#1926=DIRECTION('',(1.62838290565089E-17,-1.,-5.90274204748356E-17));
#1927=DIRECTION('',(0.265935109908365,6.07153216591882E-17,-0.963990932176245));
#1928=DIRECTION('',(1.62838290565089E-17,-1.,-5.90274204748356E-17));
#1929=DIRECTION('',(-0.265935109908365,0.,0.963990932176245));
#1930=DIRECTION('',(-1.62838290565089E-17,1.,5.90274204748356E-17));
#1931=DIRECTION('',(0.265935109908365,0.,-0.963990932176245));
#1932=DIRECTION('',(1.62838290565089E-17,-1.,-5.90274204748356E-17));
#1933=DIRECTION('',(-0.265935109908365,0.,0.963990932176245));
#1934=DIRECTION('',(1.62838290565089E-17,-1.,-5.90274204748356E-17));
#1935=DIRECTION('',(0.265935109908365,6.07153216591882E-17,-0.963990932176245));
#1936=DIRECTION('',(1.62838290565089E-17,-1.,-5.90274204748356E-17));
#1937=DIRECTION('',(0.265935109908365,0.,-0.963990932176245));
#1938=DIRECTION('',(-1.62838290565089E-17,1.,5.90274204748356E-17));
#1939=DIRECTION('',(-0.265935109908365,-4.09450674698655E-17,0.963990932176245));
#1940=DIRECTION('',(-1.62838290565089E-17,1.,5.90274204748356E-17));
#1941=DIRECTION('',(-0.265935109908365,-4.09450674698655E-17,0.963990932176245));
#1942=DIRECTION('',(0.712302027026973,0.,-0.701873081328288));
#1943=DIRECTION('',(-0.701873081328288,0.,-0.712302027026973));
#1944=DIRECTION('',(0.251688905149271,0.,0.967808191236653));
#1945=DIRECTION('',(0.967808191236653,0.,-0.251688905149271));
#1946=DIRECTION('',(1.62838290565089E-17,-1.,-5.90274204748355E-17));
#1947=DIRECTION('',(-0.995010905711566,0.,0.0997662142964739));
#1948=DIRECTION('',(-0.0997662142964739,0.,-0.995010905711566));
#1949=DIRECTION('',(1.62838290565089E-17,-1.,-5.90274204748355E-17));
#1950=DIRECTION('',(-0.265935109908365,0.,0.963990932176245));
#1951=DIRECTION('',(0.,0.,-1.));
#1952=DIRECTION('',(0.707106781186552,0.707106781186546,0.));
#1953=DIRECTION('',(0.,0.,-1.));
#1954=DIRECTION('',(0.,0.,1.));
#1955=DIRECTION('',(0.707106781186552,0.707106781186546,0.));
#1956=DIRECTION('',(0.,0.,1.));
#1957=DIRECTION('',(0.,0.,1.));
#1958=DIRECTION('',(-0.70710678118655,-0.707106781186546,0.));
#1959=DIRECTION('',(1.,1.1686558153949E-16,0.));
#1960=DIRECTION('',(0.,0.,1.));
#1961=DIRECTION('',(1.,1.1686558153949E-16,0.));
#1962=DIRECTION('',(-1.1686558153949E-16,1.,0.));
#1963=DIRECTION('',(0.,0.,1.));
#1964=DIRECTION('',(4.93432455388958E-16,1.,0.));
#1965=DIRECTION('',(0.,0.,1.));
#1966=DIRECTION('',(0.707106781186552,-0.707106781186545,0.));
#1967=DIRECTION('',(1.,-1.1686558153949E-16,0.));
#1968=DIRECTION('',(0.,-1.,0.));
#1969=DIRECTION('',(1.,0.,0.));
#1970=DIRECTION('',(0.,1.,0.));
#1971=DIRECTION('',(1.,-1.17093834628435E-16,0.));
#1972=DIRECTION('',(0.,-1.,0.));
#1973=DIRECTION('',(1.,0.,0.));
#1974=DIRECTION('',(0.,1.,0.));
#1975=DIRECTION('',(1.,-1.1686558153949E-16,0.));
#1976=DIRECTION('',(0.,0.,1.));
#1977=DIRECTION('',(-0.707106781186548,-0.707106781186547,0.));
#1978=DIRECTION('',(0.,1.,0.));
#1979=DIRECTION('',(0.,0.,1.));
#1980=DIRECTION('',(-0.707106781186546,0.707106781186549,0.));
#1981=DIRECTION('',(1.,1.1686558153949E-16,0.));
#1982=DIRECTION('',(0.,-1.,0.));
#1983=DIRECTION('',(1.,0.,0.));
#1984=DIRECTION('',(0.,1.,0.));
#1985=DIRECTION('',(1.,1.17093834628435E-16,0.));
#1986=DIRECTION('',(0.,-1.,0.));
#1987=DIRECTION('',(1.,0.,0.));
#1988=DIRECTION('',(0.,1.,0.));
#1989=DIRECTION('',(0.,0.,1.));
#1990=DIRECTION('',(-1.,0.,0.));
#1991=DIRECTION('',(0.,0.,1.));
#1992=DIRECTION('',(-1.,0.,0.));
#1993=DIRECTION('',(0.,0.,1.));
#1994=DIRECTION('',(1.,0.,0.));
#1995=DIRECTION('',(0.,0.,-1.));
#1996=DIRECTION('',(0.707106781186552,-0.707106781186545,0.));
#1997=DIRECTION('',(0.,0.,-1.));
#1998=DIRECTION('',(0.,0.,1.));
#1999=DIRECTION('',(0.,0.,1.));
#2000=DIRECTION('',(-0.70710678118655,0.707106781186545,0.));
#2001=DIRECTION('',(1.,-1.1686558153949E-16,0.));
#2002=DIRECTION('',(0.,0.,1.));
#2003=DIRECTION('',(1.1686558153949E-16,1.,0.));
#2004=DIRECTION('',(0.,0.,1.));
#2005=DIRECTION('',(0.,-1.,0.));
#2006=DIRECTION('',(-1.,0.,0.));
#2007=DIRECTION('',(0.,1.,0.));
#2008=DIRECTION('',(-1.,-1.17093834628435E-16,0.));
#2009=DIRECTION('',(0.,-1.,0.));
#2010=DIRECTION('',(-1.,0.,0.));
#2011=DIRECTION('',(0.,1.,0.));
#2012=DIRECTION('',(1.,1.1686558153949E-16,0.));
#2013=DIRECTION('',(0.,0.,-1.));
#2014=DIRECTION('',(-0.707106781186546,0.707106781186549,0.));
#2015=DIRECTION('',(0.,1.,0.));
#2016=DIRECTION('',(0.,0.,-1.));
#2017=DIRECTION('',(-0.707106781186548,-0.707106781186547,0.));
#2018=DIRECTION('',(1.,-1.1686558153949E-16,0.));
#2019=DIRECTION('',(0.,-1.,0.));
#2020=DIRECTION('',(-1.,0.,0.));
#2021=DIRECTION('',(0.,1.,0.));
#2022=DIRECTION('',(-1.,1.17093834628435E-16,0.));
#2023=DIRECTION('',(0.,-1.,0.));
#2024=DIRECTION('',(-1.,0.,0.));
#2025=DIRECTION('',(0.,1.,0.));
#2026=DIRECTION('',(4.93432455388958E-16,1.,0.));
#2027=DIRECTION('',(0.,0.,-1.));
#2028=DIRECTION('',(-1.,0.,0.));
#2029=DIRECTION('',(0.,0.,-1.));
#2030=DIRECTION('',(-1.,0.,0.));
#2031=DIRECTION('',(0.,0.,1.));
#2032=DIRECTION('',(1.,0.,0.));
#2033=DIRECTION('',(0.,0.,-1.));
#2034=DIRECTION('',(0.,0.,1.));
#2035=DIRECTION('',(0.,0.,1.));
#2036=DIRECTION('',(0.707106781186546,-0.707106781186549,0.));
#2037=DIRECTION('',(0.,0.,-1.));
#2038=DIRECTION('',(-1.1686558153949E-16,1.,0.));
#2039=DIRECTION('',(0.,0.,1.));
#2040=DIRECTION('',(0.,0.,-1.));
#2041=DIRECTION('',(0.,0.,1.));
#2042=DIRECTION('',(0.,0.,1.));
#2043=DIRECTION('',(0.707106781186548,0.707106781186547,0.));
#2044=DIRECTION('',(0.,0.,-1.));
#2045=DIRECTION('',(1.1686558153949E-16,1.,0.));
#2046=DIRECTION('',(0.,0.,1.));
#2047=DIRECTION('',(0.,0.,1.));
#2048=DIRECTION('',(1.,0.,0.));
#2049=DIRECTION('',(0.,0.,1.));
#2050=DIRECTION('',(1.,0.,0.));
#2051=DIRECTION('',(-1.48029736616688E-15,1.,-9.25185853854276E-17));
#2052=DIRECTION('',(0.882947592858927,-1.03186183908351E-16,-0.469471562785891));
#2053=DIRECTION('',(0.,1.,0.));
#2054=DIRECTION('',(0.882947592858927,-1.03186183908351E-16,-0.469471562785891));
#2055=DIRECTION('',(-1.48029736616688E-15,1.,-9.25185853854276E-17));
#2056=DIRECTION('',(-0.469471562785891,0.,-0.882947592858927));
#2057=DIRECTION('',(0.882947592858927,0.,-0.469471562785891));
#2058=DIRECTION('',(1.,1.48029736616688E-15,-1.3610363775482E-15));
#2059=DIRECTION('',(1.1686558153949E-16,1.,-6.16297582203915E-33));
#2060=DIRECTION('',(-0.913545457642601,1.92747052886312E-16,0.4067366430758));
#2061=DIRECTION('',(0.4067366430758,-4.75335143264734E-17,0.913545457642601));
#2062=DIRECTION('',(-1.17921915811046E-16,-1.,-3.47354065067413E-19));
#2063=DIRECTION('',(1.,0.,-8.19213136350082E-35));
#2064=DIRECTION('',(-1.17921915811046E-16,-1.,-3.47354065067413E-19));
#2065=DIRECTION('',(0.,0.,-1.));
#2066=DIRECTION('',(1.48029736616688E-15,-1.,9.25185853854276E-17));
#2067=DIRECTION('',(0.,1.,0.));
#2068=DIRECTION('',(0.4067366430758,-4.75335143264734E-17,0.913545457642601));
#2069=DIRECTION('',(1.48029736616688E-15,-1.,9.25185853854276E-17));
#2070=DIRECTION('',(0.913545457642601,0.,-0.4067366430758));
#2071=DIRECTION('',(0.4067366430758,0.,0.913545457642601));
#2072=DIRECTION('',(1.17921915811046E-16,1.,3.47354065067444E-19));
#2073=DIRECTION('',(1.,-2.14163392095902E-16,6.68597360312734E-35));
#2074=DIRECTION('',(0.,-1.,0.));
#2075=DIRECTION('',(-1.,0.,0.));
#2076=DIRECTION('',(1.1686558153949E-16,1.,-6.16297582203915E-33));
#2077=DIRECTION('',(-0.913545457642601,9.63735264431559E-17,0.4067366430758));
#2078=DIRECTION('',(0.,-1.,0.));
#2079=DIRECTION('',(0.913545457642601,0.,-0.4067366430758));
#2080=DIRECTION('',(-1.,-1.48029736616688E-15,1.3610363775482E-15));
#2081=DIRECTION('',(-1.17921915811046E-16,-1.,-3.47354065067444E-19));
#2082=DIRECTION('',(0.,0.,-1.));
#2083=DIRECTION('',(0.,0.,-1.));
#2084=DIRECTION('',(0.,0.,-1.));
#2085=DIRECTION('',(-1.,1.17093834628435E-16,0.));
#2086=DIRECTION('',(0.,-5.20417042793041E-15,0.999999999999999));
#2087=DIRECTION('',(-1.,1.17093834628435E-16,0.));
#2088=DIRECTION('',(0.,-5.78241158658936E-15,1.));
#2089=DIRECTION('',(0.,0.,1.));
#2090=DIRECTION('',(-1.,0.,0.));
#2091=DIRECTION('',(0.,0.,-1.));
#2092=DIRECTION('',(0.,0.,1.));
#2093=DIRECTION('',(0.,-1.,0.));
#2094=DIRECTION('',(0.,0.,-1.));
#2095=DIRECTION('',(1.,0.,0.));
#2096=DIRECTION('',(0.,0.,1.));
#2097=DIRECTION('',(0.,0.,1.));
#2098=DIRECTION('',(-1.,0.,0.));
#2099=DIRECTION('',(0.,0.,-1.));
#2100=DIRECTION('',(0.,0.,1.));
#2101=DIRECTION('',(0.,-1.,0.));
#2102=DIRECTION('',(0.,0.,-1.));
#2103=DIRECTION('',(1.,0.,0.));
#2104=DIRECTION('',(0.,0.,1.));
#2105=DIRECTION('',(-1.48029736616688E-15,-1.,-9.25185853854276E-17));
#2106=DIRECTION('',(-1.48029736616688E-15,-1.,-9.25185853854276E-17));
#2107=DIRECTION('',(0.882947592858927,1.03186183908351E-16,-0.469471562785891));
#2108=DIRECTION('',(0.,-1.,0.));
#2109=DIRECTION('',(0.882947592858927,1.03186183908351E-16,-0.469471562785891));
#2110=DIRECTION('',(0.469471562785891,0.,0.882947592858927));
#2111=DIRECTION('',(0.882947592858927,0.,-0.469471562785891));
#2112=DIRECTION('',(1.,-1.48029736616688E-15,-1.3610363775482E-15));
#2113=DIRECTION('',(0.4067366430758,4.75335143264734E-17,0.913545457642601));
#2114=DIRECTION('',(-1.1686558153949E-16,1.,6.16297582203915E-33));
#2115=DIRECTION('',(-0.913545457642601,-1.92747052886312E-16,0.4067366430758));
#2116=DIRECTION('',(1.17921915811046E-16,-1.,3.47354065067413E-19));
#2117=DIRECTION('',(1.,0.,-8.19213136350082E-35));
#2118=DIRECTION('',(1.17921915811046E-16,-1.,3.47354065067413E-19));
#2119=DIRECTION('',(0.,0.,-1.));
#2120=DIRECTION('',(1.48029736616688E-15,1.,9.25185853854276E-17));
#2121=DIRECTION('',(1.48029736616688E-15,1.,9.25185853854276E-17));
#2122=DIRECTION('',(0.4067366430758,4.75335143264734E-17,0.913545457642601));
#2123=DIRECTION('',(0.,-1.,0.));
#2124=DIRECTION('',(-0.913545457642601,0.,0.4067366430758));
#2125=DIRECTION('',(0.4067366430758,0.,0.913545457642601));
#2126=DIRECTION('',(-1.17921915811046E-16,1.,-3.47354065067444E-19));
#2127=DIRECTION('',(1.,2.14163392095902E-16,6.68597360312734E-35));
#2128=DIRECTION('',(0.,-1.,0.));
#2129=DIRECTION('',(-1.,0.,0.));
#2130=DIRECTION('',(-1.1686558153949E-16,1.,6.16297582203915E-33));
#2131=DIRECTION('',(-0.913545457642601,-9.63735264431559E-17,0.4067366430758));
#2132=DIRECTION('',(0.,-1.,0.));
#2133=DIRECTION('',(0.913545457642601,0.,-0.4067366430758));
#2134=DIRECTION('',(-1.,1.48029736616688E-15,1.3610363775482E-15));
#2135=DIRECTION('',(1.17921915811046E-16,-1.,3.47354065067444E-19));
#2136=DIRECTION('',(0.,0.,-1.));
#2137=DIRECTION('',(0.,0.,-1.));
#2138=DIRECTION('',(0.,0.,-1.));
#2139=DIRECTION('',(1.,1.17093834628435E-16,0.));
#2140=DIRECTION('',(0.,5.20417042793041E-15,0.999999999999999));
#2141=DIRECTION('',(1.,1.17093834628435E-16,0.));
#2142=DIRECTION('',(0.,5.78241158658936E-15,1.));
#2143=DIRECTION('',(0.,0.,1.));
#2144=DIRECTION('',(1.,0.,0.));
#2145=DIRECTION('',(0.,0.,-1.));
#2146=DIRECTION('',(0.,0.,1.));
#2147=DIRECTION('',(0.,-1.,0.));
#2148=DIRECTION('',(0.,0.,-1.));
#2149=DIRECTION('',(-1.,0.,0.));
#2150=DIRECTION('',(0.,0.,1.));
#2151=DIRECTION('',(0.,0.,1.));
#2152=DIRECTION('',(1.,0.,0.));
#2153=DIRECTION('',(0.,0.,-1.));
#2154=DIRECTION('',(0.,0.,1.));
#2155=DIRECTION('',(0.,-1.,0.));
#2156=DIRECTION('',(0.,0.,-1.));
#2157=DIRECTION('',(-1.,0.,0.));
#2158=DIRECTION('',(0.,0.,1.));
#2159=DIRECTION('',(-1.,0.,0.));
#2160=DIRECTION('',(0.,0.,1.));
#2161=DIRECTION('',(1.,4.93432455388958E-16,0.));
#2162=DIRECTION('',(0.,0.,-1.));
#2163=DIRECTION('',(-7.24846827205875E-17,1.,-2.46676379376005E-17));
#2164=DIRECTION('',(7.24846827205875E-17,-1.,2.46676379376005E-17));
#2165=DIRECTION('',(0.946681771262467,0.,0.322170178569274));
#2166=DIRECTION('',(7.24846827205875E-17,-1.,2.46676379376005E-17));
#2167=DIRECTION('',(0.946681771262467,0.,0.322170178569274));
#2168=DIRECTION('',(7.24846827205875E-17,-1.,2.46676379376005E-17));
#2169=DIRECTION('',(0.946681771262467,0.,0.322170178569274));
#2170=DIRECTION('',(7.24846827205875E-17,-1.,2.46676379376005E-17));
#2171=DIRECTION('',(0.946681771262467,0.,0.322170178569274));
#2172=DIRECTION('',(7.24846827205875E-17,-1.,2.46676379376005E-17));
#2173=DIRECTION('',(-0.946681771262467,0.,-0.322170178569274));
#2174=DIRECTION('',(7.24846827205875E-17,-1.,2.46676379376005E-17));
#2175=DIRECTION('',(0.946681771262467,0.,0.322170178569274));
#2176=DIRECTION('',(-0.576921799407302,-6.19665051121509E-17,-0.81679938624404));
#2177=DIRECTION('',(7.24846827205875E-17,-1.,2.46676379376005E-17));
#2178=DIRECTION('',(-0.322170178569274,0.,0.946681771262467));
#2179=DIRECTION('',(-7.24846827205875E-17,1.,-2.46676379376005E-17));
#2180=DIRECTION('',(0.946681771262467,7.65671051465626E-17,0.322170178569274));
#2181=DIRECTION('',(7.24846827205875E-17,-1.,2.46676379376005E-17));
#2182=DIRECTION('',(-0.946681771262467,-7.65671051465626E-17,-0.322170178569274));
#2183=DIRECTION('',(-0.322170178569274,0.,0.946681771262467));
#2184=DIRECTION('',(0.,1.,0.));
#2185=DIRECTION('',(7.24846827205875E-17,-1.,2.46676379376005E-17));
#2186=DIRECTION('',(0.946681771262467,7.65671051465626E-17,0.322170178569274));
#2187=DIRECTION('',(-7.24846827205875E-17,1.,-2.46676379376005E-17));
#2188=DIRECTION('',(-0.946681771262467,-7.65671051465626E-17,-0.322170178569274));
#2189=DIRECTION('',(0.322170178569274,0.,-0.946681771262467));
#2190=DIRECTION('',(0.,-1.,0.));
#2191=DIRECTION('',(5.08014535257227E-31,-1.,-1.17663439731021E-30));
#2192=DIRECTION('',(0.946681771262467,0.,0.322170178569274));
#2193=DIRECTION('',(5.08014535257227E-31,-1.,-1.17663439731021E-30));
#2194=DIRECTION('',(0.946681771262467,0.,0.322170178569274));
#2195=DIRECTION('',(5.08014535257227E-31,-1.,-1.17663439731021E-30));
#2196=DIRECTION('',(-0.322170178569274,0.,0.946681771262467));
#2197=DIRECTION('',(7.24846827205875E-17,-1.,2.46676379376005E-17));
#2198=DIRECTION('',(0.946681771262467,0.,0.322170178569274));
#2199=DIRECTION('',(7.24846827205875E-17,-1.,2.46676379376005E-17));
#2200=DIRECTION('',(0.946681771262467,0.,0.322170178569274));
#2201=DIRECTION('',(7.24846827205875E-17,-1.,2.46676379376005E-17));
#2202=DIRECTION('',(-0.946681771262467,-1.32744057292137E-16,-0.322170178569274));
#2203=DIRECTION('',(7.24846827205875E-17,-1.,2.46676379376005E-17));
#2204=DIRECTION('',(0.946681771262467,0.,0.322170178569274));
#2205=DIRECTION('',(7.24846827205875E-17,-1.,2.46676379376005E-17));
#2206=DIRECTION('',(0.946681771262467,0.,0.322170178569274));
#2207=DIRECTION('',(7.24846827205875E-17,-1.,2.46676379376005E-17));
#2208=DIRECTION('',(-0.946681771262467,-1.32744057292137E-16,-0.322170178569274));
#2209=DIRECTION('',(-7.24846827205875E-17,1.,-2.46676379376005E-17));
#2210=DIRECTION('',(0.322170178569274,0.,-0.946681771262467));
#2211=DIRECTION('',(-7.24846827205875E-17,1.,-2.46676379376005E-17));
#2212=DIRECTION('',(0.322170178569274,0.,-0.946681771262467));
#2213=DIRECTION('',(7.24846827205875E-17,-1.,2.46676379376005E-17));
#2214=DIRECTION('',(0.946681771262467,0.,0.322170178569274));
#2215=DIRECTION('',(7.24846827205875E-17,-1.,2.46676379376005E-17));
#2216=DIRECTION('',(0.946681771262467,0.,0.322170178569274));
#2217=DIRECTION('',(7.24846827205875E-17,-1.,2.46676379376005E-17));
#2218=DIRECTION('',(-0.322170178569274,0.,0.946681771262467));
#2219=DIRECTION('',(7.24846827205875E-17,-1.,2.46676379376005E-17));
#2220=DIRECTION('',(-0.946681771262467,-7.65666569606478E-17,-0.322170178569274));
#2221=DIRECTION('',(7.24846827205875E-17,-1.,2.46676379376005E-17));
#2222=DIRECTION('',(0.946681771262467,0.,0.322170178569274));
#2223=DIRECTION('',(-7.24846827205875E-17,1.,-2.46676379376005E-17));
#2224=DIRECTION('',(-0.946681771262467,-1.00338032018604E-16,-0.322170178569274));
#2225=DIRECTION('',(7.24846827205875E-17,-1.,2.46676379376005E-17));
#2226=DIRECTION('',(0.946681771262467,0.,0.322170178569274));
#2227=DIRECTION('',(7.24846827205875E-17,-1.,2.46676379376005E-17));
#2228=DIRECTION('',(-0.322170178569274,0.,0.946681771262467));
#2229=DIRECTION('',(7.24846827205875E-17,-1.,2.46676379376005E-17));
#2230=DIRECTION('',(-0.946681771262467,0.,-0.322170178569274));
#2231=DIRECTION('',(-7.24846827205875E-17,1.,-2.46676379376005E-17));
#2232=DIRECTION('',(-7.24846827205875E-17,1.,-2.46676379376005E-17));
#2233=DIRECTION('',(-0.946681771262467,0.,-0.322170178569274));
#2234=DIRECTION('',(-0.81679938624404,0.,0.576921799407302));
#2235=DIRECTION('',(-0.576921799407302,0.,-0.81679938624404));
#2236=CARTESIAN_POINT('',(0.,0.,0.));
#2237=CARTESIAN_POINT('',(0.24527523784787,-14.9999450032043,2.44623431169189));
#2238=CARTESIAN_POINT('',(0.24527523784787,-11.6281181436021,2.44623431169189));
#2239=CARTESIAN_POINT('',(0.24527523784787,-12.470803481492,2.44623431169189));
#2240=CARTESIAN_POINT('',(0.24527523784787,-11.6281181436021,2.44623431169189));
#2241=CARTESIAN_POINT('',(-0.0291303505499156,-11.6101099106585,2.4737479867472));
#2242=CARTESIAN_POINT('',(-0.312004845258699,-11.5907161755349,2.45416484947447));
#2243=CARTESIAN_POINT('',(-0.579992393199821,-11.5725545717572,2.38910675228847));
#2244=CARTESIAN_POINT('',(-0.847989041915921,-11.554392351217,2.32404644574943));
#2245=CARTESIAN_POINT('',(-1.10852317517888,-11.5376026548387,2.21166951877271));
#2246=CARTESIAN_POINT('',(-1.33979711754253,-11.5202396686895,2.06135051212179));
#2247=CARTESIAN_POINT('',(-1.57096631798375,-11.5028845460832,1.91109958361912));
#2248=CARTESIAN_POINT('',(-1.77927785511402,-11.4843036890213,1.71882682561038));
#2249=CARTESIAN_POINT('',(-1.94750311740857,-11.4657929112875,1.50048454096801));
#2250=CARTESIAN_POINT('',(-2.11577015966862,-11.4472775362677,1.28208802943371));
#2251=CARTESIAN_POINT('',(-2.24861244905505,-11.4294626538977,1.03151449683503));
#2252=CARTESIAN_POINT('',(-2.33494222399915,-11.4122638269812,0.769588890633151));
#2253=CARTESIAN_POINT('',(-2.42126122188899,-11.3950671470956,0.507695982147346));
#2254=CARTESIAN_POINT('',(-2.46344376326394,-11.3771311985963,0.227287381683991));
#2255=CARTESIAN_POINT('',(-2.45802497571367,-11.3586349266951,-0.0483266879463375));
#2256=CARTESIAN_POINT('',(-2.45260620163923,-11.3401387007918,-0.323940072160275));
#2257=CARTESIAN_POINT('',(-2.39945372531078,-11.3210038616355,-0.602394748856043));
#2258=CARTESIAN_POINT('',(-2.30291883653961,-11.3037166500055,-0.860689887422362));
#2259=CARTESIAN_POINT('',(-2.20636874851552,-11.2864267165336,-1.1190256941159));
#2260=CARTESIAN_POINT('',(-2.06376053971664,-11.2693777047464,-1.36424058675346));
#2261=CARTESIAN_POINT('',(-1.88700614419189,-11.2514736135929,-1.57589024420551));
#2262=CARTESIAN_POINT('',(-1.7103012318593,-11.2335745347707,-1.78748064937906));
#2263=CARTESIAN_POINT('',(-1.49462147595121,-11.2142994481729,-1.9713748229977));
#2264=CARTESIAN_POINT('',(-1.25776552899305,-11.1962521906824,-2.11240339993971));
#2265=CARTESIAN_POINT('',(-1.02081454659008,-11.1781976919587,-2.25348856280965));
#2266=CARTESIAN_POINT('',(-0.756091946532313,-11.1613354802434,-2.35555008657033));
#2267=CARTESIAN_POINT('',(-0.485722262668534,-11.1437922702905,-2.41004069126398));
#2268=CARTESIAN_POINT('',(-0.21544888920892,-11.1262553095353,-2.46451188545241));
#2269=CARTESIAN_POINT('',(0.0679027566339404,-11.1074232083162,-2.47297150909064));
#2270=CARTESIAN_POINT('',(0.340878928418935,-11.0888293045422,-2.43475333579399));
#2271=CARTESIAN_POINT('',(0.613935429497006,-11.0702299290996,-2.39652391595218));
#2272=CARTESIAN_POINT('',(0.884224055884133,-11.052552159428,-2.31050746121843));
#2273=CARTESIAN_POINT('',(1.12922448253669,-11.0354460570364,-2.18382103617483));
#2274=CARTESIAN_POINT('',(1.37416086325409,-11.0183444263771,-2.0571677284228));
#2275=CARTESIAN_POINT('',(1.60053096026411,-11.0005123265699,-1.88640188252492));
#2276=CARTESIAN_POINT('',(1.78954677812526,-10.9821223951634,-1.68574748372983));
#2277=CARTESIAN_POINT('',(1.97856251254519,-10.9637324718752,-1.48509317351383));
#2278=CARTESIAN_POINT('',(2.13547411250134,-10.9447742647777,-1.24899988806875));
#2279=CARTESIAN_POINT('',(2.2472873302663,-10.9274787802241,-0.996956320620162));
#2280=CARTESIAN_POINT('',(2.35912120594999,-10.9101801002638,-0.744866187160555));
#2281=CARTESIAN_POINT('',(2.42887184817433,-10.892920554341,-0.469927183253201));
#2282=CARTESIAN_POINT('',(2.45074924067173,-10.874817155424,-0.195065141290955));
#2283=CARTESIAN_POINT('',(2.47262191294177,-10.8567176624642,0.0797375969251051));
#2284=CARTESIAN_POINT('',(2.44727409757125,-10.8372605868475,0.362036766847648));
#2285=CARTESIAN_POINT('',(2.37679250608318,-10.819269723168,0.628553603940642));
#2286=CARTESIAN_POINT('',(2.30628276213985,-10.8012716733996,0.895176895828056));
#2287=CARTESIAN_POINT('',(2.18861804471472,-10.7845235803867,1.15336573234144));
#2288=CARTESIAN_POINT('',(2.03362197564204,-10.7670786564021,1.38152231620981));
#2289=CARTESIAN_POINT('',(1.87869486637861,-10.7496414938957,1.60957739018442));
#2290=CARTESIAN_POINT('',(1.68222594840503,-10.7309169680478,1.81392170985653));
#2291=CARTESIAN_POINT('',(1.46050096441283,-10.7124313084579,1.97766508361481));
#2292=CARTESIAN_POINT('',(1.23871200780776,-10.6939403153422,2.14145570099566));
#2293=CARTESIAN_POINT('',(0.985458483770956,-10.6763635124465,2.26917531877018));
#2294=CARTESIAN_POINT('',(0.721818459937497,-10.6591349347796,2.35014900823191));
#2295=CARTESIAN_POINT('',(0.458227753034043,-10.6419095799184,2.43110755062409));
#2296=CARTESIAN_POINT('',(0.177034796143308,-10.6238181364595,2.4675631497767));
#2297=CARTESIAN_POINT('',(-0.0984016494298828,-10.6052684189194,2.45652994392283));
#2298=CARTESIAN_POINT('',(-0.373852019813241,-10.5867177635902,2.4454961802804));
#2299=CARTESIAN_POINT('',(-0.651188468588031,-10.56778922629,2.38667519334893));
#2300=CARTESIAN_POINT('',(-0.907473569574546,-10.5505808815574,2.28488817462117));
#2301=CARTESIAN_POINT('',(-1.16378156602295,-10.5333709995018,2.18309206265779));
#2302=CARTESIAN_POINT('',(-1.40602184102953,-10.5162121079268,2.0355228425623));
#2303=CARTESIAN_POINT('',(-1.61401325765732,-10.4982119009927,1.8545035600145));
#2304=CARTESIAN_POINT('',(-1.8219550328061,-10.4802159901824,1.67352748148473));
#2305=CARTESIAN_POINT('',(-2.00141608982001,-10.4608705913972,1.45414993231598));
#2306=CARTESIAN_POINT('',(-2.13759459179493,-10.4429866485162,1.21445939048167));
#2307=CARTESIAN_POINT('',(-2.27382604589805,-10.4250957515799,0.974675646533098));
#2308=CARTESIAN_POINT('',(-2.37046858680869,-10.4082300148314,0.707930339574647));
#2309=CARTESIAN_POINT('',(-2.4194373805428,-10.3905976467195,0.436514617890697));
#2310=CARTESIAN_POINT('',(-2.46838915775268,-10.3729714058081,0.165193212440677));
#2311=CARTESIAN_POINT('',(-2.47107558307745,-10.3540028856905,-0.118262153042811));
#2312=CARTESIAN_POINT('',(-2.42730414013365,-10.3354545220917,-0.390406021073069));
#2313=CARTESIAN_POINT('',(-2.3835181526616,-10.3168999951778,-0.662640318020135));
#2314=CARTESIAN_POINT('',(-2.29200132111177,-10.2994693084952,-0.931145308364367));
#2315=CARTESIAN_POINT('',(-2.1603414357046,-10.2823344220015,-1.17351912262982));
#2316=CARTESIAN_POINT('',(-2.02872422632857,-10.2652050895834,-1.41581437422286));
#2317=CARTESIAN_POINT('',(-1.85339057921442,-10.2472181330712,-1.63864241495535));
#2318=CARTESIAN_POINT('',(-1.64893433953671,-10.2287752600261,-1.82352345581204));
#2319=CARTESIAN_POINT('',(-1.44446703851411,-10.2103313891979,-2.00841449897025));
#2320=CARTESIAN_POINT('',(-1.20520577651664,-10.1915785780121,-2.16049435357122));
#2321=CARTESIAN_POINT('',(-0.950923877499933,-10.1743394992502,-2.26714931779989));
#2322=CARTESIAN_POINT('',(-0.696610019816695,-10.1570982538458,-2.37381768664151));
#2323=CARTESIAN_POINT('',(-0.420322288885252,-10.1397161026621,-2.43794405872651));
#2324=CARTESIAN_POINT('',(-0.145085918729811,-10.1215191344938,-2.45421521594711));
#2325=CARTESIAN_POINT('',(0.130101155024949,-10.1033254255061,-2.47048345891083));
#2326=CARTESIAN_POINT('',(0.411824854164847,-10.083822000605,-2.43939113207841));
#2327=CARTESIAN_POINT('',(0.676863269252308,-10.0660164799196,-2.36348860050923));
#2328=CARTESIAN_POINT('',(0.94199907626481,-10.0482044163565,-2.28755817753546));
#2329=CARTESIAN_POINT('',(1.19772723024917,-10.0314355893308,-2.16465794454793));
#2330=CARTESIAN_POINT('',(1.42266834726468,-10.0139024798888,-2.0050528730413));
#2331=CARTESIAN_POINT('',(1.6475152627019,-9.9963767130199,-1.84551464146967));
#2332=CARTESIAN_POINT('',(1.84780929818314,-9.9775164453837,-1.64493122854439));
#2333=CARTESIAN_POINT('',(2.00700422937593,-9.95907637688356,-1.41991417813439));
#2334=CARTESIAN_POINT('',(2.16625074976622,-9.94063033263828,-1.19482420800913));
#2335=CARTESIAN_POINT('',(2.2887928869453,-9.9232720583308,-0.938997469273782));
#2336=CARTESIAN_POINT('',(2.36437675421966,-9.90599986039117,-0.673754268339447));
#2337=CARTESIAN_POINT('',(2.43994221730981,-9.88873186812035,-0.408575652413903));
#2338=CARTESIAN_POINT('',(2.47065741931057,-9.87048358602574,-0.126714629658451));
#2339=CARTESIAN_POINT('',(2.45401513861254,-9.85189353090503,0.14843163227701));
#2340=CARTESIAN_POINT('',(2.43737111682068,-9.83330153091686,0.423606679657685));
#2341=CARTESIAN_POINT('',(2.37290424897594,-9.81460823131821,0.699712458259517));
#2342=CARTESIAN_POINT('',(2.26590691428851,-9.79745761692143,0.953880551106602));
#2343=CARTESIAN_POINT('',(2.15890767107632,-9.78030669660702,1.20805317758156));
#2344=CARTESIAN_POINT('',(2.00643994216207,-9.76302587992892,1.44721814738148));
#2345=CARTESIAN_POINT('',(1.82123121098653,-9.74493282736372,1.6514657508191));
#2346=CARTESIAN_POINT('',(1.63605856612841,-9.72684330007313,1.85567355837991));
#2347=CARTESIAN_POINT('',(1.41307095084449,-9.7074696499541,2.03062940377094));
#2348=CARTESIAN_POINT('',(1.17064393081184,-9.68975156624161,2.16190079264831));
#2349=CARTESIAN_POINT('',(0.928129278141355,-9.67202707778755,2.29321963357156));
#2350=CARTESIAN_POINT('',(0.659478105492902,-9.65511291128695,2.38440114339387));
#2351=CARTESIAN_POINT('',(0.387132715004845,-9.63738671627032,2.42782835286454));
#2352=CARTESIAN_POINT('',(0.114876432059937,-9.61966632101291,2.47124135356916));
#2353=CARTESIAN_POINT('',(-0.168565752597083,-9.6005712396478,2.46815487355087));
#2354=CARTESIAN_POINT('',(-0.439765912769445,-9.58209038848566,2.41884852604831));
#2355=CARTESIAN_POINT('',(-0.711742296273146,-9.56355664182432,2.36940105496642));
#2356=CARTESIAN_POINT('',(-0.979010350335101,-9.54630900576886,2.27205283288822));
#2357=CARTESIAN_POINT('',(-1.21913650424916,-9.52908652491444,2.13493054547617));
#2358=CARTESIAN_POINT('',(-1.21913650424916,-9.52908652491444,2.13493054547617));
#2359=CARTESIAN_POINT('',(-1.38777878078145E-14,-9.52908652491651,-3.61730777087059E-16));
#2360=CARTESIAN_POINT('',(-0.653801467709728,-9.52908652491651,2.3699717067553));
#2361=CARTESIAN_POINT('',(-1.38777878078145E-14,-9.52908652491651,-3.61730777087059E-16));
#2362=CARTESIAN_POINT('',(0.832931592894569,-9.52908652491651,2.31310337243239));
#2363=CARTESIAN_POINT('',(0.832931592894569,-9.52908652491651,2.31310337243239));
#2364=CARTESIAN_POINT('',(1.0923304296585,-9.54760458484845,2.21969575006851));
#2365=CARTESIAN_POINT('',(1.33918749241137,-9.56579198870143,2.08011044478663));
#2366=CARTESIAN_POINT('',(1.55298803409763,-9.58297647683049,1.90589884725018));
#2367=CARTESIAN_POINT('',(1.76676738200917,-9.60015926148319,1.73170451908694));
#2368=CARTESIAN_POINT('',(1.95333518409996,-9.61787035157232,1.51812582402743));
#2369=CARTESIAN_POINT('',(2.09719987528644,-9.63626634636149,1.28295554603363));
#2370=CARTESIAN_POINT('',(2.24105350534857,-9.6546609267634,1.04780334924981));
#2371=CARTESIAN_POINT('',(2.34620742690767,-9.67403050097994,0.78457465748047));
#2372=CARTESIAN_POINT('',(2.4039618008934,-9.69147612751133,0.514965930761708));
#2373=CARTESIAN_POINT('',(2.46173062069049,-9.70892611762963,0.245289768166865));
#2374=CARTESIAN_POINT('',(2.47362448542403,-9.72583764165526,-0.0381543721563251));
#2375=CARTESIAN_POINT('',(2.43866012660663,-9.74359631175613,-0.31170344383542));
#2376=CARTESIAN_POINT('',(2.40370756382082,-9.7613489905607,-0.585160227436034));
#2377=CARTESIAN_POINT('',(2.3209939847646,-9.78048853263983,-0.856266233161904));
#2378=CARTESIAN_POINT('',(2.19736516612105,-9.79873030833341,-1.10263710109798));
#2379=CARTESIAN_POINT('',(2.07368818055659,-9.81697919119001,-1.34910395738241));
#2380=CARTESIAN_POINT('',(1.905598373009,-9.83394940767629,-1.57765283665557));
#2381=CARTESIAN_POINT('',(1.70712159370087,-9.8513720225372,-1.7691687636628));
#2382=CARTESIAN_POINT('',(1.50871184684088,-9.86878875318066,-1.96062000914159));
#2383=CARTESIAN_POINT('',(1.27449500605851,-9.88740382088635,-2.12034460015793));
#2384=CARTESIAN_POINT('',(1.02389894175776,-9.90602788230437,-2.2351405340755));
#2385=CARTESIAN_POINT('',(0.773245779765053,-9.92465618716861,-2.349962623962));
#2386=CARTESIAN_POINT('',(0.499218073636303,-9.94272722347463,-2.42302900534052));
#2387=CARTESIAN_POINT('',(0.224570454018157,-9.95981926601974,-2.44822187744127));
#2388=CARTESIAN_POINT('',(-0.050034013086783,-9.97690862307064,-2.47341079124905));
#2389=CARTESIAN_POINT('',(-0.332765300014576,-9.9945168128576,-2.45142593267645));
#2390=CARTESIAN_POINT('',(-0.600106610828648,-10.0128073176298,-2.38413386906855));
#2391=CARTESIAN_POINT('',(-0.867426653133358,-10.0310963672891,-2.3168471589239));
#2392=CARTESIAN_POINT('',(-1.12675745597834,-10.0502977736363,-2.20242104838852));
#2393=CARTESIAN_POINT('',(-1.35669033781656,-10.0677163479112,-2.05027158622345));
#2394=CARTESIAN_POINT('',(-1.58668387048719,-10.0851395167922,-1.89808199064441));
#2395=CARTESIAN_POINT('',(-1.79353595582213,-10.1022394097449,-1.70396325656106));
#2396=CARTESIAN_POINT('',(-1.95999990320228,-10.1201979829,-1.48412352230099));
#2397=CARTESIAN_POINT('',(-2.12641989356702,-10.1381518138554,-1.26434183964152));
#2398=CARTESIAN_POINT('',(-2.25708211961391,-10.1574969410095,-1.01281407205504));
#2399=CARTESIAN_POINT('',(-2.3412107824618,-10.1757219797784,-0.750302820256374));
#2400=CARTESIAN_POINT('',(-2.42537406861003,-10.1939545190943,-0.487683531486633));
#2401=CARTESIAN_POINT('',(-2.46526949512775,-10.2107867712289,-0.206768371973004));
#2402=CARTESIAN_POINT('',(-2.45753272987052,-10.2281125267213,0.0689574623607987));
#2403=CARTESIAN_POINT('',(-2.44979944577727,-10.2454304864756,0.344559233625286));
#2404=CARTESIAN_POINT('',(-2.39428800003964,-10.2639389263211,0.622559580084859));
#2405=CARTESIAN_POINT('',(-2.29563520558766,-10.2824549693066,0.879932527451158));
#2406=CARTESIAN_POINT('',(-2.19696002828551,-10.3009752133065,1.13736386890702));
#2407=CARTESIAN_POINT('',(-2.05236630547126,-10.3189106842248,1.3813290685347));
#2408=CARTESIAN_POINT('',(-1.87383764313725,-10.3361004545709,1.59152591470007));
#2409=CARTESIAN_POINT('',(-1.69532561423956,-10.3532886233537,1.80170317691846));
#2410=CARTESIAN_POINT('',(-1.47800187198178,-10.3711497264763,1.9838669778021));
#2411=CARTESIAN_POINT('',(-1.23995962533838,-10.3896156400916,2.12290423183212));
#2412=CARTESIAN_POINT('',(-1.00192395011747,-10.4080810439347,2.26193764758322));
#2413=CARTESIAN_POINT('',(-0.736591275515192,-10.42730344069,2.36171279614349));
#2414=CARTESIAN_POINT('',(-0.465848020182714,-10.4446371038748,2.41396103367305));
#2415=CARTESIAN_POINT('',(-0.195053561236349,-10.4619740452435,2.46621915251462));
#2416=CARTESIAN_POINT('',(0.0885571143021385,-10.4789743220395,2.47233131930495));
#2417=CARTESIAN_POINT('',(0.361320358172129,-10.4968308224593,2.43180382612791));
#2418=CARTESIAN_POINT('',(0.634001967994456,-10.5146819786898,2.39128846223656));
#2419=CARTESIAN_POINT('',(0.903361225596688,-10.5339164590305,2.30307358262548));
#2420=CARTESIAN_POINT('',(1.14716979277944,-10.5520337967591,2.17444791074294));
#2421=CARTESIAN_POINT('',(1.39107611329938,-10.5701583985074,2.04577066729826));
#2422=CARTESIAN_POINT('',(1.61615843075274,-10.5870421493791,1.87305218534495));
#2423=CARTESIAN_POINT('',(1.80358875458996,-10.6045440075646,1.67071537202379));
#2424=CARTESIAN_POINT('',(1.99095269547115,-10.6220396670463,1.46845022115034));
#2425=CARTESIAN_POINT('',(2.14586652634653,-10.6408021904383,1.23103832499184));
#2426=CARTESIAN_POINT('',(2.25553377841895,-10.6594107693141,0.978156237219311));
#2427=CARTESIAN_POINT('',(2.36523104993953,-10.6780244419554,0.725204927499668));
#2428=CARTESIAN_POINT('',(2.43270420645604,-10.6958289637481,0.449716014406904));
#2429=CARTESIAN_POINT('',(2.45229214551519,-10.7129264943924,0.174600925096226));
#2430=CARTESIAN_POINT('',(2.47187561250865,-10.7300201215489,-0.100451353484572));
#2431=CARTESIAN_POINT('',(2.44413346684785,-10.7477776859898,-0.382656794984811));
#2432=CARTESIAN_POINT('',(2.37141173386033,-10.7661375255186,-0.648558893632243));
#2433=CARTESIAN_POINT('',(2.29869194954145,-10.7844968730728,-0.914453867104554));
#2434=CARTESIAN_POINT('',(2.17899834724766,-10.8035441096624,-1.1714151582528));
#2435=CARTESIAN_POINT('',(2.02218615796958,-10.8208746982076,-1.39820792177565));
#2436=CARTESIAN_POINT('',(1.8653407330191,-10.838208959897,-1.62504875305411));
#2437=CARTESIAN_POINT('',(1.66705588917686,-10.8554129202446,-1.82788911169645));
#2438=CARTESIAN_POINT('',(1.44388205295698,-10.8734693427469,-1.9898308639552));
#2439=CARTESIAN_POINT('',(1.22076007809898,-10.8915215692794,-2.1517349840257));
#2440=CARTESIAN_POINT('',(0.96662783580122,-10.9109462249867,-2.27724580175944));
#2441=CARTESIAN_POINT('',(0.702446989240012,-10.9290204626289,-2.35601156136968));
#2442=CARTESIAN_POINT('',(0.438158380761546,-10.9471020729271,-2.43480945029354));
#2443=CARTESIAN_POINT('',(0.156484496629684,-10.9638624557475,-2.46897073129472));
#2444=CARTESIAN_POINT('',(-0.119021047945742,-10.9812665019971,-2.45561728291399));
#2445=CARTESIAN_POINT('',(-0.394402254124847,-10.9986626936273,-2.44226986107752));
#2446=CARTESIAN_POINT('',(-0.671203246197918,-11.0173179570265,-2.3811093586382));
#2447=CARTESIAN_POINT('',(-0.926513370725836,-11.0358183453616,-2.27723411705215));
#2448=CARTESIAN_POINT('',(-1.18189231768294,-11.0543237207362,-2.17333087443609));
#2449=CARTESIAN_POINT('',(-1.42288346404636,-11.0720148582357,-2.02377997224636));
#2450=CARTESIAN_POINT('',(-1.62940349134814,-11.0892270914085,-1.84099606528166));
#2451=CARTESIAN_POINT('',(-1.83589104553311,-11.1064366181375,-1.65824089917681));
#2452=CARTESIAN_POINT('',(-2.01357586142424,-11.1244518731368,-1.43726269245036));
#2453=CARTESIAN_POINT('',(-2.14772871257461,-11.1429770387648,-1.19644624918242));
#2454=CARTESIAN_POINT('',(-2.28188484352713,-11.1615026573006,-0.955623918374369));
#2455=CARTESIAN_POINT('',(-2.37623953315235,-11.1805360594174,-0.688292838573926));
#2456=CARTESIAN_POINT('',(-2.42295835156962,-11.1977802028262,-0.416527401930669));
#2457=CARTESIAN_POINT('',(-2.46968292015712,-11.2150264686507,-0.144728516292375));
#2458=CARTESIAN_POINT('',(-2.470010865739,-11.232130109684,0.138929820084587));
#2459=CARTESIAN_POINT('',(-2.42393699542726,-11.2500837012859,0.410793977802903));
#2460=CARTESIAN_POINT('',(-2.37787506377127,-11.2680326407552,0.682587690113295));
#2461=CARTESIAN_POINT('',(-2.28419437156422,-11.2873459544369,0.950090099525054));
#2462=CARTESIAN_POINT('',(-2.15062276495603,-11.305312972172,1.19123632116088));
#2463=CARTESIAN_POINT('',(-2.01699810024773,-11.3232871268716,1.43247833231886));
#2464=CARTESIAN_POINT('',(-1.83972650839488,-11.3401427880932,1.65399383607393));
#2465=CARTESIAN_POINT('',(-1.63361696808911,-11.3577309586093,1.83725824302728));
#2466=CARTESIAN_POINT('',(-1.42758037827607,-11.3753129039614,2.0204577853035));
#2467=CARTESIAN_POINT('',(-1.18707109811777,-11.3942159419831,2.17049804556058));
#2468=CARTESIAN_POINT('',(-0.932005685369761,-11.4127891933289,2.27499179172991));
#2469=CARTESIAN_POINT('',(-0.676860077612184,-11.4313682842829,2.37951839173419));
#2470=CARTESIAN_POINT('',(-0.400025343723135,-11.4489170811979,2.44136830235705));
#2471=CARTESIAN_POINT('',(-0.124558591329163,-11.4660360914662,2.45534262524115));
#2472=CARTESIAN_POINT('',(0.15082703735608,-11.4831500602636,2.46931283275056));
#2473=CARTESIAN_POINT('',(0.432390058672492,-11.5010611409947,2.43582576202074));
#2474=CARTESIAN_POINT('',(0.696744178502129,-11.5194797009133,2.3577043495153));
#2475=CARTESIAN_POINT('',(0.961105551348565,-11.5378987661772,2.27958079361252));
#2476=CARTESIAN_POINT('',(1.21559335458347,-11.5567553455938,2.15466621227372));
#2477=CARTESIAN_POINT('',(1.43915090181221,-11.5740193944769,1.99325536041247));
#2478=CARTESIAN_POINT('',(1.66274311056886,-11.5912861200682,1.83181948257104));
#2479=CARTESIAN_POINT('',(1.86148681660841,-11.6086070306123,1.62945167205716));
#2480=CARTESIAN_POINT('',(2.0188391216958,-11.6267588433852,1.40303629700392));
#2481=CARTESIAN_POINT('',(2.17616035774844,-11.6449070721032,1.17666562741053));
#2482=CARTESIAN_POINT('',(2.29646821338403,-11.6643933244422,0.920031914287092));
#2483=CARTESIAN_POINT('',(2.36983736529601,-11.682289725779,0.654288248440099));
#2484=CARTESIAN_POINT('',(2.44323477905516,-11.7001930208217,0.388442217952424));
#2485=CARTESIAN_POINT('',(2.47164590312804,-11.716945781389,0.106135391964626));
#2486=CARTESIAN_POINT('',(2.45268238952208,-11.7344351601462,-0.169030607076639));
#2487=CARTESIAN_POINT('',(2.43372708985066,-11.7519169634817,-0.444077419581618));
#2488=CARTESIAN_POINT('',(2.36694358157356,-11.7707120869534,-0.719565870730082));
#2489=CARTESIAN_POINT('',(2.25788812445135,-11.7891770600306,-0.972709343772081));
#2490=CARTESIAN_POINT('',(2.14879917383723,-11.8076477041347,-1.22593056311938));
#2491=CARTESIAN_POINT('',(1.99435295426897,-11.8251096381744,-1.46384546877235));
#2492=CARTESIAN_POINT('',(1.80739063451132,-11.8423589025258,-1.66660173535273));
#2493=CARTESIAN_POINT('',(1.62046885708145,-11.8596044264159,-1.86931403472607));
#2494=CARTESIAN_POINT('',(1.3959282859491,-11.8777761013543,-2.04244730231351));
#2495=CARTESIAN_POINT('',(1.1524364498408,-11.896348205394,-2.17166122566995));
#2496=CARTESIAN_POINT('',(0.908925574092318,-11.9149217616637,-2.3008852528009));
#2497=CARTESIAN_POINT('',(0.639703328390756,-11.9337329467163,-2.38977995891857));
#2498=CARTESIAN_POINT('',(0.367028660541606,-11.9509091623911,-2.43094882964261));
#2499=CARTESIAN_POINT('',(0.0943395180762926,-11.9680862898451,-2.47211988576805));
#2500=CARTESIAN_POINT('',(-0.189247849894772,-11.9853061970757,-2.46666399010174));
#2501=CARTESIAN_POINT('',(-0.460100373324154,-12.0033544444734,-2.41506312473753));
#2502=CARTESIAN_POINT('',(-0.730894237115831,-12.0213987830883,-2.36347343478357));
#2503=CARTESIAN_POINT('',(-0.996431280782937,-12.0407669950772,-2.26436451666248));
#2504=CARTESIAN_POINT('',(-1.23481611390523,-12.0585630421112,-2.12590014225505));
#2505=CARTESIAN_POINT('',(-1.47329059685596,-12.0763657817377,-1.98738369529229));
#2506=CARTESIAN_POINT('',(-1.69114065328388,-12.0932539142816,-1.80563750085235));
#2507=CARTESIAN_POINT('',(-1.87016089479658,-12.1109338170701,-1.59584475359416));
#2508=CARTESIAN_POINT('',(-2.04912067978029,-12.1286077492177,-1.38612285497967));
#2509=CARTESIAN_POINT('',(-2.19422672957565,-12.1476424050256,-1.14261572307571));
#2510=CARTESIAN_POINT('',(-2.29350452130595,-12.1661590427725,-0.885471208311833));
#2511=CARTESIAN_POINT('',(-2.39281704829575,-12.1846821591104,-0.628236723965733));
#2512=CARTESIAN_POINT('',(-2.44901656344225,-12.2019953150927,-0.350173512358956));
#2513=CARTESIAN_POINT('',(-2.45737181436904,-12.2191504024004,-0.0744715780999018));
#2514=CARTESIAN_POINT('',(-2.4657241172677,-12.2362994367865,0.20113307876264));
#2515=CARTESIAN_POINT('',(-2.42650756759219,-12.2543662952392,0.481937853334018));
#2516=CARTESIAN_POINT('',(-2.34301919022848,-12.272831320831,0.744636370466249));
#2517=CARTESIAN_POINT('',(-2.25952396968362,-12.2912978599211,1.00735641985957));
#2518=CARTESIAN_POINT('',(-2.12943792499363,-12.3099357916984,1.2592673277895));
#2519=CARTESIAN_POINT('',(-1.96349508175613,-12.327153806495,1.47949630412492));
#2520=CARTESIAN_POINT('',(-1.79753664995436,-12.3443734387408,1.69974596862912));
#2521=CARTESIAN_POINT('',(-1.59117114461547,-12.3618224287803,1.89431055051864));
#2522=CARTESIAN_POINT('',(-1.3616083547246,-12.3800654622968,2.04700877827727));
#2523=CARTESIAN_POINT('',(-1.13208204394562,-12.3983055968694,2.19968274123349));
#2524=CARTESIAN_POINT('',(-0.873049249029401,-12.4178094448632,2.31473924099339));
#2525=CARTESIAN_POINT('',(-0.605851767710205,-12.4355259283837,2.38268039937429));
#2526=CARTESIAN_POINT('',(-0.42399174785684,-12.4475841260465,2.4289225284206));
#2527=CARTESIAN_POINT('',(-0.235553985010367,-12.4591147994233,2.45437502152949));
#2528=CARTESIAN_POINT('',(-0.0479192448831559,-12.4708034814919,2.45803295258014));
#2529=CARTESIAN_POINT('',(-0.0479192448831559,-12.4708034814919,2.45803295258014));
#2530=CARTESIAN_POINT('',(-1.38777878078145E-14,-12.470803481492,-5.3537274080079E-16));
#2531=CARTESIAN_POINT('',(-0.653801467709728,-12.470803481492,2.3699717067553));
#2532=CARTESIAN_POINT('',(-1.38777878078145E-14,-12.470803481492,-5.3537274080079E-16));
#2533=CARTESIAN_POINT('',(-1.38777878078145E-14,-14.9999450032043,-6.84661440843267E-16));
#2534=CARTESIAN_POINT('',(-1.38777878078145E-14,-12.9999450032043,-5.66606599893596E-16));
#2535=CARTESIAN_POINT('',(-0.897530995940747,-12.9999450032043,3.25346939609483));
#2536=CARTESIAN_POINT('',(-1.38777878078145E-14,-11.0513878447004,-4.29954947923161E-16));
#2537=CARTESIAN_POINT('',(0.246872908829132,-12.4800492544985,2.46216856419718));
#2538=CARTESIAN_POINT('',(-0.0479192448831559,-12.470803481492,2.45803295258014));
#2539=CARTESIAN_POINT('',(0.0500910480692798,-12.4738580565741,2.46523534346614));
#2540=CARTESIAN_POINT('',(0.148699787344511,-12.4769355020563,2.46659181545887));
#2541=CARTESIAN_POINT('',(0.246872908829132,-12.4800492544985,2.46216856419718));
#2542=CARTESIAN_POINT('',(-1.38777878078145E-14,-12.470803481492,-5.3537274080079E-16));
#2543=CARTESIAN_POINT('',(-4.05226612441599,-12.5533630158199,-4.11247767049215));
#2544=CARTESIAN_POINT('',(-4.46366917118512,-12.9999450032043,-2.62117850848309));
#2545=CARTESIAN_POINT('',(-4.81995466088124,-12.9999450032043,-1.32967554954182));
#2546=CARTESIAN_POINT('',(-4.0522661244184,-12.5533630158191,-4.11247767048339));
#2547=CARTESIAN_POINT('',(-4.81995466088123,-12.9999450032043,-1.32967554954183));
#2548=CARTESIAN_POINT('',(-4.81995466088123,-12.9999450032043,-1.32967554954182));
#2549=CARTESIAN_POINT('',(-5.17624015057734,-12.9999450032043,-0.03817259060056));
#2550=CARTESIAN_POINT('',(-5.58764319734649,-12.5533630158199,1.4531265714085));
#2551=CARTESIAN_POINT('',(-5.58764319734408,-12.5533630158191,1.45312657139974));
#2552=CARTESIAN_POINT('',(-5.58764319734408,-15.9999450032043,1.45312657139974));
#2553=CARTESIAN_POINT('',(-5.58764319734408,-9.44652699058943,1.45312657139974));
#2554=CARTESIAN_POINT('',(-5.58764319734569,-9.446526990599,1.45312657140557));
#2555=CARTESIAN_POINT('',(-5.17624015057703,-8.99994500321556,-0.0381725906017263));
#2556=CARTESIAN_POINT('',(-4.81995466088124,-8.99994500321556,-1.32967554954182));
#2557=CARTESIAN_POINT('',(-4.81995466088123,-8.99994500320422,-1.32967554954183));
#2558=CARTESIAN_POINT('',(-4.81995466088124,-8.99994500321556,-1.32967554954182));
#2559=CARTESIAN_POINT('',(-4.46366917118546,-8.99994500321556,-2.62117850848192));
#2560=CARTESIAN_POINT('',(-4.05226612441679,-9.44652699059901,-4.11247767048924));
#2561=CARTESIAN_POINT('',(-4.0522661244184,-9.44652699058943,-4.11247767048339));
#2562=CARTESIAN_POINT('',(-4.0522661244184,-15.9999450032043,-4.11247767048339));
#2563=CARTESIAN_POINT('',(-5.58764319734408,-15.9999450032043,1.45312657139974));
#2564=CARTESIAN_POINT('',(1.53537707292141,-9.44652699059901,-5.56560424188745));
#2565=CARTESIAN_POINT('',(2.62117850847785,-8.99994500321556,-4.46366917118782));
#2566=CARTESIAN_POINT('',(3.56151013513486,-8.99994500321556,-3.50936540664144));
#2567=CARTESIAN_POINT('',(1.53537707292566,-9.44652699058943,-5.56560424188314));
#2568=CARTESIAN_POINT('',(3.56151013513486,-8.99994500320422,-3.50936540664143));
#2569=CARTESIAN_POINT('',(-1.25844452574638,-8.99994500321556,-4.83904095618326));
#2570=CARTESIAN_POINT('',(0.0381725906064134,-8.99994500321556,-5.17624015057698));
#2571=CARTESIAN_POINT('',(1.53537707293153,-9.446526990599,-5.56560424188466));
#2572=CARTESIAN_POINT('',(-1.25844452574637,-8.99994500320422,-4.83904095618326));
#2573=CARTESIAN_POINT('',(-1.38777878078145E-14,-8.99994500320422,-3.30496917994253E-16));
#2574=CARTESIAN_POINT('',(-1.38777878078145E-14,-10.4433206761783,-4.15695660746042E-16));
#2575=CARTESIAN_POINT('',(4.05226612442425,-9.44652699059901,4.11247767048187));
#2576=CARTESIAN_POINT('',(2.55506164209914,-8.99994500321556,4.50184176178955));
#2577=CARTESIAN_POINT('',(1.25844452574634,-8.99994500321556,4.83904095618326));
#2578=CARTESIAN_POINT('',(4.05226612441838,-9.44652699058943,4.11247767048339));
#2579=CARTESIAN_POINT('',(1.25844452574635,-8.99994500320422,4.83904095618326));
#2580=CARTESIAN_POINT('',(4.8199546608812,-8.99994500321556,1.32967554954183));
#2581=CARTESIAN_POINT('',(4.46366917118543,-8.99994500321556,2.62117850848192));
#2582=CARTESIAN_POINT('',(4.05226612441676,-9.446526990599,4.11247767048922));
#2583=CARTESIAN_POINT('',(4.81995466088122,-8.99994500320422,1.32967554954182));
#2584=CARTESIAN_POINT('',(-1.38777878078145E-14,-8.99994500320422,-3.30496917994253E-16));
#2585=CARTESIAN_POINT('',(-1.38777878078145E-14,-10.4433206761783,-4.15695660746042E-16));
#2586=CARTESIAN_POINT('',(-1.53537707292143,-9.44652699059901,5.56560424188745));
#2587=CARTESIAN_POINT('',(-2.62117850847788,-8.99994500321556,4.46366917118782));
#2588=CARTESIAN_POINT('',(-3.56151013513488,-8.99994500321556,3.50936540664143));
#2589=CARTESIAN_POINT('',(-1.53537707292568,-9.44652699058943,5.56560424188314));
#2590=CARTESIAN_POINT('',(-3.56151013513489,-8.99994500320422,3.50936540664143));
#2591=CARTESIAN_POINT('',(1.25844452574634,-8.99994500321556,4.83904095618326));
#2592=CARTESIAN_POINT('',(-0.0381725906064506,-8.99994500321556,5.17624015057698));
#2593=CARTESIAN_POINT('',(-1.53537707293155,-9.44652699059901,5.56560424188466));
#2594=CARTESIAN_POINT('',(-1.38777878078145E-14,-8.99994500320422,-3.30496917994253E-16));
#2595=CARTESIAN_POINT('',(-1.38777878078145E-14,-10.4433206761783,-4.15695660746042E-16));
#2596=CARTESIAN_POINT('',(4.81995466088121,-12.9999450032043,1.32967554954183));
#2597=CARTESIAN_POINT('',(5.17624015057733,-12.9999450032043,0.0381725906005595));
#2598=CARTESIAN_POINT('',(5.58764319734646,-12.5533630158199,-1.4531265714085));
#2599=CARTESIAN_POINT('',(4.81995466088122,-12.9999450032043,1.32967554954182));
#2600=CARTESIAN_POINT('',(5.58764319734405,-12.5533630158191,-1.45312657139974));
#2601=CARTESIAN_POINT('',(-1.38777878078145E-14,-12.9999450032043,-5.66606599893596E-16));
#2602=CARTESIAN_POINT('',(3.56151013513486,-12.9999450032043,-3.50936540664143));
#2603=CARTESIAN_POINT('',(5.58764319735041,-12.5533630158199,-1.45312657139328));
#2604=CARTESIAN_POINT('',(4.50184176179271,-12.9999450032043,-2.55506164209419));
#2605=CARTESIAN_POINT('',(3.56151013513486,-12.9999450032043,-3.50936540664144));
#2606=CARTESIAN_POINT('',(-1.38777878078145E-14,-12.9999450032043,-5.66606599893596E-16));
#2607=CARTESIAN_POINT('',(-1.25844452574637,-12.9999450032043,-4.83904095618326));
#2608=CARTESIAN_POINT('',(-2.55506164210034,-12.9999450032043,-4.50184176178924));
#2609=CARTESIAN_POINT('',(-4.05226612442719,-12.5533630158199,-4.11247767048111));
#2610=CARTESIAN_POINT('',(-1.25844452574637,-12.9999450032043,-4.83904095618326));
#2611=CARTESIAN_POINT('',(-1.38777878078145E-14,-12.9999450032043,-5.66606599893596E-16));
#2612=CARTESIAN_POINT('',(-1.38777878078145E-14,-12.9999450032043,-5.66606599893596E-16));
#2613=CARTESIAN_POINT('',(-1.38777878078145E-14,-12.9999450032043,-5.66606599893596E-16));
#2614=CARTESIAN_POINT('',(-3.56151013513489,-12.9999450032043,3.50936540664143));
#2615=CARTESIAN_POINT('',(-5.58764319735046,-12.5533630158199,1.45312657139327));
#2616=CARTESIAN_POINT('',(-4.50184176179274,-12.9999450032043,2.55506164209419));
#2617=CARTESIAN_POINT('',(-3.56151013513489,-12.9999450032043,3.50936540664144));
#2618=CARTESIAN_POINT('',(-1.38777878078145E-14,-12.9999450032043,-5.66606599893596E-16));
#2619=CARTESIAN_POINT('',(3.56151013513486,-12.9999450032043,-3.50936540664144));
#2620=CARTESIAN_POINT('',(2.621178508477,-12.9999450032043,-4.46366917118869));
#2621=CARTESIAN_POINT('',(1.53537707291927,-12.5533630158199,-5.56560424188962));
#2622=CARTESIAN_POINT('',(1.53537707292566,-12.5533630158191,-5.56560424188314));
#2623=CARTESIAN_POINT('',(-1.38777878078145E-14,-12.9999450032043,-5.66606599893596E-16));
#2624=CARTESIAN_POINT('',(1.53537707293444,-12.5533630158199,-5.56560424188542));
#2625=CARTESIAN_POINT('',(0.0381725906075967,-12.9999450032043,-5.17624015057729));
#2626=CARTESIAN_POINT('',(-1.25844452574637,-12.9999450032043,-4.83904095618326));
#2627=CARTESIAN_POINT('',(-1.38777878078145E-14,-12.9999450032043,-5.66606599893596E-16));
#2628=CARTESIAN_POINT('',(-1.38777878078145E-14,-12.9999450032043,-5.66606599893596E-16));
#2629=CARTESIAN_POINT('',(1.25844452574635,-12.9999450032043,4.83904095618326));
#2630=CARTESIAN_POINT('',(-1.38777878078145E-14,-12.9999450032043,-5.66606599893596E-16));
#2631=CARTESIAN_POINT('',(-1.38777878078145E-14,-14.1874450032043,-6.36701661707463E-16));
#2632=CARTESIAN_POINT('',(-1.32967554954183,-14.1874450032043,4.81995466088123));
#2633=CARTESIAN_POINT('',(-1.38777878078145E-14,-14.9999450032043,-6.84661440843267E-16));
#2634=CARTESIAN_POINT('',(1.53537707292566,-15.9999450032043,-5.56560424188314));
#2635=CARTESIAN_POINT('',(3.56151013513486,-8.99994500321556,-3.50936540664144));
#2636=CARTESIAN_POINT('',(4.50184176179186,-8.99994500321556,-2.55506164209506));
#2637=CARTESIAN_POINT('',(5.5876431973483,-9.44652699059901,-1.45312657139543));
#2638=CARTESIAN_POINT('',(5.58764319734405,-9.44652699058943,-1.45312657139974));
#2639=CARTESIAN_POINT('',(5.58764319734405,-15.9999450032043,-1.45312657139974));
#2640=CARTESIAN_POINT('',(1.53537707292566,-15.9999450032043,-5.56560424188314));
#2641=CARTESIAN_POINT('',(4.05226612441595,-12.5533630158199,4.11247767049216));
#2642=CARTESIAN_POINT('',(4.46366917118509,-12.9999450032043,2.6211785084831));
#2643=CARTESIAN_POINT('',(4.81995466088121,-12.9999450032043,1.32967554954182));
#2644=CARTESIAN_POINT('',(4.05226612441838,-12.5533630158191,4.11247767048339));
#2645=CARTESIAN_POINT('',(5.58764319734567,-9.44652699059901,-1.45312657140559));
#2646=CARTESIAN_POINT('',(5.176240150577,-8.99994500321556,0.0381725906017256));
#2647=CARTESIAN_POINT('',(4.81995466088122,-8.99994500321556,1.32967554954182));
#2648=CARTESIAN_POINT('',(4.05226612441838,-15.9999450032043,4.11247767048339));
#2649=CARTESIAN_POINT('',(5.58764319734405,-15.9999450032043,-1.45312657139974));
#2650=CARTESIAN_POINT('',(-1.53537707293448,-12.5533630158199,5.56560424188542));
#2651=CARTESIAN_POINT('',(-0.0381725906076265,-12.9999450032043,5.17624015057729));
#2652=CARTESIAN_POINT('',(1.25844452574635,-12.9999450032043,4.83904095618326));
#2653=CARTESIAN_POINT('',(-1.53537707292568,-12.5533630158191,5.56560424188314));
#2654=CARTESIAN_POINT('',(1.25844452574635,-12.9999450032043,4.83904095618326));
#2655=CARTESIAN_POINT('',(2.55506164210032,-12.9999450032043,4.50184176178924));
#2656=CARTESIAN_POINT('',(4.05226612442716,-12.5533630158199,4.11247767048111));
#2657=CARTESIAN_POINT('',(-1.53537707292568,-15.9999450032043,5.56560424188314));
#2658=CARTESIAN_POINT('',(4.05226612441838,-15.9999450032043,4.11247767048339));
#2659=CARTESIAN_POINT('',(-3.56151013513488,-8.99994500321556,3.50936540664143));
#2660=CARTESIAN_POINT('',(-4.50184176179189,-8.99994500321556,2.55506164209506));
#2661=CARTESIAN_POINT('',(-5.58764319734832,-9.446526990599,1.45312657139543));
#2662=CARTESIAN_POINT('',(-1.38777878078145E-14,-8.99994500320422,-3.30496917994253E-16));
#2663=CARTESIAN_POINT('',(-1.38777878078145E-14,-10.4433206761783,-4.15695660746042E-16));
#2664=CARTESIAN_POINT('',(-1.38777878078145E-14,-8.99994500320422,-3.30496917994253E-16));
#2665=CARTESIAN_POINT('',(-1.38777878078145E-14,-10.4433206761783,-4.15695660746042E-16));
#2666=CARTESIAN_POINT('',(-1.38777878078145E-14,-8.99994500320422,-3.30496917994253E-16));
#2667=CARTESIAN_POINT('',(-4.05226612442427,-9.44652699059901,-4.11247767048187));
#2668=CARTESIAN_POINT('',(-2.55506164209917,-8.99994500321556,-4.50184176178955));
#2669=CARTESIAN_POINT('',(-1.25844452574638,-8.99994500321556,-4.83904095618326));
#2670=CARTESIAN_POINT('',(-1.38777878078145E-14,-10.4433206761783,-4.15695660746042E-16));
#2671=CARTESIAN_POINT('',(-1.38777878078145E-14,-8.99994500320422,-3.30496917994253E-16));
#2672=CARTESIAN_POINT('',(-0.897530995940747,-8.99994500320422,3.25346939609483));
#2673=CARTESIAN_POINT('',(-1.32967554954183,-8.99994500320422,4.81995466088123));
#2674=CARTESIAN_POINT('',(-1.21913650424916,-9.52908652491444,2.13493054547617));
#2675=CARTESIAN_POINT('',(-1.4694303968521,-9.52038275041994,2.00936224491456));
#2676=CARTESIAN_POINT('',(-1.70129528324168,-9.51126567397192,1.83866582824123));
#2677=CARTESIAN_POINT('',(-1.89607969349336,-9.50206400496322,1.63750780756824));
#2678=CARTESIAN_POINT('',(-2.09147677331138,-9.49283339327603,1.43571706994867));
#2679=CARTESIAN_POINT('',(-2.25449059929015,-9.48367718243231,1.19712578530232));
#2680=CARTESIAN_POINT('',(-2.37157870671246,-9.47526028789746,0.941774545302912));
#2681=CARTESIAN_POINT('',(-2.48792220252706,-9.46689691986936,0.688047189244682));
#2682=CARTESIAN_POINT('',(-2.56295578842739,-9.45848139543399,0.411608562076042));
#2683=CARTESIAN_POINT('',(-2.59245249801097,-9.44974932524508,0.13405312395711));
#2684=CARTESIAN_POINT('',(-2.62315097744684,-9.44066148863853,-0.154810618124381));
#2685=CARTESIAN_POINT('',(-2.60527923333783,-9.43099738757818,-0.452931745402995));
#2686=CARTESIAN_POINT('',(-2.53899558476749,-9.42230233381598,-0.735771136003845));
#2687=CARTESIAN_POINT('',(-2.4724371013429,-9.41357122736378,-1.01978327620995));
#2688=CARTESIAN_POINT('',(-2.35559837608914,-9.40545341940249,-1.29577727011747));
#2689=CARTESIAN_POINT('',(-2.20030875925205,-9.39701274408191,-1.54272473340235));
#2690=CARTESIAN_POINT('',(-2.04224596208085,-9.38842133418368,-1.79408221367799));
#2691=CARTESIAN_POINT('',(-1.84012595258213,-9.37923166606133,-2.02229640347278));
#2692=CARTESIAN_POINT('',(-1.60961725484659,-9.37026445080408,-2.20944226205088));
#2693=CARTESIAN_POINT('',(-1.37204701216628,-9.36102252837009,-2.40232126174062));
#2694=CARTESIAN_POINT('',(-1.09720378309623,-9.35240363047674,-2.55581300476303));
#2695=CARTESIAN_POINT('',(-0.80899348378493,-9.34399754370836,-2.6587280325039));
#2696=CARTESIAN_POINT('',(-0.522386633542157,-9.33563822394322,-2.76107049567729));
#2697=CARTESIAN_POINT('',(-0.215140737189894,-9.32690725883715,-2.81687635340186));
#2698=CARTESIAN_POINT('',(0.0891171653596354,-9.31796991328088,-2.82275829117651));
#2699=CARTESIAN_POINT('',(0.406305384714115,-9.30865274945706,-2.82889019885569));
#2700=CARTESIAN_POINT('',(0.729068517849227,-9.29914767976712,-2.78029098945703));
#2701=CARTESIAN_POINT('',(1.03014596128631,-9.29071399821087,-2.68022090202043));
#2702=CARTESIAN_POINT('',(1.32862797976205,-9.2823530188384,-2.58101346440526));
#2703=CARTESIAN_POINT('',(1.6139250489801,-9.27417469053534,-2.42982942452346));
#2704=CARTESIAN_POINT('',(1.86491843706256,-9.26557406172024,-2.24027234781447));
#2705=CARTESIAN_POINT('',(2.12454732566478,-9.25667752576922,-2.0441935047476));
#2706=CARTESIAN_POINT('',(2.35464251030044,-9.24708126905231,-1.80160379537706));
#2707=CARTESIAN_POINT('',(2.53579713311731,-9.23821002327566,-1.53134924041518));
#2708=CARTESIAN_POINT('',(2.69146185192152,-9.23058703271768,-1.29912166239622));
#2709=CARTESIAN_POINT('',(2.81409999015867,-9.22358576906958,-1.04156929362273));
#2710=CARTESIAN_POINT('',(2.89818686751394,-9.21645135414835,-0.774927661767603));
#2711=CARTESIAN_POINT('',(2.89818686751394,-9.21645135414835,-0.774927661767603));
#2712=CARTESIAN_POINT('',(-1.38777878078145E-14,-9.21645135414863,-3.43276729406921E-16));
#2713=CARTESIAN_POINT('',(1.02032663204042,-9.21645135414863,2.82115819548444));
#2714=CARTESIAN_POINT('',(1.02032663204042,-9.21645135414863,2.82115819548444));
#2715=CARTESIAN_POINT('',(0.996355675479697,-9.25629836681179,2.75643550594977));
#2716=CARTESIAN_POINT('',(0.972417473266249,-9.29614543864958,2.69170071222119));
#2717=CARTESIAN_POINT('',(0.909898704688092,-9.40035707612758,2.52236884819419));
#2718=CARTESIAN_POINT('',(0.871371336613053,-9.46472174675084,2.41775215020282));
#2719=CARTESIAN_POINT('',(0.832931592836338,-9.52908652491235,2.31310337245335));
#2720=CARTESIAN_POINT('',(-1.38777878078145E-14,-8.99994500320422,-3.30496917994253E-16));
#2721=CARTESIAN_POINT('',(-1.38777878078145E-14,-13.4999450032043,-5.96120310131013E-16));
#2722=CARTESIAN_POINT('',(-0.897530995940747,-13.4999450032043,3.25346939609483));
#2723=CARTESIAN_POINT('',(-1.38777878078145E-14,-14.9999450032043,-6.84661440843267E-16));
#2724=CARTESIAN_POINT('',(-1.38777878078145E-14,-13.4999450032043,-5.96120310131013E-16));
#2725=CARTESIAN_POINT('',(-0.653801467709728,-13.4999450032043,2.3699717067553));
#2726=CARTESIAN_POINT('',(-0.897530995940747,-13.4999450032043,3.25346939609483));
#2727=CARTESIAN_POINT('',(-1.38777878078145E-14,-14.4999450032043,-6.55147730605849E-16));
#2728=CARTESIAN_POINT('',(-0.653801467709728,-14.4999450032043,2.3699717067553));
#2729=CARTESIAN_POINT('',(-1.38777878078145E-14,-14.9999450032043,-6.84661440843267E-16));
#2730=CARTESIAN_POINT('',(-1.38777878078145E-14,-14.4999450032043,-6.55147730605849E-16));
#2731=CARTESIAN_POINT('',(-0.897530995940747,-14.4999450032043,3.25346939609483));
#2732=CARTESIAN_POINT('',(-0.653801467709728,-14.4999450032043,2.3699717067553));
#2733=CARTESIAN_POINT('',(-1.38777878078145E-14,-14.9999450032043,-6.84661440843267E-16));
#2734=CARTESIAN_POINT('',(-0.897530995940747,-14.9999450032043,3.25346939609483));
#2735=CARTESIAN_POINT('',(-1.38777878078145E-14,-14.9999450032043,-6.84661440843267E-16));
#2736=CARTESIAN_POINT('',(-1.38777878078145E-14,-14.9999450032043,-6.84661440843267E-16));
#2737=CARTESIAN_POINT('',(-1.11360327274129,-14.9999450032043,4.03671202848803));
#2738=CARTESIAN_POINT('',(-0.897530995940747,-14.9999450032043,3.25346939609483));
#2739=CARTESIAN_POINT('',(-1.38777878078145E-14,-14.1874450032043,-3.30496917994253E-16));
#2740=CARTESIAN_POINT('',(-3.56151013513489,-12.9999450032043,3.50936540664144));
#2741=CARTESIAN_POINT('',(-2.62117850847702,-12.9999450032043,4.46366917118869));
#2742=CARTESIAN_POINT('',(-1.53537707291932,-12.5533630158199,5.5656042418896));
#2743=CARTESIAN_POINT('',(-1.38777878078145E-14,-12.9999450032043,-5.66606599893596E-16));
#2744=CARTESIAN_POINT('',(-1.38777878078145E-14,-12.9999450032043,-5.66606599893596E-16));
#2745=CARTESIAN_POINT('',(-1.53537707292568,-15.9999450032043,5.56560424188314));
#2746=CARTESIAN_POINT('',(-4.0522661244184,-15.9999450032043,-4.11247767048339));
#2747=CARTESIAN_POINT('',(0.313474318156481,-12.0941405514172,3.12641275832426));
#2748=CARTESIAN_POINT('',(0.235003375015537,-12.5488249222575,2.34378865298655));
#2749=CARTESIAN_POINT('',(0.299298642889412,-12.176278700037,2.98503271713469));
#2750=CARTESIAN_POINT('',(0.299298642889412,-7.49994500320422,2.98503271713469));
#2751=CARTESIAN_POINT('',(0.299298642889412,-11.941146086797,2.98503271713469));
#2752=CARTESIAN_POINT('',(0.235003375015537,-11.5685998645764,2.34378865298655));
#2753=CARTESIAN_POINT('',(0.313474318156481,-12.0232842354168,3.12641275832426));
#2754=CARTESIAN_POINT('',(0.235003375015537,-12.058712393417,2.34378865298655));
#2755=CARTESIAN_POINT('',(0.299298642889412,-11.941146086797,2.98503271713469));
#2756=CARTESIAN_POINT('',(-0.0312355701910079,-11.9233284563164,3.01817421030347));
#2757=CARTESIAN_POINT('',(-0.371803478664959,-11.9039347803687,2.99534739439485));
#2758=CARTESIAN_POINT('',(-0.694948379530588,-11.8859111101892,2.91839797659398));
#2759=CARTESIAN_POINT('',(-1.02208254056435,-11.8676649357728,2.84049860957042));
#2760=CARTESIAN_POINT('',(-1.34035910276763,-11.8511659498347,2.70491381582471));
#2761=CARTESIAN_POINT('',(-1.6232093882626,-11.8339404406307,2.52293307122012));
#2762=CARTESIAN_POINT('',(-1.9059508776956,-11.8167215570787,2.34102232402894));
#2763=CARTESIAN_POINT('',(-2.1610910994398,-11.7980770640161,2.10776380725764));
#2764=CARTESIAN_POINT('',(-2.36753040651427,-11.7794289413716,1.84249824266685));
#2765=CARTESIAN_POINT('',(-2.57401044250594,-11.7607771395932,1.57718034318226));
#2766=CARTESIAN_POINT('',(-2.73750674280233,-11.7429792383327,1.27245512514822));
#2767=CARTESIAN_POINT('',(-2.84440112627338,-11.7259419159052,0.953615348479031));
#2768=CARTESIAN_POINT('',(-2.95128516901208,-11.7089062416316,0.634806415682912));
#2769=CARTESIAN_POINT('',(-3.00450834618718,-11.6910544822603,0.293149756410098));
#2770=CARTESIAN_POINT('',(-2.99969208766855,-11.6724435599543,-0.0429811491096547));
#2771=CARTESIAN_POINT('',(-2.99487587461603,-11.653832813338,-0.379108881509761));
#2772=CARTESIAN_POINT('',(-2.93190649627353,-11.634435570972,-0.719013742619869));
#2773=CARTESIAN_POINT('',(-2.81594630974936,-11.6172616570579,-1.03462378699168));
#2774=CARTESIAN_POINT('',(-2.69997005832457,-11.6000853639028,-1.35027755537043));
#2775=CARTESIAN_POINT('',(-2.52778878044175,-11.5833109839148,-1.65025668226055));
#2776=CARTESIAN_POINT('',(-2.31375643243327,-11.5654341396716,-1.90958926771537));
#2777=CARTESIAN_POINT('',(-2.09977192669125,-11.5475612914074,-2.16886388502299));
#2778=CARTESIAN_POINT('',(-1.83807935094822,-11.5280655041204,-2.39467490409153));
#2779=CARTESIAN_POINT('',(-1.55028270489639,-11.5099398892402,-2.56838928803622));
#2780=CARTESIAN_POINT('',(-1.26239059973961,-11.4918082622853,-2.74216129120557));
#2781=CARTESIAN_POINT('',(-0.940388683667787,-11.4752235525832,-2.86858369544512));
#2782=CARTESIAN_POINT('',(-0.611132364043615,-11.4577869517348,-2.93709333076402));
#2783=CARTESIAN_POINT('',(-0.281973959983334,-11.4403555362527,-3.005582592413));
#2784=CARTESIAN_POINT('',(0.0634931559942925,-11.4214183303364,-3.01810482921632));
#2785=CARTESIAN_POINT('',(0.396678810635855,-11.402663406358,-2.97365867597351));
#2786=CARTESIAN_POINT('',(0.729941025518597,-11.3839041728259,-2.92920230978135));
#2787=CARTESIAN_POINT('',(1.06019069519257,-11.3662486577053,-2.82649984274347));
#2788=CARTESIAN_POINT('',(1.35996146789439,-11.3493279601867,-2.67404278309875));
#2789=CARTESIAN_POINT('',(1.65966854720851,-11.3324108578703,-2.52161811656067));
#2790=CARTESIAN_POINT('',(1.93712679683286,-11.314700642101,-2.3152844740575));
#2791=CARTESIAN_POINT('',(2.16932320886092,-11.2962242276409,-2.07220578502651));
#2792=CARTESIAN_POINT('',(2.40151842269868,-11.2777479085237,-1.82912835034101));
#2793=CARTESIAN_POINT('',(2.59489229719835,-11.2585447810167,-1.54258912286543));
#2794=CARTESIAN_POINT('',(2.73344371127736,-11.2413577245952,-1.23623843868333));
#2795=CARTESIAN_POINT('',(2.8720182893576,-11.2241677947206,-0.929836536636202));
#2796=CARTESIAN_POINT('',(2.95952046483512,-11.2071494602246,-0.595223606832685));
#2797=CARTESIAN_POINT('',(2.98868960609695,-11.1890384401416,-0.260258406988117));
#2798=CARTESIAN_POINT('',(3.01785355167213,-11.1709306460427,0.0746471279455043));
#2799=CARTESIAN_POINT('',(2.9895382845441,-11.1512172035795,0.419134965185837));
#2800=CARTESIAN_POINT('',(2.90607906976409,-11.1331376167052,0.744784828174558));
#2801=CARTESIAN_POINT('',(2.82259180364902,-11.1150519531315,1.07054414478615));
#2802=CARTESIAN_POINT('',(2.68157861965651,-11.0986128411146,1.38645335005492));
#2803=CARTESIAN_POINT('',(2.49478825383963,-11.0813049841702,1.6661427215289));
#2804=CARTESIAN_POINT('',(2.30806807568852,-11.0640036307629,1.94572699794598));
#2805=CARTESIAN_POINT('',(2.07048444577586,-11.0452105154146,2.19683369752638));
#2806=CARTESIAN_POINT('',(1.80172457308705,-11.0265827245924,2.39870560151391));
#2807=CARTESIAN_POINT('',(1.53290432745483,-11.0079507493115,2.60062285304874));
#2808=CARTESIAN_POINT('',(1.22540404979899,-10.9904011573379,2.7588903201267));
#2809=CARTESIAN_POINT('',(0.904772690719924,-10.973337521166,2.86031228681894));
#2810=CARTESIAN_POINT('',(0.584186789627251,-10.9562763042164,2.96171987426146));
#2811=CARTESIAN_POINT('',(0.241683529799964,-10.9382657415543,3.00908465153863));
#2812=CARTESIAN_POINT('',(-0.0943070956557907,-10.9195966443025,2.99851732889923));
#2813=CARTESIAN_POINT('',(-0.430306388647966,-10.9009270654447,2.98794973365504));
#2814=CARTESIAN_POINT('',(-0.769102042369786,-10.8817307110788,2.9191686950066));
#2815=CARTESIAN_POINT('',(-1.08269039448253,-10.8646447328708,2.79781727596626));
#2816=CARTESIAN_POINT('',(-1.39630727811018,-10.8475572001127,2.67645481589141));
#2817=CARTESIAN_POINT('',(-1.69328064000163,-10.8306733439049,2.49917064431757));
#2818=CARTESIAN_POINT('',(-1.94890153452529,-10.8126971105812,2.28074172337093));
#2819=CARTESIAN_POINT('',(-2.20447252876102,-10.7947243864356,2.0623554423895));
#2820=CARTESIAN_POINT('',(-2.42577168159267,-10.7751517913699,1.7968419558448));
#2821=CARTESIAN_POINT('',(-2.59454034134511,-10.7571836493469,1.50610770436011));
#2822=CARTESIAN_POINT('',(-2.76336442468282,-10.7392096065907,1.21527797582062));
#2823=CARTESIAN_POINT('',(-2.88425625112871,-10.7226446740337,0.891159513683451));
#2824=CARTESIAN_POINT('',(-2.94712070094376,-10.7051184842853,0.560784784092146));
#2825=CARTESIAN_POINT('',(-3.0099667502993,-10.6875974244624,0.23050675536838));
#2826=CARTESIAN_POINT('',(-3.01657722769765,-10.6685180681568,-0.115116202840775));
#2827=CARTESIAN_POINT('',(-2.96643691362894,-10.6498023289476,-0.447495293226313));
#2828=CARTESIAN_POINT('',(-2.91628371466463,-10.6310817802284,-0.779959797314524));
#2829=CARTESIAN_POINT('',(-2.80793568204516,-10.6136865741418,-1.10842614756558));
#2830=CARTESIAN_POINT('',(-2.65036404946875,-10.5967416728463,-1.40554985869719));
#2831=CARTESIAN_POINT('',(-2.4928331731557,-10.5798011543884,-1.70259671810096));
#2832=CARTESIAN_POINT('',(-2.2817891684236,-10.5619328786572,-1.97647019542081));
#2833=CARTESIAN_POINT('',(-2.03477931614775,-10.5433977143123,-2.20446663267498));
#2834=CARTESIAN_POINT('',(-1.78776182908938,-10.5248619770673,-2.43247011702949));
#2835=CARTESIAN_POINT('',(-1.49793995949448,-10.5058578769089,-2.62092150928036));
#2836=CARTESIAN_POINT('',(-1.18925300301273,-10.4887370916773,-2.75421082977052));
#2837=CARTESIAN_POINT('',(-0.880526869087986,-10.471614133537,-2.88751706686389));
#2838=CARTESIAN_POINT('',(-0.5444786294079,-10.4544739257098,-2.96927382520928));
#2839=CARTESIAN_POINT('',(-0.209075923156207,-10.4362654838,-2.99270567519701));
#2840=CARTESIAN_POINT('',(0.126274981812562,-10.4180598540937,-3.01613390625184));
#2841=CARTESIAN_POINT('',(0.470225701688603,-10.3982861970298,-2.98193025993656));
#2842=CARTESIAN_POINT('',(0.794409630314845,-10.3803900864782,-2.89290741975318));
#2843=CARTESIAN_POINT('',(1.11869713887162,-10.3624882579446,-2.80385613590315));
#2844=CARTESIAN_POINT('',(1.43214111376031,-10.346052713917,-2.65745784535676));
#2845=CARTESIAN_POINT('',(1.70858564202272,-10.3286565862956,-2.46591465867631));
#2846=CARTESIAN_POINT('',(1.98493134319922,-10.3112666776745,-2.27443994741507));
#2847=CARTESIAN_POINT('',(2.23193221314648,-10.2923312885248,-2.03260053021465));
#2848=CARTESIAN_POINT('',(2.42917852413011,-10.2737409409409,-1.76042372680698));
#2849=CARTESIAN_POINT('',(2.62647398502513,-10.2551459610071,-1.48817910227911));
#2850=CARTESIAN_POINT('',(2.77946485150349,-10.2378306587771,-1.1779945060356));
#2851=CARTESIAN_POINT('',(2.87538430886235,-10.2207282975541,-0.855666451573346));
#2852=CARTESIAN_POINT('',(2.9712861303355,-10.2036290807951,-0.533397660798398));
#2853=CARTESIAN_POINT('',(3.012779488265,-10.1854580809475,-0.190147741956242));
#2854=CARTESIAN_POINT('',(2.99646442388848,-10.1667415801594,0.145605481938668));
#2855=CARTESIAN_POINT('',(2.98014834649417,-10.148023917246,0.481379553069238));
#2856=CARTESIAN_POINT('',(2.9055741224904,-10.129056351322,0.818969012710757));
#2857=CARTESIAN_POINT('',(2.77886623709514,-10.1120396811666,1.1304434688794));
#2858=CARTESIAN_POINT('',(2.65215313805374,-10.0950223108266,1.44193074127959));
#2859=CARTESIAN_POINT('',(2.46981844197464,-10.0780180966057,1.73581114729382));
#2860=CARTESIAN_POINT('',(2.24705675547961,-10.0599447504384,1.98764582802203));
#2861=CARTESIAN_POINT('',(2.02433208160012,-10.0418744072194,2.23943866555736));
#2862=CARTESIAN_POINT('',(1.75507371330966,-10.0222446534025,2.45616207955937));
#2863=CARTESIAN_POINT('',(1.46148518024387,-10.0044527879335,2.61993531750833));
#2864=CARTESIAN_POINT('',(1.16780446069434,-9.98665533583789,2.78375998007794));
#2865=CARTESIAN_POINT('',(0.841670189523163,-9.97005649984478,2.89908338094667));
#2866=CARTESIAN_POINT('',(0.510277357005255,-9.95243614827765,2.95628432646928));
#2867=CARTESIAN_POINT('',(0.17897661313767,-9.93482069311815,3.01346937678429));
#2868=CARTESIAN_POINT('',(-0.166701670130029,-9.91560705496397,3.01416705570871));
#2869=CARTESIAN_POINT('',(-0.498178121578284,-9.8969487971846,2.95834726818552));
#2870=CARTESIAN_POINT('',(-0.829747854112571,-9.87828528876815,2.90251177236577));
#2871=CARTESIAN_POINT('',(-1.15633265682691,-9.86113270805253,2.78854995063056));
#2872=CARTESIAN_POINT('',(-1.45072115037766,-9.84415106306039,2.62591091696709));
#2873=CARTESIAN_POINT('',(-1.7450214000653,-9.82717450836896,2.4633206348579));
#2874=CARTESIAN_POINT('',(-2.01523125623422,-9.80914641931475,2.24762854693513));
#2875=CARTESIAN_POINT('',(-2.23896245524183,-9.79056311738208,1.99675915523569));
#2876=CARTESIAN_POINT('',(-2.46270867875746,-9.77197856750111,1.74587291658238));
#2877=CARTESIAN_POINT('',(-2.64618299032607,-9.75319748944258,1.45285091557179));
#2878=CARTESIAN_POINT('',(-2.77417077139611,-9.73612524270638,1.14191791786081));
#2879=CARTESIAN_POINT('',(-2.9021693114604,-9.71905156083159,0.83095878229271));
#2880=CARTESIAN_POINT('',(-2.97815718177636,-9.701780013038,0.493574260311096));
#2881=CARTESIAN_POINT('',(-2.9958453008753,-9.68347779850098,0.157831977822882));
#2882=CARTESIAN_POINT('',(-3.01353113761103,-9.66517794556617,-0.177866982600982));
#2883=CARTESIAN_POINT('',(-2.97344855281693,-9.64537982698585,-0.521182862941253));
#2884=CARTESIAN_POINT('',(-2.8788870477754,-9.62767128115415,-0.843806474347715));
#2885=CARTESIAN_POINT('',(-2.784297907733,-9.60995756011211,-1.16652437046102));
#2886=CARTESIAN_POINT('',(-2.63255985212822,-9.59348368229214,-1.47740667300287));
#2887=CARTESIAN_POINT('',(-2.43632256141599,-9.57599456201055,-1.7505234579221));
#2888=CARTESIAN_POINT('',(-2.24015031477481,-9.55851123860671,-2.02354971658354));
#2889=CARTESIAN_POINT('',(-1.99412654697021,-9.53944135181918,-2.2663733875833));
#2890=CARTESIAN_POINT('',(-1.71861214664672,-9.52090658472924,-2.45893722762464));
#2891=CARTESIAN_POINT('',(-1.4430227090233,-9.50236676963138,-2.65155351309391));
#2892=CARTESIAN_POINT('',(-1.1302463346481,-9.4852652031133,-2.79922191208307));
#2893=CARTESIAN_POINT('',(-0.806317497499633,-9.46811276217986,-2.88961106262174));
#2894=CARTESIAN_POINT('',(-0.482460405060342,-9.45096412021935,-2.97998019350617));
#2895=CARTESIAN_POINT('',(-0.138563820018583,-9.43263242538699,-3.01559156773139));
#2896=CARTESIAN_POINT('',(0.196855195060366,-9.41388045294798,-2.99353437130388));
#2897=CARTESIAN_POINT('',(0.53230732102965,-9.39512662940788,-2.97147499750009));
#2898=CARTESIAN_POINT('',(0.868593566567161,-9.37640932431843,-2.89112847280925));
#2899=CARTESIAN_POINT('',(1.17786274629719,-9.3594440504602,-2.75910118532924));
#2900=CARTESIAN_POINT('',(1.4871287144512,-9.34247895277621,-2.62707526887388));
#2901=CARTESIAN_POINT('',(1.77783040583013,-9.32534478778639,-2.43974447563206));
#2902=CARTESIAN_POINT('',(2.02580602661783,-9.30717784136643,-2.21271551323681));
#2903=CARTESIAN_POINT('',(2.27374791581397,-9.2890133661572,-1.98571743310413));
#2904=CARTESIAN_POINT('',(2.48583441377825,-9.26937751108422,-1.71279004222612));
#2905=CARTESIAN_POINT('',(2.64456374279948,-9.25174811834286,-1.41643305887371));
#2906=CARTESIAN_POINT('',(2.75312174045322,-9.23969104239065,-1.21374889897823));
#2907=CARTESIAN_POINT('',(2.83879093880569,-9.22820428074994,-0.997065170929893));
#2908=CARTESIAN_POINT('',(2.89818686751394,-9.21645135414835,-0.774927661767603));
#2909=CARTESIAN_POINT('',(1.02032663204042,-9.21645135414863,2.82115819548444));
#2910=CARTESIAN_POINT('',(1.33268477972127,-9.23488079623522,2.70818780717948));
#2911=CARTESIAN_POINT('',(1.63000773618203,-9.25284604424932,2.54036639663126));
#2912=CARTESIAN_POINT('',(1.88818996889699,-9.26966615855857,2.33125259063808));
#2913=CARTESIAN_POINT('',(2.14949066222333,-9.28668943504285,2.11961299826358));
#2914=CARTESIAN_POINT('',(2.37778362151487,-9.30428681231497,1.85988229633512));
#2915=CARTESIAN_POINT('',(2.55412877670562,-9.32278152427006,1.57366648054923));
#2916=CARTESIAN_POINT('',(2.73046359575218,-9.34127515219191,1.28746744077251));
#2917=CARTESIAN_POINT('',(2.85974927121102,-9.3609257647885,0.966891191277202));
#2918=CARTESIAN_POINT('',(2.93129376319806,-9.37828672932236,0.638370483211809));
#2919=CARTESIAN_POINT('',(3.00285331419648,-9.39565134807131,0.30978062660762));
#2920=CARTESIAN_POINT('',(3.01857591033521,-9.41227250167957,-0.0357682743233435));
#2921=CARTESIAN_POINT('',(2.97716027181772,-9.42998400309448,-0.369481685486832));
#2922=CARTESIAN_POINT('',(2.93575578856342,-9.44769073393318,-0.703105211257572));
#2923=CARTESIAN_POINT('',(2.83613133061816,-9.4670295100224,-1.03409639696637));
#2924=CARTESIAN_POINT('',(2.68653132243218,-9.48536618816771,-1.33512151266869));
#2925=CARTESIAN_POINT('',(2.53688386686408,-9.5037086820037,-1.63624210198672));
#2926=CARTESIAN_POINT('',(2.3330467027103,-9.52043586617275,-1.91572391880431));
#2927=CARTESIAN_POINT('',(2.09199646760777,-9.53773809848329,-2.15024435344371));
#2928=CARTESIAN_POINT('',(1.85101423628528,-9.55503544958224,-2.38469862645482));
#2929=CARTESIAN_POINT('',(1.56622509768856,-9.57372519723825,-2.58068336101574));
#2930=CARTESIAN_POINT('',(1.26123743447271,-9.59250747208165,-2.72199928983912));
#2931=CARTESIAN_POINT('',(0.95619530250009,-9.61129310131371,-2.8633404567422));
#2932=CARTESIAN_POINT('',(0.622460326156978,-9.62939793360745,-2.95391910738938));
#2933=CARTESIAN_POINT('',(0.287714553012942,-9.64630878710503,-2.98617151817918));
#2934=CARTESIAN_POINT('',(-0.0469878863355561,-9.66321745144438,-3.01841975380237));
#2935=CARTESIAN_POINT('',(-0.391865241802879,-9.6806748699531,-2.99323506067936));
#2936=CARTESIAN_POINT('',(-0.718264096807315,-9.6990345628425,-2.91274727486571));
#2937=CARTESIAN_POINT('',(-1.04464248778105,-9.71739310464539,-2.83226453534586));
#2938=CARTESIAN_POINT('',(-1.36157020953848,-9.73685528117154,-2.69428346077096));
#2939=CARTESIAN_POINT('',(-1.642884034223,-9.75419191942167,-2.51016574155876));
#2940=CARTESIAN_POINT('',(-1.92426167179309,-9.77153249029371,-2.32600625730724));
#2941=CARTESIAN_POINT('',(-2.17769990865853,-9.78837417817459,-2.09061948636543));
#2942=CARTESIAN_POINT('',(-2.3821000216576,-9.80632012535862,-1.82362262730503));
#2943=CARTESIAN_POINT('',(-2.58645634746409,-9.82426222810913,-1.55668296509604));
#2944=CARTESIAN_POINT('',(-2.74745048026183,-9.84384285374508,-1.25080774878248));
#2945=CARTESIAN_POINT('',(-2.85180077939481,-9.86217436495647,-0.931253088393918));
#2946=CARTESIAN_POINT('',(-2.95618633249687,-9.88051206933198,-0.611590468850382));
#2947=CARTESIAN_POINT('',(-3.00675367838181,-9.89707663600822,-0.269358705410392));
#2948=CARTESIAN_POINT('',(-2.99925411703442,-9.914252514116,0.0668935082959943));
#2949=CARTESIAN_POINT('',(-2.99175739767567,-9.93142188335637,0.403018297886771));
#2950=CARTESIAN_POINT('',(-2.92605469224497,-9.94996758747969,0.74241961107855));
#2951=CARTESIAN_POINT('',(-2.80762570597244,-9.96862023597633,1.05699474698923));
#2952=CARTESIAN_POINT('',(-2.68917562838805,-9.9872762063694,1.371625906366));
#2953=CARTESIAN_POINT('',(-2.51467946013613,-10.005239003111,1.67017020484591));
#2954=CARTESIAN_POINT('',(-2.29858615646984,-10.0222663979881,1.92782304200496));
#2955=CARTESIAN_POINT('',(-2.08250726894043,-10.0392926569242,2.18545869048437));
#2956=CARTESIAN_POINT('',(-1.81891694847981,-10.057043277098,2.40926388450622));
#2957=CARTESIAN_POINT('',(-1.52973302636298,-10.0756114176511,2.58068147357522));
#2958=CARTESIAN_POINT('',(-1.24055817857033,-10.0941789755532,2.75209368371872));
#2959=CARTESIAN_POINT('',(-0.917804226448707,-10.113688264302,2.87588023800223));
#2960=CARTESIAN_POINT('',(-0.588096290245393,-10.1309292378761,2.94179243887118));
#2961=CARTESIAN_POINT('',(-0.258333023267706,-10.1481731047881,3.00771570096345));
#2962=CARTESIAN_POINT('',(0.0874193461591738,-10.1648831019979,3.01752011284514));
#2963=CARTESIAN_POINT('',(0.42036048221953,-10.1826950690689,2.97040351888227));
#2964=CARTESIAN_POINT('',(0.753221182746722,-10.2005027329316,2.92329830785754));
#2965=CARTESIAN_POINT('',(1.08245446133105,-10.2199411783628,2.81802994916375));
#2966=CARTESIAN_POINT('',(1.38088198249379,-10.2381566803868,2.66329963586976));
#2967=CARTESIAN_POINT('',(1.6794075551283,-10.2563781673038,2.50851848431899));
#2968=CARTESIAN_POINT('',(1.95536701262202,-10.2730036080048,2.29992270910287));
#2969=CARTESIAN_POINT('',(2.18572781395608,-10.290385296073,2.0548951124811));
#2970=CARTESIAN_POINT('',(2.41602073280317,-10.307761862123,1.80993972034263));
#2971=CARTESIAN_POINT('',(2.60709948080125,-10.3266036591112,1.52184751692027));
#2972=CARTESIAN_POINT('',(2.74317718743074,-10.3453746501854,1.21448710094407));
#2973=CARTESIAN_POINT('',(2.87928355056632,-10.364149594229,0.907061958159548));
#2974=CARTESIAN_POINT('',(2.96414332812783,-10.3819796249393,0.57180063536568));
#2975=CARTESIAN_POINT('',(2.99066012499928,-10.3988918316701,0.236541786454737));
#2976=CARTESIAN_POINT('',(3.0171721313642,-10.4158009830531,-0.0986564948200157));
#2977=CARTESIAN_POINT('',(2.9860887059366,-10.4334106070296,-0.443036280383744));
#2978=CARTESIAN_POINT('',(2.90003055605129,-10.4518439516273,-0.767999201802164));
#2979=CARTESIAN_POINT('',(2.81397482461585,-10.4702767782018,-1.09295299094737));
#2980=CARTESIAN_POINT('',(2.67058566173259,-10.4895928700621,-1.40748546723139));
#2981=CARTESIAN_POINT('',(2.48167392787231,-10.5068325327306,-1.68561398775602));
#2982=CARTESIAN_POINT('',(2.29272598805529,-10.5240754994739,-1.96379581311767));
#2983=CARTESIAN_POINT('',(2.05304434824344,-10.541020697914,-2.21315769728236));
#2984=CARTESIAN_POINT('',(1.78259977339319,-10.5590673854274,-2.41295214372322));
#2985=CARTESIAN_POINT('',(1.51220730384567,-10.5771105959692,-2.61270809669413));
#2986=CARTESIAN_POINT('',(1.20362789608295,-10.5967766604072,-2.76844527661653));
#2987=CARTESIAN_POINT('',(0.882327363471873,-10.6149624772016,-2.86731554309406));
#2988=CARTESIAN_POINT('',(0.560917521639402,-10.6331544809682,-2.96621944609175));
#2989=CARTESIAN_POINT('',(0.217865204163429,-10.6496262266133,-3.01092249567792));
#2990=CARTESIAN_POINT('',(-0.118206070872748,-10.6668800752113,-2.9976703162304));
#2991=CARTESIAN_POINT('',(-0.454149324094855,-10.6841273511888,-2.98442318502167));
#2992=CARTESIAN_POINT('',(-0.792368368665986,-10.7028250369156,-2.91292561488598));
#2993=CARTESIAN_POINT('',(-1.10487188280437,-10.721467860686,-2.78913214505666));
#2994=CARTESIAN_POINT('',(-1.41744017701969,-10.7401145490003,-2.66531301359431));
#2995=CARTESIAN_POINT('',(-1.71297490559079,-10.757823452265,-2.48572006684509));
#2996=CARTESIAN_POINT('',(-1.96689674276855,-10.774868596728,-2.2652410916471));
#2997=CARTESIAN_POINT('',(-2.22078990927273,-10.7919118165998,-2.04478701104186));
#2998=CARTESIAN_POINT('',(-2.44004072866227,-10.8098194587631,-1.77741561818697));
#2999=CARTESIAN_POINT('',(-2.60648012309904,-10.8284521099702,-1.48534890442942));
#3000=CARTESIAN_POINT('',(-2.77291999353204,-10.8470848144644,-1.19328135539694));
#3001=CARTESIAN_POINT('',(-2.89117102341302,-10.8664146060926,-0.8684406559599));
#3002=CARTESIAN_POINT('',(-2.95143037750439,-10.8835552536092,-0.53764182012222));
#3003=CARTESIAN_POINT('',(-3.01169708422154,-10.900697992565,-0.20680262142167));
#3004=CARTESIAN_POINT('',(-3.01558027895449,-10.9175097618673,0.139051285828505));
#3005=CARTESIAN_POINT('',(-2.96277630088146,-10.9354219343919,0.471122692019053));
#3006=CARTESIAN_POINT('',(-2.90998360061466,-10.9533302812576,0.803123174822567));
#3007=CARTESIAN_POINT('',(-2.79910133065023,-10.9728549311167,1.13050308434805));
#3008=CARTESIAN_POINT('',(-2.63928431704712,-10.9909274434615,1.42624622481156));
#3009=CARTESIAN_POINT('',(-2.47941428630531,-11.0090059511185,1.72208747407301));
#3010=CARTESIAN_POINT('',(-2.2661234867342,-11.0255774302805,1.99443890025496));
#3011=CARTESIAN_POINT('',(-2.0171925680051,-11.0430451134275,2.22057067970939));
#3012=CARTESIAN_POINT('',(-1.7683355755075,-11.0605076091113,2.44663530370414));
#3013=CARTESIAN_POINT('',(-1.4770238858477,-11.0794958920536,2.63275313933676));
#3014=CARTESIAN_POINT('',(-1.16737894280004,-11.0982389878531,2.76355322074808));
#3015=CARTESIAN_POINT('',(-0.857659762879263,-11.1169865772794,2.89438466126687));
#3016=CARTESIAN_POINT('',(-0.520970604291407,-11.1345484436142,2.97349918258231));
#3017=CARTESIAN_POINT('',(-0.185297772613127,-11.1514762017326,2.99427198755634));
#3018=CARTESIAN_POINT('',(0.15029809488861,-11.1684000785987,3.01504002967298));
#3019=CARTESIAN_POINT('',(0.494079913337111,-11.1861659002166,2.97806735426501));
#3020=CARTESIAN_POINT('',(0.817512899879649,-11.2046642288858,2.88646369430318));
#3021=CARTESIAN_POINT('',(1.14094832338796,-11.223162696934,2.79485934413659));
#3022=CARTESIAN_POINT('',(1.45299559371848,-11.2422985794262,2.64610153042493));
#3023=CARTESIAN_POINT('',(1.727856674728,-11.2594601290958,2.45245006301817));
#3024=CARTESIAN_POINT('',(2.00275988322679,-11.2766243090869,2.25876891498117));
#3025=CARTESIAN_POINT('',(2.24797173987302,-11.293684576718,2.01486291259788));
#3026=CARTESIAN_POINT('',(2.44310180970999,-11.3118303859423,1.74104955339925));
#3027=CARTESIAN_POINT('',(2.63819872168371,-11.3299731117041,1.46728272247749));
#3028=CARTESIAN_POINT('',(2.78863347124313,-11.3497097123573,1.15608778997116));
#3029=CARTESIAN_POINT('',(2.88199384544725,-11.3677270988131,0.833133527595725));
#3030=CARTESIAN_POINT('',(2.97538519119624,-11.3857504623904,0.510072127770237));
#3031=CARTESIAN_POINT('',(3.01420921704541,-11.4021815609172,0.166305822992996));
#3032=CARTESIAN_POINT('',(2.99520878634296,-11.4195200230658,-0.169482524803784));
#3033=CARTESIAN_POINT('',(2.97621539952061,-11.4368520574628,-0.505146388429712));
#3034=CARTESIAN_POINT('',(2.8989440996111,-11.4556962812898,-0.842085452062255));
#3035=CARTESIAN_POINT('',(2.76982147403338,-11.4743128400111,-1.15242743892337));
#3036=CARTESIAN_POINT('',(2.64066868316598,-11.492933747884,-1.46284192706682));
#3037=CARTESIAN_POINT('',(2.45603087899769,-11.5103985515401,-1.75527919969232));
#3038=CARTESIAN_POINT('',(2.23123104151459,-11.5274745166809,-2.00539473405653));
#3039=CARTESIAN_POINT('',(2.00646651377048,-11.5445477996674,-2.25547098229699));
#3040=CARTESIAN_POINT('',(1.73539239083774,-11.5626149795829,-2.47010379540159));
#3041=CARTESIAN_POINT('',(1.44052742518008,-11.5813021308656,-2.63151681303844));
#3042=CARTESIAN_POINT('',(1.14565109396492,-11.5999900024438,-2.79293605233317));
#3043=CARTESIAN_POINT('',(0.818815621192139,-11.6191083132115,-2.90561652911061));
#3044=CARTESIAN_POINT('',(0.487022583092599,-11.6361676895331,-2.96020421652929));
#3045=CARTESIAN_POINT('',(0.155205127185943,-11.6532283213137,-3.01479592124632));
#3046=CARTESIAN_POINT('',(-0.19064852325528,-11.6701535603145,-3.01275669305749));
#3047=CARTESIAN_POINT('',(-0.521753178488287,-11.6881644582073,-2.95428055890726));
#3048=CARTESIAN_POINT('',(-0.852796566465025,-11.7061720233826,-2.89581524511923));
#3049=CARTESIAN_POINT('',(-1.17822847108357,-11.7257681112013,-2.77935049955923));
#3050=CARTESIAN_POINT('',(-1.47120132589474,-11.7436751090231,-2.61449166353339));
#3051=CARTESIAN_POINT('',(-1.76426926032888,-11.7615879182728,-2.44957932522667));
#3052=CARTESIAN_POINT('',(-2.03292756151533,-11.7781594041517,-2.23165924203087));
#3053=CARTESIAN_POINT('',(-2.25476208634274,-11.7957184287314,-1.97890068825888));
#3054=CARTESIAN_POINT('',(-2.47653262867069,-11.8132723888592,-1.72621503623221));
#3055=CARTESIAN_POINT('',(-2.65763605447135,-11.8324002021687,-1.43176861157552));
#3056=CARTESIAN_POINT('',(-2.78312065306233,-11.851097757674,-1.11992831489252));
#3057=CARTESIAN_POINT('',(-2.90863861491295,-11.8698002843982,-0.808005107566279));
#3058=CARTESIAN_POINT('',(-2.98198331719701,-11.8871073270055,-0.469987875445189));
#3059=CARTESIAN_POINT('',(-2.99700581117694,-11.9040638424192,-0.134000626012504));
#3060=CARTESIAN_POINT('',(-3.01202419124904,-11.9210157142935,0.201894613360126));
#3061=CARTESIAN_POINT('',(-2.96917374707604,-11.9389403732002,0.544978493472045));
#3062=CARTESIAN_POINT('',(-2.87205120970714,-11.9574938327343,0.866788237587378));
#3063=CARTESIAN_POINT('',(-2.77492442422733,-11.9760481037912,1.18861205756523));
#3064=CARTESIAN_POINT('',(-2.62083930152518,-11.9949757582919,1.49808455511205));
#3065=CARTESIAN_POINT('',(-2.4225040419739,-12.0120773913439,1.769597176371));
#3066=CARTESIAN_POINT('',(-2.22414656196822,-12.0291809403743,2.04114021649663));
#3067=CARTESIAN_POINT('',(-1.97608809303315,-12.0463665773836,2.28212990842037));
#3068=CARTESIAN_POINT('',(-1.69898591002142,-12.0646086597813,2.47253854925434));
#3069=CARTESIAN_POINT('',(-1.42192409355491,-12.0828480847844,2.6629194525262));
#3070=CARTESIAN_POINT('',(-1.10820276427274,-12.1026372137997,2.80800812529445));
#3071=CARTESIAN_POINT('',(-0.78368737967642,-12.1204646263263,2.89583046653908));
#3072=CARTESIAN_POINT('',(-0.434077206036542,-12.139670633452,2.99044411331637));
#3073=CARTESIAN_POINT('',(-0.0610953239229719,-12.1573497238108,3.02116814190016));
#3074=CARTESIAN_POINT('',(0.299298642889412,-12.176278700037,2.98503271713469));
#3075=CARTESIAN_POINT('',(-1.38777878078145E-14,-7.49994500320422,-2.41955787282E-16));
#3076=CARTESIAN_POINT('',(0.627207956718868,-7.00983247436367,-2.27357261353767));
#3077=CARTESIAN_POINT('',(0.0319880383777907,-7.05149914103033,-2.43777527262943));
#3078=CARTESIAN_POINT('',(-1.28962026825082,-7.13483247436367,-2.27222165008049));
#3079=CARTESIAN_POINT('',(-2.51989844072371,-7.25983247436367,-0.695161589620899));
#3080=CARTESIAN_POINT('',(-2.2722216500805,-7.38483247436367,1.28962026825081));
#3081=CARTESIAN_POINT('',(-0.695161589620914,-7.50983247436367,2.51989844072369));
#3082=CARTESIAN_POINT('',(1.28962026825079,-7.63483247436367,2.27222165008049));
#3083=CARTESIAN_POINT('',(2.51989844072368,-7.75983247436367,0.695161589620899));
#3084=CARTESIAN_POINT('',(2.27222165008048,-7.88483247436367,-1.28962026825081));
#3085=CARTESIAN_POINT('',(0.695161589620886,-8.00983247436367,-2.51989844072369));
#3086=CARTESIAN_POINT('',(-1.28962026825082,-8.13483247436367,-2.27222165008049));
#3087=CARTESIAN_POINT('',(-2.51989844072371,-8.25983247436367,-0.6951615896209));
#3088=CARTESIAN_POINT('',(-2.27222165008049,-8.38483247436367,1.2896202682508));
#3089=CARTESIAN_POINT('',(-0.695161589620914,-8.50983247436367,2.51989844072369));
#3090=CARTESIAN_POINT('',(1.28962026825079,-8.63483247436367,2.27222165008049));
#3091=CARTESIAN_POINT('',(2.51989844072368,-8.75983247436367,0.6951615896209));
#3092=CARTESIAN_POINT('',(2.27222165008048,-8.88483247436367,-1.2896202682508));
#3093=CARTESIAN_POINT('',(0.695161589620886,-9.00983247436367,-2.51989844072369));
#3094=CARTESIAN_POINT('',(-1.28962026825082,-9.13483247436367,-2.27222165008049));
#3095=CARTESIAN_POINT('',(-2.51989844072371,-9.25983247436367,-0.695161589620901));
#3096=CARTESIAN_POINT('',(-2.27222165008049,-9.38483247436367,1.2896202682508));
#3097=CARTESIAN_POINT('',(-0.695161589620914,-9.50983247436367,2.51989844072369));
#3098=CARTESIAN_POINT('',(1.28962026825079,-9.63483247436367,2.27222165008048));
#3099=CARTESIAN_POINT('',(2.51989844072367,-9.75983247436367,0.695161589620908));
#3100=CARTESIAN_POINT('',(2.27222165008048,-9.88483247436367,-1.28962026825081));
#3101=CARTESIAN_POINT('',(0.695161589620886,-10.0098324743637,-2.51989844072369));
#3102=CARTESIAN_POINT('',(-1.28962026825082,-10.1348324743637,-2.27222165008049));
#3103=CARTESIAN_POINT('',(-2.51989844072371,-10.2598324743637,-0.695161589620894));
#3104=CARTESIAN_POINT('',(-2.27222165008049,-10.3848324743637,1.2896202682508));
#3105=CARTESIAN_POINT('',(-0.695161589620914,-10.5098324743637,2.51989844072369));
#3106=CARTESIAN_POINT('',(1.28962026825079,-10.6348324743637,2.27222165008048));
#3107=CARTESIAN_POINT('',(2.51989844072367,-10.7598324743637,0.695161589620908));
#3108=CARTESIAN_POINT('',(2.27222165008048,-10.8848324743637,-1.28962026825081));
#3109=CARTESIAN_POINT('',(0.695161589620886,-11.0098324743637,-2.51989844072369));
#3110=CARTESIAN_POINT('',(-1.28962026825082,-11.1348324743637,-2.27222165008049));
#3111=CARTESIAN_POINT('',(-2.51989844072371,-11.2598324743637,-0.695161589620895));
#3112=CARTESIAN_POINT('',(-2.27222165008049,-11.3848324743637,1.2896202682508));
#3113=CARTESIAN_POINT('',(-0.973702399208964,-11.4877549377679,2.30260634971782));
#3114=CARTESIAN_POINT('',(-0.0540010342584343,-11.5490107345055,2.37311347064463));
#3115=CARTESIAN_POINT('',(0.235003375015537,-11.5685998645764,2.34378865298655));
#3116=CARTESIAN_POINT('',(0.836641544240645,-7.46451684520403,-3.0327505924578));
#3117=CARTESIAN_POINT('',(0.0426692957876881,-7.50618351187069,-3.25178283654734));
#3118=CARTESIAN_POINT('',(-1.72024267414869,-7.58951684520403,-3.0309485232383));
#3119=CARTESIAN_POINT('',(-3.36132808933998,-7.71451684520403,-0.92728585408858));
#3120=CARTESIAN_POINT('',(-3.03094852323831,-7.83951684520403,1.72024267414866));
#3121=CARTESIAN_POINT('',(-0.927285854088591,-7.96451684520403,3.36132808933996));
#3122=CARTESIAN_POINT('',(1.72024267414866,-8.08951684520403,3.03094852323829));
#3123=CARTESIAN_POINT('',(3.36132808933995,-8.21451684520403,0.92728585408858));
#3124=CARTESIAN_POINT('',(3.03094852323828,-8.33951684520403,-1.72024267414867));
#3125=CARTESIAN_POINT('',(0.927285854088564,-8.46451684520403,-3.36132808933996));
#3126=CARTESIAN_POINT('',(-1.72024267414869,-8.58951684520403,-3.03094852323828));
#3127=CARTESIAN_POINT('',(-3.36132808933998,-8.71451684520403,-0.927285854088581));
#3128=CARTESIAN_POINT('',(-3.03094852323831,-8.83951684520403,1.72024267414866));
#3129=CARTESIAN_POINT('',(-0.927285854088598,-8.96451684520403,3.36132808933997));
#3130=CARTESIAN_POINT('',(1.72024267414866,-9.08951684520403,3.03094852323829));
#3131=CARTESIAN_POINT('',(3.36132808933995,-9.21451684520403,0.927285854088581));
#3132=CARTESIAN_POINT('',(3.03094852323828,-9.33951684520403,-1.72024267414867));
#3133=CARTESIAN_POINT('',(0.927285854088571,-9.46451684520403,-3.36132808933997));
#3134=CARTESIAN_POINT('',(-1.72024267414869,-9.58951684520403,-3.03094852323829));
#3135=CARTESIAN_POINT('',(-3.36132808933998,-9.71451684520403,-0.927285854088582));
#3136=CARTESIAN_POINT('',(-3.03094852323831,-9.83951684520403,1.72024267414866));
#3137=CARTESIAN_POINT('',(-0.927285854088598,-9.96451684520403,3.36132808933997));
#3138=CARTESIAN_POINT('',(1.72024267414866,-10.0895168452041,3.03094852323829));
#3139=CARTESIAN_POINT('',(3.36132808933993,-10.2145168452041,0.927285854088592));
#3140=CARTESIAN_POINT('',(3.03094852323828,-10.3395168452041,-1.72024267414867));
#3141=CARTESIAN_POINT('',(0.927285854088571,-10.4645168452041,-3.36132808933996));
#3142=CARTESIAN_POINT('',(-1.72024267414869,-10.5895168452041,-3.0309485232383));
#3143=CARTESIAN_POINT('',(-3.36132808933998,-10.7145168452041,-0.927285854088573));
#3144=CARTESIAN_POINT('',(-3.03094852323831,-10.8395168452041,1.72024267414866));
#3145=CARTESIAN_POINT('',(-0.927285854088598,-10.9645168452041,3.36132808933997));
#3146=CARTESIAN_POINT('',(1.72024267414866,-11.0895168452041,3.03094852323829));
#3147=CARTESIAN_POINT('',(3.36132808933993,-11.2145168452041,0.927285854088592));
#3148=CARTESIAN_POINT('',(3.03094852323828,-11.3395168452041,-1.72024267414867));
#3149=CARTESIAN_POINT('',(0.927285854088571,-11.4645168452041,-3.36132808933996));
#3150=CARTESIAN_POINT('',(-1.72024267414869,-11.5895168452041,-3.0309485232383));
#3151=CARTESIAN_POINT('',(-3.36132808933998,-11.7145168452041,-0.927285854088574));
#3152=CARTESIAN_POINT('',(-3.03094852323831,-11.8395168452041,1.72024267414866));
#3153=CARTESIAN_POINT('',(-1.29883537059487,-11.9424393086083,3.07147910285475));
#3154=CARTESIAN_POINT('',(-0.0720327416267319,-12.0036951053459,3.16552954641218));
#3155=CARTESIAN_POINT('',(0.313474318156481,-12.0232842354168,3.12641275832426));
#3156=CARTESIAN_POINT('',(0.836641544240645,-7.53537316120441,-3.0327505924578));
#3157=CARTESIAN_POINT('',(0.0426692957876881,-7.57703982787108,-3.25178283654734));
#3158=CARTESIAN_POINT('',(-1.72024267414869,-7.66037316120441,-3.0309485232383));
#3159=CARTESIAN_POINT('',(-3.36132808933998,-7.78537316120441,-0.92728585408858));
#3160=CARTESIAN_POINT('',(-3.03094852323831,-7.91037316120441,1.72024267414866));
#3161=CARTESIAN_POINT('',(-0.927285854088591,-8.03537316120441,3.36132808933996));
#3162=CARTESIAN_POINT('',(1.72024267414866,-8.16037316120441,3.03094852323829));
#3163=CARTESIAN_POINT('',(3.36132808933995,-8.28537316120441,0.92728585408858));
#3164=CARTESIAN_POINT('',(3.03094852323828,-8.41037316120441,-1.72024267414867));
#3165=CARTESIAN_POINT('',(0.927285854088564,-8.53537316120441,-3.36132808933996));
#3166=CARTESIAN_POINT('',(-1.72024267414869,-8.66037316120441,-3.03094852323828));
#3167=CARTESIAN_POINT('',(-3.36132808933998,-8.78537316120441,-0.927285854088581));
#3168=CARTESIAN_POINT('',(-3.03094852323831,-8.91037316120441,1.72024267414866));
#3169=CARTESIAN_POINT('',(-0.927285854088598,-9.03537316120441,3.36132808933997));
#3170=CARTESIAN_POINT('',(1.72024267414866,-9.16037316120441,3.03094852323829));
#3171=CARTESIAN_POINT('',(3.36132808933995,-9.28537316120441,0.927285854088581));
#3172=CARTESIAN_POINT('',(3.03094852323828,-9.41037316120441,-1.72024267414867));
#3173=CARTESIAN_POINT('',(0.927285854088571,-9.53537316120441,-3.36132808933997));
#3174=CARTESIAN_POINT('',(-1.72024267414869,-9.66037316120441,-3.03094852323829));
#3175=CARTESIAN_POINT('',(-3.36132808933998,-9.78537316120441,-0.927285854088582));
#3176=CARTESIAN_POINT('',(-3.03094852323831,-9.91037316120441,1.72024267414866));
#3177=CARTESIAN_POINT('',(-0.927285854088598,-10.0353731612044,3.36132808933997));
#3178=CARTESIAN_POINT('',(1.72024267414866,-10.1603731612044,3.03094852323829));
#3179=CARTESIAN_POINT('',(3.36132808933993,-10.2853731612044,0.927285854088592));
#3180=CARTESIAN_POINT('',(3.03094852323828,-10.4103731612044,-1.72024267414867));
#3181=CARTESIAN_POINT('',(0.927285854088571,-10.5353731612044,-3.36132808933996));
#3182=CARTESIAN_POINT('',(-1.72024267414869,-10.6603731612044,-3.0309485232383));
#3183=CARTESIAN_POINT('',(-3.36132808933998,-10.7853731612044,-0.927285854088573));
#3184=CARTESIAN_POINT('',(-3.03094852323831,-10.9103731612044,1.72024267414866));
#3185=CARTESIAN_POINT('',(-0.927285854088598,-11.0353731612044,3.36132808933997));
#3186=CARTESIAN_POINT('',(1.72024267414866,-11.1603731612044,3.03094852323829));
#3187=CARTESIAN_POINT('',(3.36132808933993,-11.2853731612044,0.927285854088592));
#3188=CARTESIAN_POINT('',(3.03094852323828,-11.4103731612044,-1.72024267414867));
#3189=CARTESIAN_POINT('',(0.927285854088571,-11.5353731612044,-3.36132808933996));
#3190=CARTESIAN_POINT('',(-1.72024267414869,-11.6603731612044,-3.0309485232383));
#3191=CARTESIAN_POINT('',(-3.36132808933998,-11.7853731612044,-0.927285854088574));
#3192=CARTESIAN_POINT('',(-3.03094852323831,-11.9103731612044,1.72024267414866));
#3193=CARTESIAN_POINT('',(-1.29883537059487,-12.0132956246087,3.07147910285475));
#3194=CARTESIAN_POINT('',(-0.0720327416267319,-12.0745514213463,3.16552954641218));
#3195=CARTESIAN_POINT('',(0.313474318156481,-12.0941405514172,3.12641275832426));
#3196=CARTESIAN_POINT('',(0.627207956718868,-7.99005753204477,-2.27357261353767));
#3197=CARTESIAN_POINT('',(0.0319880383777907,-8.03172419871144,-2.43777527262943));
#3198=CARTESIAN_POINT('',(-1.28962026825082,-8.11505753204478,-2.27222165008049));
#3199=CARTESIAN_POINT('',(-2.51989844072371,-8.24005753204478,-0.6951615896209));
#3200=CARTESIAN_POINT('',(-2.2722216500805,-8.36505753204478,1.28962026825081));
#3201=CARTESIAN_POINT('',(-0.695161589620914,-8.49005753204478,2.51989844072369));
#3202=CARTESIAN_POINT('',(1.28962026825079,-8.61505753204478,2.27222165008049));
#3203=CARTESIAN_POINT('',(2.51989844072368,-8.74005753204478,0.695161589620899));
#3204=CARTESIAN_POINT('',(2.27222165008048,-8.86505753204477,-1.28962026825081));
#3205=CARTESIAN_POINT('',(0.695161589620886,-8.99005753204478,-2.51989844072369));
#3206=CARTESIAN_POINT('',(-1.28962026825082,-9.11505753204477,-2.27222165008049));
#3207=CARTESIAN_POINT('',(-2.51989844072371,-9.24005753204478,-0.6951615896209));
#3208=CARTESIAN_POINT('',(-2.27222165008049,-9.36505753204478,1.2896202682508));
#3209=CARTESIAN_POINT('',(-0.695161589620914,-9.49005753204478,2.51989844072369));
#3210=CARTESIAN_POINT('',(1.28962026825079,-9.61505753204478,2.27222165008049));
#3211=CARTESIAN_POINT('',(2.51989844072368,-9.74005753204478,0.6951615896209));
#3212=CARTESIAN_POINT('',(2.27222165008048,-9.86505753204478,-1.2896202682508));
#3213=CARTESIAN_POINT('',(0.695161589620886,-9.99005753204478,-2.51989844072369));
#3214=CARTESIAN_POINT('',(-1.28962026825082,-10.1150575320448,-2.27222165008049));
#3215=CARTESIAN_POINT('',(-2.51989844072371,-10.2400575320448,-0.695161589620901));
#3216=CARTESIAN_POINT('',(-2.27222165008049,-10.3650575320448,1.2896202682508));
#3217=CARTESIAN_POINT('',(-0.695161589620914,-10.4900575320448,2.51989844072369));
#3218=CARTESIAN_POINT('',(1.28962026825079,-10.6150575320448,2.27222165008048));
#3219=CARTESIAN_POINT('',(2.51989844072367,-10.7400575320448,0.695161589620908));
#3220=CARTESIAN_POINT('',(2.27222165008048,-10.8650575320448,-1.28962026825081));
#3221=CARTESIAN_POINT('',(0.695161589620886,-10.9900575320448,-2.51989844072369));
#3222=CARTESIAN_POINT('',(-1.28962026825082,-11.1150575320448,-2.27222165008049));
#3223=CARTESIAN_POINT('',(-2.51989844072371,-11.2400575320448,-0.695161589620895));
#3224=CARTESIAN_POINT('',(-2.27222165008049,-11.3650575320448,1.2896202682508));
#3225=CARTESIAN_POINT('',(-0.695161589620914,-11.4900575320448,2.51989844072369));
#3226=CARTESIAN_POINT('',(1.28962026825079,-11.6150575320448,2.27222165008048));
#3227=CARTESIAN_POINT('',(2.51989844072367,-11.7400575320448,0.695161589620908));
#3228=CARTESIAN_POINT('',(2.27222165008048,-11.8650575320448,-1.28962026825081));
#3229=CARTESIAN_POINT('',(0.695161589620886,-11.9900575320448,-2.51989844072369));
#3230=CARTESIAN_POINT('',(-1.28962026825082,-12.1150575320448,-2.27222165008049));
#3231=CARTESIAN_POINT('',(-2.51989844072371,-12.2400575320448,-0.695161589620895));
#3232=CARTESIAN_POINT('',(-2.27222165008049,-12.3650575320448,1.2896202682508));
#3233=CARTESIAN_POINT('',(-0.973702399208964,-12.4679799954491,2.30260634971782));
#3234=CARTESIAN_POINT('',(-0.0540010342584343,-12.5292357921866,2.37311347064463));
#3235=CARTESIAN_POINT('',(0.235003375015537,-12.5488249222575,2.34378865298655));
#3236=CARTESIAN_POINT('',(61.0000000000001,6.00005499679573,-17.5));
#3237=CARTESIAN_POINT('',(61.0000000000001,9.00005499679568,-17.5));
#3238=CARTESIAN_POINT('',(64.0000000000001,6.00005499679573,-17.5));
#3239=CARTESIAN_POINT('',(64.0000000000001,6.00005499679573,-20.));
#3240=CARTESIAN_POINT('',(64.0000000000001,6.00005499679573,-20.));
#3241=CARTESIAN_POINT('',(61.0000000000001,6.00005499679573,-20.));
#3242=CARTESIAN_POINT('',(61.0000000000001,9.00005499679568,-20.));
#3243=CARTESIAN_POINT('',(61.0000000000001,9.00005499679568,-20.));
#3244=CARTESIAN_POINT('',(61.0000000000001,6.00005499679573,-20.));
#3245=CARTESIAN_POINT('',(-31.0000000000001,9.00005499679568,-20.));
#3246=CARTESIAN_POINT('',(47.4629111773404,9.00005499679568,-20.));
#3247=CARTESIAN_POINT('',(47.4629111773404,9.00005499679568,-20.));
#3248=CARTESIAN_POINT('',(47.4629111773404,9.00005499679568,-17.5));
#3249=CARTESIAN_POINT('',(-31.0000000000001,9.00005499679568,-17.5));
#3250=CARTESIAN_POINT('',(-31.0000000000001,9.00005499679568,-20.));
#3251=CARTESIAN_POINT('',(64.0000000000001,-8.99994500320428,-20.));
#3252=CARTESIAN_POINT('',(64.0000000000001,-5.99994500320428,-20.));
#3253=CARTESIAN_POINT('',(61.0000000000001,-5.99994500320428,-20.));
#3254=CARTESIAN_POINT('',(61.0000000000001,-8.99994500320428,-20.));
#3255=CARTESIAN_POINT('',(-31.0000000000001,-8.99994500320428,-20.));
#3256=CARTESIAN_POINT('',(47.4629111773404,-8.99994500320428,-20.));
#3257=CARTESIAN_POINT('',(47.4629111773404,-6.74994500320428,-20.));
#3258=CARTESIAN_POINT('',(47.4629111773404,-5.98994500320428,-20.));
#3259=CARTESIAN_POINT('',(31.9814555886702,-5.98994500320428,-20.));
#3260=CARTESIAN_POINT('',(47.4529111773404,-5.98994500320428,-20.));
#3261=CARTESIAN_POINT('',(47.4529111773404,-5.24494500320428,-20.));
#3262=CARTESIAN_POINT('',(47.4529111773404,-5.99994500320423,-20.));
#3263=CARTESIAN_POINT('',(-0.0235444113298108,-5.99994500320428,-20.));
#3264=CARTESIAN_POINT('',(-16.5470888226596,-5.99994500320427,-20.));
#3265=CARTESIAN_POINT('',(-16.5470888226596,-6.74994500320428,-20.));
#3266=CARTESIAN_POINT('',(-16.5470888226596,-5.98994500320428,-20.));
#3267=CARTESIAN_POINT('',(-0.0235444113298108,-5.98994500320428,-20.));
#3268=CARTESIAN_POINT('',(-16.5570888226597,-5.98994500320428,-20.));
#3269=CARTESIAN_POINT('',(-16.5570888226597,-5.24494500320428,-20.));
#3270=CARTESIAN_POINT('',(-16.5570888226597,-8.99994500320428,-20.));
#3271=CARTESIAN_POINT('',(-31.0000000000001,-8.99994500320428,-20.));
#3272=CARTESIAN_POINT('',(-28.,-8.99994500320428,-20.));
#3273=CARTESIAN_POINT('',(-28.,-5.99994500320428,-20.));
#3274=CARTESIAN_POINT('',(-31.0000000000001,-5.99994500320428,-20.));
#3275=CARTESIAN_POINT('',(-31.0000000000001,5.49967957237558E-5,-20.));
#3276=CARTESIAN_POINT('',(-31.0000000000001,6.00005499679572,-20.));
#3277=CARTESIAN_POINT('',(-28.,6.00005499679572,-20.));
#3278=CARTESIAN_POINT('',(-28.,9.00005499679568,-20.));
#3279=CARTESIAN_POINT('',(-31.0000000000001,9.00005499679568,-20.));
#3280=CARTESIAN_POINT('',(-16.5570888226597,9.00005499679568,-20.));
#3281=CARTESIAN_POINT('',(-16.5570888226597,5.24505499679572,-20.));
#3282=CARTESIAN_POINT('',(-16.5570888226597,5.99005499679571,-20.));
#3283=CARTESIAN_POINT('',(-0.0235444113298108,5.99005499679571,-20.));
#3284=CARTESIAN_POINT('',(-16.5470888226596,5.99005499679571,-20.));
#3285=CARTESIAN_POINT('',(-16.5470888226596,6.75005499679572,-20.));
#3286=CARTESIAN_POINT('',(-16.5470888226596,6.00005499679567,-20.));
#3287=CARTESIAN_POINT('',(-0.0235444113298108,6.00005499679571,-20.));
#3288=CARTESIAN_POINT('',(47.4529111773404,6.00005499679573,-20.));
#3289=CARTESIAN_POINT('',(47.4529111773404,5.24505499679572,-20.));
#3290=CARTESIAN_POINT('',(47.4529111773404,5.99005499679572,-20.));
#3291=CARTESIAN_POINT('',(31.9814555886702,5.99005499679572,-20.));
#3292=CARTESIAN_POINT('',(47.4629111773404,5.99005499679572,-20.));
#3293=CARTESIAN_POINT('',(47.4629111773404,6.75005499679573,-20.));
#3294=CARTESIAN_POINT('',(-17.9999999999999,5.49967957237558E-5,-20.));
#3295=CARTESIAN_POINT('',(-14.7500000000001,5.49967957237558E-5,-20.));
#3296=CARTESIAN_POINT('',(57.0000000000001,5.49967957237558E-5,-20.));
#3297=CARTESIAN_POINT('',(60.2500000000001,5.49967957237558E-5,-20.));
#3298=CARTESIAN_POINT('',(16.5000000000001,4.50005499679572,-20.));
#3299=CARTESIAN_POINT('',(61.0000000000001,-5.99994500320428,-17.5));
#3300=CARTESIAN_POINT('',(64.0000000000001,-5.99994500320428,-17.5));
#3301=CARTESIAN_POINT('',(61.0000000000001,-8.99994500320428,-17.5));
#3302=CARTESIAN_POINT('',(61.0000000000001,-8.99994500320428,-20.));
#3303=CARTESIAN_POINT('',(64.0000000000001,-5.99994500320428,-20.));
#3304=CARTESIAN_POINT('',(61.0000000000001,-5.99994500320428,-20.));
#3305=CARTESIAN_POINT('',(-31.0000000000001,-8.99994500320428,-17.5));
#3306=CARTESIAN_POINT('',(47.4629111773404,-8.99994500320428,-17.5));
#3307=CARTESIAN_POINT('',(47.4629111773404,-8.99994500320428,-20.));
#3308=CARTESIAN_POINT('',(-31.0000000000001,-8.99994500320428,-20.));
#3309=CARTESIAN_POINT('',(47.4629111773404,6.75005499679573,-17.5));
#3310=CARTESIAN_POINT('',(47.4629111773404,5.99005499679572,-17.5));
#3311=CARTESIAN_POINT('',(31.9814555886702,5.99005499679572,-17.5));
#3312=CARTESIAN_POINT('',(47.4529111773404,5.99005499679572,-17.5));
#3313=CARTESIAN_POINT('',(47.4529111773404,5.24505499679572,-17.5));
#3314=CARTESIAN_POINT('',(47.4529111773404,6.00005499679572,-17.5));
#3315=CARTESIAN_POINT('',(-0.0235444113298108,6.00005499679571,-17.5));
#3316=CARTESIAN_POINT('',(-16.5470888226596,6.00005499679571,-17.5));
#3317=CARTESIAN_POINT('',(-16.5470888226596,6.75005499679572,-17.5));
#3318=CARTESIAN_POINT('',(-16.5470888226596,5.99005499679571,-17.5));
#3319=CARTESIAN_POINT('',(-0.0235444113298108,5.99005499679571,-17.5));
#3320=CARTESIAN_POINT('',(-16.5570888226597,5.99005499679571,-17.5));
#3321=CARTESIAN_POINT('',(-16.5570888226597,5.24505499679572,-17.5));
#3322=CARTESIAN_POINT('',(-16.5570888226597,9.00005499679568,-17.5));
#3323=CARTESIAN_POINT('',(-31.0000000000001,9.00005499679568,-17.5));
#3324=CARTESIAN_POINT('',(-28.,9.00005499679568,-17.5));
#3325=CARTESIAN_POINT('',(-28.,6.00005499679572,-17.5));
#3326=CARTESIAN_POINT('',(-31.0000000000001,6.00005499679572,-17.5));
#3327=CARTESIAN_POINT('',(-31.0000000000001,5.49967957237558E-5,-17.5));
#3328=CARTESIAN_POINT('',(-31.0000000000001,-5.99994500320428,-17.5));
#3329=CARTESIAN_POINT('',(-28.,-5.99994500320428,-17.5));
#3330=CARTESIAN_POINT('',(-28.,-8.99994500320428,-17.5));
#3331=CARTESIAN_POINT('',(-31.0000000000001,-8.99994500320428,-17.5));
#3332=CARTESIAN_POINT('',(-16.5570888226597,-8.99994500320428,-17.5));
#3333=CARTESIAN_POINT('',(-16.5570888226597,-5.24494500320428,-17.5));
#3334=CARTESIAN_POINT('',(-16.5570888226597,-5.98994500320428,-17.5));
#3335=CARTESIAN_POINT('',(-0.0235444113298108,-5.98994500320428,-17.5));
#3336=CARTESIAN_POINT('',(-16.5470888226596,-5.98994500320428,-17.5));
#3337=CARTESIAN_POINT('',(-16.5470888226596,-6.74994500320428,-17.5));
#3338=CARTESIAN_POINT('',(-16.5470888226596,-5.99994500320427,-17.5));
#3339=CARTESIAN_POINT('',(-0.0235444113298108,-5.99994500320428,-17.5));
#3340=CARTESIAN_POINT('',(47.4529111773404,-5.99994500320428,-17.5));
#3341=CARTESIAN_POINT('',(47.4529111773404,-5.24494500320428,-17.5));
#3342=CARTESIAN_POINT('',(47.4529111773404,-5.98994500320428,-17.5));
#3343=CARTESIAN_POINT('',(31.9814555886702,-5.98994500320428,-17.5));
#3344=CARTESIAN_POINT('',(47.4629111773404,-5.98994500320428,-17.5));
#3345=CARTESIAN_POINT('',(47.4629111773404,-6.74994500320428,-17.5));
#3346=CARTESIAN_POINT('',(64.0000000000001,-8.99994500320428,-17.5));
#3347=CARTESIAN_POINT('',(-17.9999999999999,5.49967957237558E-5,-17.5));
#3348=CARTESIAN_POINT('',(-21.25,5.49967957237558E-5,-17.5));
#3349=CARTESIAN_POINT('',(57.0000000000001,5.49967957237558E-5,-17.5));
#3350=CARTESIAN_POINT('',(53.7500000000001,5.49967957237558E-5,-17.5));
#3351=CARTESIAN_POINT('',(16.5000000000001,4.50005499679572,-17.5));
#3352=CARTESIAN_POINT('',(-28.,9.00005499679568,-20.));
#3353=CARTESIAN_POINT('',(-31.0000000000001,6.00005499679572,-20.));
#3354=CARTESIAN_POINT('',(-28.,6.00005499679572,-20.));
#3355=CARTESIAN_POINT('',(-16.5570888226597,9.00005499679568,-20.));
#3356=CARTESIAN_POINT('',(-31.0000000000001,9.00005499679568,-20.));
#3357=CARTESIAN_POINT('',(-31.0000000000001,-5.99994500320428,-20.));
#3358=CARTESIAN_POINT('',(-28.,-8.99994500320428,-20.));
#3359=CARTESIAN_POINT('',(-28.,-5.99994500320428,-20.));
#3360=CARTESIAN_POINT('',(-16.5570888226597,-8.99994500320428,-20.));
#3361=CARTESIAN_POINT('',(-31.0000000000001,-8.99994500320428,-20.));
#3362=CARTESIAN_POINT('',(57.0000000000001,5.49967957237558E-5,-117.772220956941));
#3363=CARTESIAN_POINT('',(-17.9999999999999,5.49967957237558E-5,-117.772220956941));
#3364=CARTESIAN_POINT('',(46.5125479446672,-6.49994500320428,-17.));
#3365=CARTESIAN_POINT('',(46.5125479446672,-7.15304667121538,-17.));
#3366=CARTESIAN_POINT('',(46.5125479446672,-6.49994500320428,-17.));
#3367=CARTESIAN_POINT('',(4.22524406507298,-6.49994500320428,5.4845583123153));
#3368=CARTESIAN_POINT('',(4.22524406507298,-6.49994500320428,5.4845583123153));
#3369=CARTESIAN_POINT('',(4.22524406507298,-8.99994500320428,5.4845583123153));
#3370=CARTESIAN_POINT('',(4.22524406507298,-8.99994500320428,5.4845583123153));
#3371=CARTESIAN_POINT('',(4.22524406507298,-8.99994500320428,5.4845583123153));
#3372=CARTESIAN_POINT('',(46.5125479446672,-8.99994500320428,-17.));
#3373=CARTESIAN_POINT('',(46.5125479446672,-6.49994500320428,-17.));
#3374=CARTESIAN_POINT('',(4.22524406507298,-8.99994500320428,5.4845583123153));
#3375=CARTESIAN_POINT('',(46.5125479446672,-8.99994500320428,-17.));
#3376=CARTESIAN_POINT('',(-16.3244744800054,-8.99994500320432,-17.));
#3377=CARTESIAN_POINT('',(-1.38777878078145E-14,-8.99994500320428,-2.4619700234151));
#3378=CARTESIAN_POINT('',(-8.22190911878341,-8.99994500320428,1.1986597642671));
#3379=CARTESIAN_POINT('',(-16.5470888226596,-8.99994500320428,-17.5));
#3380=CARTESIAN_POINT('',(-1.38777878078145E-14,-8.99994500320428,0.));
#3381=CARTESIAN_POINT('',(-4.05000000000001,-8.99994500320428,0.));
#3382=CARTESIAN_POINT('',(13.2454197107163,-8.99994500320428,-10.1753623801536));
#3383=CARTESIAN_POINT('',(-16.3244744800053,-8.99994500320438,-16.9999999999999));
#3384=CARTESIAN_POINT('',(-16.3244744800053,-7.32341365976348,-17.));
#3385=CARTESIAN_POINT('',(-8.22190911878341,-8.99994500320428,1.1986597642671));
#3386=CARTESIAN_POINT('',(-8.22190911878341,-6.49994500320428,1.1986597642671));
#3387=CARTESIAN_POINT('',(-16.5470888226596,-6.49994500320428,-17.5));
#3388=CARTESIAN_POINT('',(-16.3244744800054,-6.49994500320433,-17.));
#3389=CARTESIAN_POINT('',(-16.3244744800053,-8.99994500320438,-16.9999999999999));
#3390=CARTESIAN_POINT('',(-16.5470888226596,-8.99994500320428,-17.5));
#3391=CARTESIAN_POINT('',(-1.38777878078145E-14,-6.49994500320428,0.));
#3392=CARTESIAN_POINT('',(-4.05000000000001,-6.49994500320428,0.));
#3393=CARTESIAN_POINT('',(-1.38777878078145E-14,-8.99994500320428,0.));
#3394=CARTESIAN_POINT('',(-1.38777878078145E-14,-6.49994500320428,-2.4619700234151));
#3395=CARTESIAN_POINT('',(-1.38777878078145E-14,-8.99994500320428,-2.4619700234151));
#3396=CARTESIAN_POINT('',(-16.3244744800053,-6.49994500320438,-16.9999999999999));
#3397=CARTESIAN_POINT('',(13.2454197107163,-6.49994500320428,-10.1753623801536));
#3398=CARTESIAN_POINT('',(47.4529111773404,-5.99994500320428,-17.5));
#3399=CARTESIAN_POINT('',(47.4529111773404,-6.04465140953077,-17.5));
#3400=CARTESIAN_POINT('',(47.4488783500448,-6.09000630279776,-17.4937674329991));
#3401=CARTESIAN_POINT('',(47.4398590822467,-6.1322331000562,-17.4821823922867));
#3402=CARTESIAN_POINT('',(47.4308305297362,-6.17450336688158,-17.4705854255761));
#3403=CARTESIAN_POINT('',(47.4164725504656,-6.21470792404232,-17.4533352022459));
#3404=CARTESIAN_POINT('',(47.3973189060974,-6.24974494199658,-17.433128145679));
#3405=CARTESIAN_POINT('',(47.3783629475038,-6.28442034103898,-17.4131296472097));
#3406=CARTESIAN_POINT('',(47.3543561092322,-6.31492956941763,-17.3898658452521));
#3407=CARTESIAN_POINT('',(47.3269517782021,-6.3404111630842,-17.3661731748457));
#3408=CARTESIAN_POINT('',(47.2868938784279,-6.3776585282565,-17.3315407433707));
#3409=CARTESIAN_POINT('',(47.2385219554718,-6.40527373068992,-17.2953048125004));
#3410=CARTESIAN_POINT('',(47.1866076294583,-6.42557230663276,-17.2623764444004));
#3411=CARTESIAN_POINT('',(47.0990506703513,-6.45980720324489,-17.2068405644114));
#3412=CARTESIAN_POINT('',(46.9997562706322,-6.47599741240077,-17.1583735224707));
#3413=CARTESIAN_POINT('',(46.8986898851288,-6.48576890184209,-17.1182164942483));
#3414=CARTESIAN_POINT('',(46.7740173255439,-6.49782272758781,-17.0686799498386));
#3415=CARTESIAN_POINT('',(46.6437984900847,-6.49994500320428,-17.030260624386));
#3416=CARTESIAN_POINT('',(46.5125479446672,-6.49994500320428,-17.));
#3417=CARTESIAN_POINT('',(46.5125479446672,-8.99994500320428,-17.));
#3418=CARTESIAN_POINT('',(46.6763410904138,-8.99994500320427,-17.2265811320483));
#3419=CARTESIAN_POINT('',(46.8047998434213,-8.9723263166864,-17.4819728692729));
#3420=CARTESIAN_POINT('',(46.9088127490676,-8.90886516308122,-17.733609912325));
#3421=CARTESIAN_POINT('',(47.0155814478113,-8.8437226238059,-17.9919140090663));
#3422=CARTESIAN_POINT('',(47.0992235778996,-8.73983915310505,-18.2533775309197));
#3423=CARTESIAN_POINT('',(47.165472533915,-8.60064240779382,-18.4954507714269));
#3424=CARTESIAN_POINT('',(47.2395955899166,-8.44490126455925,-18.7662959204193));
#3425=CARTESIAN_POINT('',(47.2934236145034,-8.24086956030491,-19.0198359642713));
#3426=CARTESIAN_POINT('',(47.3337526695312,-8.00379563623079,-19.2326178895009));
#3427=CARTESIAN_POINT('',(47.3749270876043,-7.76175225442287,-19.4498600723825));
#3428=CARTESIAN_POINT('',(47.4030644506962,-7.47878019659929,-19.6306235899822));
#3429=CARTESIAN_POINT('',(47.4215169846431,-7.17774719797744,-19.7591270340431));
#3430=CARTESIAN_POINT('',(47.4401545329262,-6.87369589191933,-19.8889189179181));
#3431=CARTESIAN_POINT('',(47.4494021909382,-6.54293668611162,-19.9689717780067));
#3432=CARTESIAN_POINT('',(47.4520670989397,-6.21266074309276,-19.9924491664862));
#3433=CARTESIAN_POINT('',(47.4526381197993,-6.14189115075221,-19.9974797636187));
#3434=CARTESIAN_POINT('',(47.4529111773404,-6.0708954660102,-20.));
#3435=CARTESIAN_POINT('',(47.4529111773404,-5.99994500320423,-20.));
#3436=CARTESIAN_POINT('',(47.4529111773404,-5.99994500320428,-17.5));
#3437=CARTESIAN_POINT('',(47.4529111773404,-5.99994500320428,-17.475));
#3438=CARTESIAN_POINT('',(47.4529111773404,-5.99994500320428,-17.4833333333333));
#3439=CARTESIAN_POINT('',(47.4529111773404,-5.99994500320428,-17.4916666666667));
#3440=CARTESIAN_POINT('',(47.4529111773404,-5.99994500320428,-18.3333333333333));
#3441=CARTESIAN_POINT('',(47.4529111773404,-5.99994500320418,-19.1666666666667));
#3442=CARTESIAN_POINT('',(47.4529111773404,-5.99994500320418,-20.0084166666667));
#3443=CARTESIAN_POINT('',(47.4529111773404,-5.99994500320418,-20.0168333333333));
#3444=CARTESIAN_POINT('',(47.4529111773404,-5.99994500320418,-20.02525));
#3445=CARTESIAN_POINT('',(47.4529111773404,-6.07822738958036,-17.4749926648448));
#3446=CARTESIAN_POINT('',(47.4529111773404,-6.07959870954643,-17.4833284432299));
#3447=CARTESIAN_POINT('',(47.4529111773404,-6.08097002951251,-17.4916642216149));
#3448=CARTESIAN_POINT('',(47.4529111773404,-6.21947334608588,-18.3335778385057));
#3449=CARTESIAN_POINT('',(47.4529111773404,-6.35719108424258,-19.1664221614943));
#3450=CARTESIAN_POINT('',(47.4529111773404,-6.49570811401572,-20.0084191361689));
#3451=CARTESIAN_POINT('',(47.4529111773404,-6.49709314718145,-20.0168382723378));
#3452=CARTESIAN_POINT('',(47.4529111773404,-6.49847818034719,-20.0252574085067));
#3453=CARTESIAN_POINT('',(47.4264149153532,-6.23889496810562,-17.4346885573888));
#3454=CARTESIAN_POINT('',(47.4264149153532,-6.24309676596868,-17.4423088037011));
#3455=CARTESIAN_POINT('',(47.4264149153532,-6.24729856383173,-17.4499290500134));
#3456=CARTESIAN_POINT('',(47.4264149153532,-6.67168014800008,-18.2195739275595));
#3457=CARTESIAN_POINT('',(47.4264149153532,-7.08909736784218,-18.9832711467209));
#3458=CARTESIAN_POINT('',(47.4264149153532,-7.51352096998916,-19.7529922267301));
#3459=CARTESIAN_POINT('',(47.4264149153532,-7.51776478583085,-19.7606886755056));
#3460=CARTESIAN_POINT('',(47.4264149153532,-7.52200860167253,-19.768385124281));
#3461=CARTESIAN_POINT('',(47.2132696348337,-6.44248660906136,-17.2398536132959));
#3462=CARTESIAN_POINT('',(47.2132696348337,-6.4502469436221,-17.2440646020427));
#3463=CARTESIAN_POINT('',(47.2132696348337,-6.45800727818284,-17.2482755907896));
#3464=CARTESIAN_POINT('',(47.2132696348337,-7.24180106881768,-17.6735854542226));
#3465=CARTESIAN_POINT('',(47.2132696348337,-8.01884720436598,-18.0938206025326));
#3466=CARTESIAN_POINT('',(47.2132696348337,-8.80271859834643,-18.519172575853));
#3467=CARTESIAN_POINT('',(47.2132696348337,-8.81055653625278,-18.5234256744874));
#3468=CARTESIAN_POINT('',(47.2132696348337,-8.81839447415913,-18.5276787731217));
#3469=CARTESIAN_POINT('',(46.846008070954,-6.47489231829971,-17.0730929540512));
#3470=CARTESIAN_POINT('',(46.846008070954,-6.4832432132679,-17.074355733677));
#3471=CARTESIAN_POINT('',(46.846008070954,-6.49159410823609,-17.0756185133028));
#3472=CARTESIAN_POINT('',(46.846008070954,-7.33503450002328,-17.20315925551));
#3473=CARTESIAN_POINT('',(46.846008070954,-8.16485550638528,-17.3350097949903));
#3474=CARTESIAN_POINT('',(46.846008070954,-9.00837940712216,-17.4625631649938));
#3475=CARTESIAN_POINT('',(46.846008070954,-9.01681381104003,-17.4638385724159));
#3476=CARTESIAN_POINT('',(46.846008070954,-9.0252482149579,-17.4651139798379));
#3477=CARTESIAN_POINT('',(46.5125479446672,-6.47494500320428,-17.));
#3478=CARTESIAN_POINT('',(46.5125479446672,-6.48327833653761,-17.));
#3479=CARTESIAN_POINT('',(46.5125479446672,-6.49161166987095,-17.));
#3480=CARTESIAN_POINT('',(46.5125479446672,-7.33327833653768,-17.));
#3481=CARTESIAN_POINT('',(46.5125479446672,-8.16661166987098,-17.0000000000001));
#3482=CARTESIAN_POINT('',(46.5125479446672,-9.00836166987095,-17.0000000000001));
#3483=CARTESIAN_POINT('',(46.5125479446672,-9.01677833653762,-17.0000000000001));
#3484=CARTESIAN_POINT('',(46.5125479446672,-9.02519500320428,-17.0000000000001));
#3485=CARTESIAN_POINT('',(-16.5470888226596,-5.99994500320427,-17.5));
#3486=CARTESIAN_POINT('',(-16.5470888226596,-6.05559420757699,-17.5));
#3487=CARTESIAN_POINT('',(-16.5503715252191,-6.11195473616055,-17.490454053761));
#3488=CARTESIAN_POINT('',(-16.5527113584989,-6.16445893269257,-17.4721601073834));
#3489=CARTESIAN_POINT('',(-16.555051865391,-6.21697824460947,-17.4538608943784));
#3490=CARTESIAN_POINT('',(-16.5564914881013,-6.26725289097529,-17.4261835221595));
#3491=CARTESIAN_POINT('',(-16.5529255564663,-6.31076598756591,-17.3916507572831));
#3492=CARTESIAN_POINT('',(-16.5494956409369,-6.35261935465168,-17.3584351831663));
#3493=CARTESIAN_POINT('',(-16.5410749708542,-6.38944890212839,-17.3176573255909));
#3494=CARTESIAN_POINT('',(-16.5253498558401,-6.41758873844914,-17.2749067303845));
#3495=CARTESIAN_POINT('',(-16.5117176302473,-6.44198338335476,-17.2378459039577));
#3496=CARTESIAN_POINT('',(-16.4922239308735,-6.46059828710399,-17.1984114184008));
#3497=CARTESIAN_POINT('',(-16.4680185139034,-6.47334418966697,-17.1609136733048));
#3498=CARTESIAN_POINT('',(-16.4441673942667,-6.48590352906124,-17.1239647868016));
#3499=CARTESIAN_POINT('',(-16.4153321888569,-6.49322919999486,-17.0880796590443));
#3500=CARTESIAN_POINT('',(-16.3836382148701,-6.49687668021471,-17.055307398995));
#3501=CARTESIAN_POINT('',(-16.3649171450416,-6.49903118226366,-17.0359494046622));
#3502=CARTESIAN_POINT('',(-16.3450736797117,-6.49994500320433,-17.0174792806101));
#3503=CARTESIAN_POINT('',(-16.3244744800054,-6.49994500320433,-17.));
#3504=CARTESIAN_POINT('',(-16.5470888226596,-5.99994500320428,-17.5));
#3505=CARTESIAN_POINT('',(-16.3244744800054,-8.99994500320432,-17.));
#3506=CARTESIAN_POINT('',(-16.3880391836212,-8.99994500320433,-17.3236238224517));
#3507=CARTESIAN_POINT('',(-16.4346433237158,-8.94585467937198,-17.655188998205));
#3508=CARTESIAN_POINT('',(-16.4680559934178,-8.84022167003048,-17.9658304488276));
#3509=CARTESIAN_POINT('',(-16.5014919887707,-8.73451491744398,-18.2766887607206));
#3510=CARTESIAN_POINT('',(-16.522751724959,-8.57439794667455,-18.5751029988084));
#3511=CARTESIAN_POINT('',(-16.5356884325278,-8.37257880141561,-18.835921801054));
#3512=CARTESIAN_POINT('',(-16.5486833344278,-8.16985179531745,-19.0979138674931));
#3513=CARTESIAN_POINT('',(-16.5536900880104,-7.91956321020391,-19.3291568450211));
#3514=CARTESIAN_POINT('',(-16.5548214592981,-7.64212182687983,-19.510628463111));
#3515=CARTESIAN_POINT('',(-16.5559610595923,-7.36266247915322,-19.6934200114181));
#3516=CARTESIAN_POINT('',(-16.5531948367225,-7.04800890312736,-19.8307361671137));
#3517=CARTESIAN_POINT('',(-16.5506670461061,-6.72395529455521,-19.9113242859596));
#3518=CARTESIAN_POINT('',(-16.5488265154147,-6.48800592108012,-19.9700019727627));
#3519=CARTESIAN_POINT('',(-16.5470888226596,-6.24308809960036,-20.));
#3520=CARTESIAN_POINT('',(-16.5470888226596,-5.99994500320427,-20.));
#3521=CARTESIAN_POINT('',(-16.5470888226596,-5.99994500320428,-17.5));
#3522=CARTESIAN_POINT('',(-16.5470888226596,-5.99994500320428,-18.3333333333333));
#3523=CARTESIAN_POINT('',(-16.5470888226596,-5.99994500320418,-19.1666666666667));
#3524=CARTESIAN_POINT('',(-16.5470888226596,-5.99994500320418,-20.0083333333333));
#3525=CARTESIAN_POINT('',(-16.5470888226596,-5.99994500320418,-20.0166666666667));
#3526=CARTESIAN_POINT('',(-16.5470888226596,-5.99994500320418,-20.025));
#3527=CARTESIAN_POINT('',(-16.5470888226596,-6.07518410591118,-17.5));
#3528=CARTESIAN_POINT('',(-16.5470888226596,-6.20059445203818,-18.3334669627523));
#3529=CARTESIAN_POINT('',(-16.5470888226596,-6.32596927331838,-19.1665330372478));
#3530=CARTESIAN_POINT('',(-16.5470888226596,-6.45263372290675,-20.0083346696275));
#3531=CARTESIAN_POINT('',(-16.5470888226596,-6.45388782636802,-20.0166693392551));
#3532=CARTESIAN_POINT('',(-16.5470888226596,-6.4551419298293,-20.0250040088826));
#3533=CARTESIAN_POINT('',(-16.5590223627001,-6.22664937233818,-17.465254047431));
#3534=CARTESIAN_POINT('',(-16.5590223627001,-6.60492236274178,-18.2406588362878));
#3535=CARTESIAN_POINT('',(-16.5590223627001,-6.98189822760418,-19.0161194957294));
#3536=CARTESIAN_POINT('',(-16.5590223627001,-7.36395394791182,-19.7992783324747));
#3537=CARTESIAN_POINT('',(-16.5590223627001,-7.36773667781585,-19.8070323803633));
#3538=CARTESIAN_POINT('',(-16.5590223627001,-7.37151940771989,-19.8147864282519));
#3539=CARTESIAN_POINT('',(-16.5495276289906,-6.43850431377278,-17.2932790309763));
#3540=CARTESIAN_POINT('',(-16.5495276289906,-7.16941247952798,-17.7821698071502));
#3541=CARTESIAN_POINT('',(-16.5495276289906,-7.90039270085998,-18.2707834096836));
#3542=CARTESIAN_POINT('',(-16.5495276289906,-8.63860994827283,-18.7645630936193));
#3543=CARTESIAN_POINT('',(-16.5495276289906,-8.64591902993039,-18.769452001381));
#3544=CARTESIAN_POINT('',(-16.5495276289906,-8.65322811158794,-18.7743409091428));
#3545=CARTESIAN_POINT('',(-16.4512061694634,-6.49994500320428,-17.1075371273552));
#3546=CARTESIAN_POINT('',(-16.4512061694634,-7.33467402306358,-17.2866298175617));
#3547=CARTESIAN_POINT('',(-16.4512061694634,-8.16521598334508,-17.4661300739246));
#3548=CARTESIAN_POINT('',(-16.4512061694634,-9.00829229340288,-17.6470136910332));
#3549=CARTESIAN_POINT('',(-16.4512061694634,-9.01663958360147,-17.6488046179353));
#3550=CARTESIAN_POINT('',(-16.4512061694634,-9.02498687380006,-17.6505955448374));
#3551=CARTESIAN_POINT('',(-16.3244744800053,-6.49994500320428,-17.));
#3552=CARTESIAN_POINT('',(-16.3244744800053,-7.33327833653758,-17.));
#3553=CARTESIAN_POINT('',(-16.3244744800053,-8.16661166987098,-17.));
#3554=CARTESIAN_POINT('',(-16.3244744800053,-9.00827833653761,-16.9999999999999));
#3555=CARTESIAN_POINT('',(-16.3244744800053,-9.01661166987095,-16.9999999999999));
#3556=CARTESIAN_POINT('',(-16.3244744800053,-9.02494500320427,-16.9999999999999));
#3557=CARTESIAN_POINT('',(15.094036732331,-5.99994500320428,-17.));
#3558=CARTESIAN_POINT('',(15.094036732331,-5.99994500320428,-17.));
#3559=CARTESIAN_POINT('',(47.4629111773404,-5.98994500320428,-20.));
#3560=CARTESIAN_POINT('',(47.4629111773404,-8.99994500320428,-20.));
#3561=CARTESIAN_POINT('',(47.4529111773404,-5.98994500320428,-20.));
#3562=CARTESIAN_POINT('',(47.4629111773404,-5.98994500320428,-20.));
#3563=CARTESIAN_POINT('',(47.4529111773404,-5.98994500320428,-20.));
#3564=CARTESIAN_POINT('',(-16.5470888226596,-5.98994500320428,-20.));
#3565=CARTESIAN_POINT('',(-16.5470888226596,-8.99994500320428,-20.));
#3566=CARTESIAN_POINT('',(-16.5570888226597,-5.98994500320428,-20.));
#3567=CARTESIAN_POINT('',(-16.5470888226596,-5.98994500320428,-20.));
#3568=CARTESIAN_POINT('',(-16.5570888226597,-5.98994500320428,-20.));
#3569=CARTESIAN_POINT('',(46.5125479446672,6.50005499679574,-17.));
#3570=CARTESIAN_POINT('',(46.5125479446672,7.15315666480683,-17.));
#3571=CARTESIAN_POINT('',(46.5125479446672,6.50005499679574,-17.));
#3572=CARTESIAN_POINT('',(46.5125479446672,6.50005499679574,-17.));
#3573=CARTESIAN_POINT('',(46.5125479446672,9.00005499679574,-17.));
#3574=CARTESIAN_POINT('',(4.22524406507298,9.00005499679568,5.4845583123153));
#3575=CARTESIAN_POINT('',(4.22524406507298,9.00005499679568,5.4845583123153));
#3576=CARTESIAN_POINT('',(4.22524406507298,9.00005499679568,5.4845583123153));
#3577=CARTESIAN_POINT('',(4.22524406507298,6.50005499679572,5.4845583123153));
#3578=CARTESIAN_POINT('',(4.22524406507298,6.50005499679572,5.4845583123153));
#3579=CARTESIAN_POINT('',(4.22524406507298,9.00005499679568,5.4845583123153));
#3580=CARTESIAN_POINT('',(46.5125479446672,9.00005499679578,-17.));
#3581=CARTESIAN_POINT('',(-16.3244744800054,9.00005499679578,-17.));
#3582=CARTESIAN_POINT('',(-16.5470888226596,9.00005499679568,-17.5));
#3583=CARTESIAN_POINT('',(-8.22190911878341,9.00005499679568,1.1986597642671));
#3584=CARTESIAN_POINT('',(-1.38777878078145E-14,9.00005499679568,-2.4619700234151));
#3585=CARTESIAN_POINT('',(-1.38777878078145E-14,9.00005499679568,0.));
#3586=CARTESIAN_POINT('',(-4.05000000000001,9.00005499679568,0.));
#3587=CARTESIAN_POINT('',(13.2454197107163,9.00005499679568,-10.1753623801536));
#3588=CARTESIAN_POINT('',(-16.3244744800053,9.00005499679578,-16.9999999999999));
#3589=CARTESIAN_POINT('',(-16.3244744800053,7.32352365335487,-17.));
#3590=CARTESIAN_POINT('',(-16.3244744800053,9.00005499679578,-16.9999999999999));
#3591=CARTESIAN_POINT('',(-16.3244744800054,6.50005499679578,-17.));
#3592=CARTESIAN_POINT('',(-16.5470888226596,6.50005499679572,-17.5));
#3593=CARTESIAN_POINT('',(-8.22190911878341,6.50005499679572,1.1986597642671));
#3594=CARTESIAN_POINT('',(-8.22190911878341,9.00005499679568,1.1986597642671));
#3595=CARTESIAN_POINT('',(-16.5470888226596,9.00005499679568,-17.5));
#3596=CARTESIAN_POINT('',(-1.38777878078145E-14,6.50005499679572,0.));
#3597=CARTESIAN_POINT('',(-4.05000000000001,6.50005499679572,0.));
#3598=CARTESIAN_POINT('',(-1.38777878078145E-14,9.00005499679568,0.));
#3599=CARTESIAN_POINT('',(-1.38777878078145E-14,6.50005499679572,-2.4619700234151));
#3600=CARTESIAN_POINT('',(-1.38777878078145E-14,9.00005499679568,-2.4619700234151));
#3601=CARTESIAN_POINT('',(-16.3244744800053,6.50005499679583,-16.9999999999999));
#3602=CARTESIAN_POINT('',(13.2454197107163,6.50005499679572,-10.1753623801536));
#3603=CARTESIAN_POINT('',(47.4529111773404,6.00005499679572,-17.5));
#3604=CARTESIAN_POINT('',(47.4529111773404,6.04478093248304,-17.5));
#3605=CARTESIAN_POINT('',(47.4488757320412,6.09015518259498,-17.4937621595317));
#3606=CARTESIAN_POINT('',(47.4398593216323,6.13240039794626,-17.4821666670295));
#3607=CARTESIAN_POINT('',(47.4308336843238,6.17468884473223,-17.4705593083367));
#3608=CARTESIAN_POINT('',(47.4164845434215,6.21491247605188,-17.4532923626091));
#3609=CARTESIAN_POINT('',(47.3973324353344,6.24996352927943,-17.4330654978082));
#3610=CARTESIAN_POINT('',(47.3783797545891,6.28464960240418,-17.4130492515911));
#3611=CARTESIAN_POINT('',(47.3543679515295,6.31516511635703,-17.3897652244068));
#3612=CARTESIAN_POINT('',(47.3269515279465,6.3406456313061,-17.3660573994387));
#3613=CARTESIAN_POINT('',(47.2869137303917,6.37785630891463,-17.331435484087));
#3614=CARTESIAN_POINT('',(47.2385622702092,6.405440472475,-17.2952226574152));
#3615=CARTESIAN_POINT('',(47.1866726234503,6.42571760080962,-17.2623191711334));
#3616=CARTESIAN_POINT('',(47.099103754662,6.45993724386843,-17.2067913105127));
#3617=CARTESIAN_POINT('',(46.9997977238695,6.47611568093177,-17.1583451100369));
#3618=CARTESIAN_POINT('',(46.8987250509832,6.48588268056982,-17.1182009377235));
#3619=CARTESIAN_POINT('',(46.7740366005055,6.49793175393364,-17.0686770209365));
#3620=CARTESIAN_POINT('',(46.643807884146,6.50005499679574,-17.0302627902449));
#3621=CARTESIAN_POINT('',(46.5125479446672,6.50005499679574,-17.));
#3622=CARTESIAN_POINT('',(47.4529111773404,6.00005499679572,-17.5));
#3623=CARTESIAN_POINT('',(46.5125479446672,9.00005499679574,-17.));
#3624=CARTESIAN_POINT('',(46.6764112258164,9.00005499679573,-17.2266781529514));
#3625=CARTESIAN_POINT('',(46.8049431028229,8.97241367924186,-17.4821697950699));
#3626=CARTESIAN_POINT('',(46.9090118855766,8.90890103296763,-17.7339037660668));
#3627=CARTESIAN_POINT('',(47.0158320054787,8.8437092596923,-17.9922929991665));
#3628=CARTESIAN_POINT('',(47.0995113748406,8.73974733937642,-18.2538425518813));
#3629=CARTESIAN_POINT('',(47.165770141786,8.60044762862476,-18.4959806684344));
#3630=CARTESIAN_POINT('',(47.2398720257634,8.44465887069759,-18.7667809179186));
#3631=CARTESIAN_POINT('',(47.2936665070689,8.24058631483378,-19.0202698596393));
#3632=CARTESIAN_POINT('',(47.3339543284274,8.00348298325778,-19.2329971569755));
#3633=CARTESIAN_POINT('',(47.375084910612,7.7614198054341,-19.4501743904659));
#3634=CARTESIAN_POINT('',(47.4031685974865,7.47844295570058,-19.6308710005601));
#3635=CARTESIAN_POINT('',(47.4215826946082,7.17741880212667,-19.7593141303405));
#3636=CARTESIAN_POINT('',(47.4401829154978,6.87335199327918,-19.8890555219432));
#3637=CARTESIAN_POINT('',(47.4494132172334,6.54258852134594,-19.9690546866134));
#3638=CARTESIAN_POINT('',(47.4520709969565,6.21231659429611,-19.9924814141823));
#3639=CARTESIAN_POINT('',(47.4526392861374,6.14169751277974,-19.9974905410513));
#3640=CARTESIAN_POINT('',(47.4529111773404,6.07085378900858,-20.));
#3641=CARTESIAN_POINT('',(47.4529111773404,6.00005499679573,-20.));
#3642=CARTESIAN_POINT('',(47.4529111773404,6.00005499679572,-17.475));
#3643=CARTESIAN_POINT('',(47.4529111773404,6.00005499679572,-17.4833333333333));
#3644=CARTESIAN_POINT('',(47.4529111773404,6.00005499679572,-17.4916666666667));
#3645=CARTESIAN_POINT('',(47.4529111773404,6.00005499679569,-18.3333333333333));
#3646=CARTESIAN_POINT('',(47.4529111773404,6.00005499679566,-19.1666666666667));
#3647=CARTESIAN_POINT('',(47.4529111773404,6.00005499679563,-20.0084166666667));
#3648=CARTESIAN_POINT('',(47.4529111773404,6.00005499679563,-20.0168333333333));
#3649=CARTESIAN_POINT('',(47.4529111773404,6.00005499679563,-20.02525));
#3650=CARTESIAN_POINT('',(47.4529111773404,6.07833602282301,-17.4749928650104));
#3651=CARTESIAN_POINT('',(47.4529111773404,6.07970779623868,-17.4833285766736));
#3652=CARTESIAN_POINT('',(47.4529111773404,6.08107956965434,-17.4916642883368));
#3653=CARTESIAN_POINT('',(47.4529111773404,6.21962868463647,-18.3335711663207));
#3654=CARTESIAN_POINT('',(47.4529111773404,6.35725573287491,-19.1664288336793));
#3655=CARTESIAN_POINT('',(47.4529111773404,6.49581856559119,-20.0084190687799));
#3656=CARTESIAN_POINT('',(47.4529111773404,6.49720405674101,-20.0168381375597));
#3657=CARTESIAN_POINT('',(47.4529111773404,6.49858954789083,-20.0252572063395));
#3658=CARTESIAN_POINT('',(47.4264149153532,6.23917225211491,-17.4345418705445));
#3659=CARTESIAN_POINT('',(47.4264149153532,6.24337332399597,-17.4421622236798));
#3660=CARTESIAN_POINT('',(47.4264149153532,6.24757439587702,-17.4497825768152));
#3661=CARTESIAN_POINT('',(47.4264149153532,6.67188265586357,-18.219438243488));
#3662=CARTESIAN_POINT('',(47.4264149153532,7.09027063446428,-18.9823822661661));
#3663=CARTESIAN_POINT('',(47.4264149153532,7.51462090516964,-19.7521141363702));
#3664=CARTESIAN_POINT('',(47.4264149153532,7.51886398776951,-19.7598106930369));
#3665=CARTESIAN_POINT('',(47.4264149153532,7.52310707036937,-19.7675072497037));
#3666=CARTESIAN_POINT('',(47.2132696348337,6.44268665678753,-17.2397718034791));
#3667=CARTESIAN_POINT('',(47.2132696348337,6.45044828578436,-17.243982601759));
#3668=CARTESIAN_POINT('',(47.2132696348337,6.4582099147812,-17.2481934000389));
#3669=CARTESIAN_POINT('',(47.2132696348337,7.24213444346142,-17.6734840263076));
#3670=CARTESIAN_POINT('',(47.2132696348337,8.01939137900606,-18.0933453619237));
#3671=CARTESIAN_POINT('',(47.2132696348337,8.80339352397626,-18.5186780961752));
#3672=CARTESIAN_POINT('',(47.2132696348337,8.81123276926306,-18.5229310024379));
#3673=CARTESIAN_POINT('',(47.2132696348337,8.81907201454987,-18.5271839087006));
#3674=CARTESIAN_POINT('',(46.846008070954,6.4750039933506,-17.0730927066365));
#3675=CARTESIAN_POINT('',(46.846008070954,6.48335432783231,-17.0743555687339));
#3676=CARTESIAN_POINT('',(46.846008070954,6.49170466231402,-17.0756184308312));
#3677=CARTESIAN_POINT('',(46.846008070954,7.33508844496684,-17.203167502666));
#3678=CARTESIAN_POINT('',(46.846008070954,8.16502154862462,-17.3350015478344));
#3679=CARTESIAN_POINT('',(46.846008070954,9.00848883462228,-17.4625632482901));
#3680=CARTESIAN_POINT('',(46.846008070954,9.01692267244878,-17.4638387390084));
#3681=CARTESIAN_POINT('',(46.846008070954,9.02535651027528,-17.4651142297268));
#3682=CARTESIAN_POINT('',(46.5125479446672,6.47505499679574,-17.));
#3683=CARTESIAN_POINT('',(46.5125479446672,6.48338833012907,-17.));
#3684=CARTESIAN_POINT('',(46.5125479446672,6.49172166346241,-17.));
#3685=CARTESIAN_POINT('',(46.5125479446672,7.33338833012907,-17.));
#3686=CARTESIAN_POINT('',(46.5125479446672,8.1667216634624,-17.0000000000001));
#3687=CARTESIAN_POINT('',(46.5125479446672,9.00847166346238,-17.0000000000001));
#3688=CARTESIAN_POINT('',(46.5125479446672,9.01688833012908,-17.0000000000001));
#3689=CARTESIAN_POINT('',(46.5125479446672,9.02530499679578,-17.0000000000001));
#3690=CARTESIAN_POINT('',(-16.5470888226596,6.00005499679571,-17.5));
#3691=CARTESIAN_POINT('',(-16.5470888226596,6.05570426374396,-17.5));
#3692=CARTESIAN_POINT('',(-16.550371379018,6.11206486209503,-17.4904540308524));
#3693=CARTESIAN_POINT('',(-16.5527111670786,6.16456911235819,-17.4721600425499));
#3694=CARTESIAN_POINT('',(-16.5550516282758,6.21708846763541,-17.4538607912268));
#3695=CARTESIAN_POINT('',(-16.5564915025826,6.2673631155973,-17.4261833888749));
#3696=CARTESIAN_POINT('',(-16.5529261546031,6.31087625764408,-17.3916505378582));
#3697=CARTESIAN_POINT('',(-16.549496768416,6.35273005961451,-17.358434570453));
#3698=CARTESIAN_POINT('',(-16.5410767101854,6.38956002656383,-17.3176560165903));
#3699=CARTESIAN_POINT('',(-16.5253512903506,6.41769993991442,-17.27490489535));
#3700=CARTESIAN_POINT('',(-16.5117191799984,6.44209397251427,-17.2378446445871));
#3701=CARTESIAN_POINT('',(-16.4922253081083,6.46070837441233,-17.1984110215297));
#3702=CARTESIAN_POINT('',(-16.4680199848982,6.47345402482759,-17.1609141393989));
#3703=CARTESIAN_POINT('',(-16.4441690021541,6.48601309233019,-17.1239661721728));
#3704=CARTESIAN_POINT('',(-16.4153342824626,6.49333875309328,-17.0880819236541));
#3705=CARTESIAN_POINT('',(-16.3836410286867,6.49698635966936,-17.0553102214112));
#3706=CARTESIAN_POINT('',(-16.3649190984052,6.49914108434656,-17.0359512269408));
#3707=CARTESIAN_POINT('',(-16.3450746943266,6.50005499679578,-17.0174801415532));
#3708=CARTESIAN_POINT('',(-16.3244744800054,6.50005499679578,-17.));
#3709=CARTESIAN_POINT('',(-16.3244744800054,9.00005499679578,-17.));
#3710=CARTESIAN_POINT('',(-16.3880393389408,9.00005499679579,-17.3236246132228));
#3711=CARTESIAN_POINT('',(-16.4346440045446,8.94596441472728,-17.6551905281935));
#3712=CARTESIAN_POINT('',(-16.4680573953153,8.84033093336127,-17.9658325963472));
#3713=CARTESIAN_POINT('',(-16.5014941021132,8.73462374043633,-18.2766914320524));
#3714=CARTESIAN_POINT('',(-16.5227542753963,8.57450608766904,-18.5751061784014));
#3715=CARTESIAN_POINT('',(-16.5356905498377,8.37268611919238,-18.8359252591091));
#3716=CARTESIAN_POINT('',(-16.5486849670244,8.16995906057264,-19.0979166044793));
#3717=CARTESIAN_POINT('',(-16.5536907400822,7.91967063046752,-19.3291588868571));
#3718=CARTESIAN_POINT('',(-16.5548216517223,7.64222954744311,-19.5106299498744));
#3719=CARTESIAN_POINT('',(-16.5559607907767,7.3627700726735,-19.6934212200203));
#3720=CARTESIAN_POINT('',(-16.5531945785559,7.04811642634126,-19.8307370762465));
#3721=CARTESIAN_POINT('',(-16.5506668957578,6.72406279405255,-19.9113249062087));
#3722=CARTESIAN_POINT('',(-16.5488264497473,6.4881141951378,-19.9700021857531));
#3723=CARTESIAN_POINT('',(-16.5470888226596,6.24319724262326,-20.));
#3724=CARTESIAN_POINT('',(-16.5470888226596,6.00005499679567,-20.));
#3725=CARTESIAN_POINT('',(-16.5470888226596,6.00005499679571,-17.5));
#3726=CARTESIAN_POINT('',(-16.5470888226596,6.00005499679571,-17.5));
#3727=CARTESIAN_POINT('',(-16.5470888226596,6.00005499679568,-18.3333333333333));
#3728=CARTESIAN_POINT('',(-16.5470888226596,6.00005499679565,-19.1666666666667));
#3729=CARTESIAN_POINT('',(-16.5470888226596,6.00005499679563,-20.0083333333333));
#3730=CARTESIAN_POINT('',(-16.5470888226596,6.00005499679563,-20.0166666666667));
#3731=CARTESIAN_POINT('',(-16.5470888226596,6.00005499679563,-20.025));
#3732=CARTESIAN_POINT('',(-16.5470888226596,6.07529409950259,-17.5));
#3733=CARTESIAN_POINT('',(-16.5470888226596,6.20070444562966,-18.3334669627523));
#3734=CARTESIAN_POINT('',(-16.5470888226596,6.32607926690984,-19.1665330372478));
#3735=CARTESIAN_POINT('',(-16.5470888226596,6.45274371649818,-20.0083346696275));
#3736=CARTESIAN_POINT('',(-16.5470888226596,6.45399781995945,-20.0166693392551));
#3737=CARTESIAN_POINT('',(-16.5470888226596,6.45525192342072,-20.0250040088826));
#3738=CARTESIAN_POINT('',(-16.5590223627001,6.22676824141807,-17.4652555320896));
#3739=CARTESIAN_POINT('',(-16.5590223627001,6.6050412318216,-18.2406603209464));
#3740=CARTESIAN_POINT('',(-16.5590223627001,6.98206147412625,-19.0161284036811));
#3741=CARTESIAN_POINT('',(-16.5590223627001,7.36411719443381,-19.7992872404264));
#3742=CARTESIAN_POINT('',(-16.5590223627001,7.36789992433785,-19.807041288315));
#3743=CARTESIAN_POINT('',(-16.5590223627001,7.37168265424188,-19.8147953362035));
#3744=CARTESIAN_POINT('',(-16.5495276289906,6.43863497154184,-17.2932794140192));
#3745=CARTESIAN_POINT('',(-16.5495276289906,7.16954313729707,-17.7821701901931));
#3746=CARTESIAN_POINT('',(-16.5495276289906,7.90062667951716,-18.2707857079414));
#3747=CARTESIAN_POINT('',(-16.5495276289906,8.63884392692994,-18.7645653918771));
#3748=CARTESIAN_POINT('',(-16.5495276289906,8.6461530085875,-18.7694542996388));
#3749=CARTESIAN_POINT('',(-16.5495276289906,8.65346209024506,-18.7743432074006));
#3750=CARTESIAN_POINT('',(-16.4512061694634,6.50005499679573,-17.1075371273552));
#3751=CARTESIAN_POINT('',(-16.4512061694634,7.334784016655,-17.2866298175617));
#3752=CARTESIAN_POINT('',(-16.4512061694634,8.16532597693647,-17.4661300739246));
#3753=CARTESIAN_POINT('',(-16.4512061694634,9.00840228699438,-17.6470136910332));
#3754=CARTESIAN_POINT('',(-16.4512061694634,9.01674957719288,-17.6488046179353));
#3755=CARTESIAN_POINT('',(-16.4512061694634,9.02509686739148,-17.6505955448374));
#3756=CARTESIAN_POINT('',(-16.3244744800053,6.50005499679573,-17.));
#3757=CARTESIAN_POINT('',(-16.3244744800053,7.33338833012906,-17.));
#3758=CARTESIAN_POINT('',(-16.3244744800053,8.1667216634624,-17.));
#3759=CARTESIAN_POINT('',(-16.3244744800053,9.00838833012909,-16.9999999999999));
#3760=CARTESIAN_POINT('',(-16.3244744800053,9.01672166346238,-16.9999999999999));
#3761=CARTESIAN_POINT('',(-16.3244744800053,9.02505499679569,-16.9999999999999));
#3762=CARTESIAN_POINT('',(15.094036732331,6.00005499679573,-17.));
#3763=CARTESIAN_POINT('',(15.094036732331,6.00005499679573,-17.));
#3764=CARTESIAN_POINT('',(47.4629111773404,5.99005499679572,-20.));
#3765=CARTESIAN_POINT('',(47.4629111773404,9.00005499679568,-20.));
#3766=CARTESIAN_POINT('',(47.4529111773404,5.99005499679572,-20.));
#3767=CARTESIAN_POINT('',(47.4629111773404,5.99005499679572,-20.));
#3768=CARTESIAN_POINT('',(47.4529111773404,5.99005499679572,-20.));
#3769=CARTESIAN_POINT('',(-16.5470888226596,5.99005499679571,-20.));
#3770=CARTESIAN_POINT('',(-16.5470888226596,9.00005499679568,-20.));
#3771=CARTESIAN_POINT('',(-16.5570888226597,5.99005499679571,-20.));
#3772=CARTESIAN_POINT('',(-16.5470888226596,5.99005499679571,-20.));
#3773=CARTESIAN_POINT('',(-16.5570888226597,5.99005499679571,-20.));
#3774=CARTESIAN_POINT('',(-31.0000000000001,5.49967957237558E-5,-20.));
#3775=CARTESIAN_POINT('',(64.0000000000001,9.00005499679568,-20.));
#3776=CARTESIAN_POINT('',(-1.73076539822192,-9.82301652345172,-2.45039815873212));
#3777=CARTESIAN_POINT('',(-1.99399065785256,-9.84089986674216,-2.264476875008));
#3778=CARTESIAN_POINT('',(-2.22983647903866,-9.85869269674594,-2.03266588120006));
#3779=CARTESIAN_POINT('',(-2.42029646472836,-9.87520836113434,-1.77261530593174));
#3780=CARTESIAN_POINT('',(-2.61898985631974,-9.89243798214808,-1.50132298907975));
#3781=CARTESIAN_POINT('',(-2.77352860521966,-9.90892604974772,-1.191881810278));
#3782=CARTESIAN_POINT('',(-2.87104501257449,-9.92715435855858,-0.870115242810546));
#3783=CARTESIAN_POINT('',(-2.96854146573632,-9.94537893742079,-0.548414516490859));
#3784=CARTESIAN_POINT('',(-3.01177304882741,-9.96502337659689,-0.205493451997626));
#3785=CARTESIAN_POINT('',(-2.99716678968247,-9.98303988323728,0.13035043085678));
#3786=CARTESIAN_POINT('',(-2.98255485437687,-10.0010633912998,0.466324826515305));
#3787=CARTESIAN_POINT('',(-2.90962748470158,-10.0179830738839,0.804479232796406));
#3788=CARTESIAN_POINT('',(-2.78443990608374,-10.0352519563873,1.11664426269446));
#3789=CARTESIAN_POINT('',(-2.65929390990764,-10.0525151028401,1.42870560351798));
#3790=CARTESIAN_POINT('',(-2.4785236670516,-10.0718728139613,1.72334649859659));
#3791=CARTESIAN_POINT('',(-2.25707809860465,-10.0902873370608,1.97625870189085));
#3792=CARTESIAN_POINT('',(-2.03559240851545,-10.1087051965148,2.22921672797132));
#3793=CARTESIAN_POINT('',(-1.76727374558396,-10.1262773913394,2.44741505353184));
#3794=CARTESIAN_POINT('',(-1.47439174485899,-10.1431876052681,2.61269381724911));
#3795=CARTESIAN_POINT('',(-1.18156165315603,-10.1600948221103,2.77794328773919));
#3796=CARTESIAN_POINT('',(-0.856156778673193,-10.17799260157,2.89482050359464));
#3797=CARTESIAN_POINT('',(-0.525207973848876,-10.1967682875866,2.95366832670928));
#3798=CARTESIAN_POINT('',(-0.194256645116094,-10.2155441167918,3.01251659861392));
#3799=CARTESIAN_POINT('',(0.151443687695024,-10.2343474070699,3.01498060067659));
#3800=CARTESIAN_POINT('',(0.483271541044196,-10.2517030937355,2.96081890996676));
#3801=CARTESIAN_POINT('',(0.815163162728604,-10.2690621156944,2.90664681084541));
#3802=CARTESIAN_POINT('',(1.14231018860694,-10.2857081819295,2.7943124829757));
#3803=CARTESIAN_POINT('',(1.43743667241993,-10.3039614282663,2.63320637489398));
#3804=CARTESIAN_POINT('',(1.73249883944934,-10.3222106966813,2.47213537659486));
#3805=CARTESIAN_POINT('',(2.00375011863878,-10.3416252640419,2.25787684437003));
#3806=CARTESIAN_POINT('',(2.22878465865912,-10.3594073453463,2.00811328000332));
#3807=CARTESIAN_POINT('',(2.45388720503174,-10.3771948004681,1.7582742360727));
#3808=CARTESIAN_POINT('',(2.63892942796532,-10.3938818136625,1.46600141755364));
#3809=CARTESIAN_POINT('',(2.76848290032416,-10.4111565282654,1.15563940336622));
#3810=CARTESIAN_POINT('',(2.89799436396596,-10.4284256414083,0.845378026466237));
#3811=CARTESIAN_POINT('',(2.97562732479562,-10.447974131958,0.508558312327167));
#3812=CARTESIAN_POINT('',(2.9950089278297,-10.4665221876983,0.172978386569762));
#3813=CARTESIAN_POINT('',(3.01439499290663,-10.4850745135817,-0.16267879657468));
#3814=CARTESIAN_POINT('',(2.97601672653273,-10.5027871941571,-0.506379603617725));
#3815=CARTESIAN_POINT('',(2.88302336503896,-10.5198134488415,-0.82956390750766));
#3816=CARTESIAN_POINT('',(2.7900441123842,-10.5368371203234,-1.15269917827044));
#3817=CARTESIAN_POINT('',(2.6399236221089,-10.5548652737504,-1.46417438712368));
#3818=CARTESIAN_POINT('',(2.44515691339436,-10.5735195908985,-1.73816215264276));
#3819=CARTESIAN_POINT('',(2.25038756693454,-10.5921741606839,-2.01215362880593));
#3820=CARTESIAN_POINT('',(2.00555915012726,-10.6106815750682,-2.25627851179065));
#3821=CARTESIAN_POINT('',(1.7309278782045,-10.6278336267499,-2.45028338778486));
#3822=CARTESIAN_POINT('',(1.45627522826447,-10.6449870135921,-2.64430336562657));
#3823=CARTESIAN_POINT('',(1.14424355405154,-10.661580171163,-2.79351774182012));
#3824=CARTESIAN_POINT('',(0.820867838753417,-10.6799481800008,-2.88551139164279));
#3825=CARTESIAN_POINT('',(0.497553605751095,-10.6983126965932,-2.97748755103398));
#3826=CARTESIAN_POINT('',(0.153938468133237,-10.7178680571143,-3.01484841368704));
#3827=CARTESIAN_POINT('',(-0.181611621998458,-10.7357832223505,-2.99449782413598));
#3828=CARTESIAN_POINT('',(-0.51729143679121,-10.7537053136428,-2.97413936698658));
#3829=CARTESIAN_POINT('',(-0.854152264910538,-10.7705242576871,-2.89543412335102));
#3830=CARTESIAN_POINT('',(-1.16412397969841,-10.787895264445,-2.76492592303865));
#3831=CARTESIAN_POINT('',(-1.47399304291445,-10.8052605185453,-2.63446094238556));
#3832=CARTESIAN_POINT('',(-1.76549175727181,-10.8247546712337,-2.44868210623615));
#3833=CARTESIAN_POINT('',(-2.01458140766628,-10.8430930781821,-2.22293988939994));
#3834=CARTESIAN_POINT('',(-2.26372244524406,-10.8614352683429,-1.99715110195487));
#3835=CARTESIAN_POINT('',(-2.47730679256954,-10.8788565383381,-1.72512412686972));
#3836=CARTESIAN_POINT('',(-2.63755119029396,-10.8957701855504,-1.42944874639805));
#3837=CARTESIAN_POINT('',(-2.79776138473434,-10.9126802226379,-1.13383647620773));
#3838=CARTESIAN_POINT('',(-2.90904604741372,-10.9308536933063,-0.806497476637758));
#3839=CARTESIAN_POINT('',(-2.96222210252348,-10.9496362449856,-0.474594790659811));
#3840=CARTESIAN_POINT('',(-3.01540036411445,-10.968419576026,-0.142678332749375));
#3841=CARTESIAN_POINT('',(-3.01194778588941,-10.9870699014667,0.203030190982429));
#3842=CARTESIAN_POINT('',(-2.95211079870267,-11.0043485787371,0.533893090593159));
#3843=CARTESIAN_POINT('',(-2.8922652914065,-11.0216297162956,0.864803101334455));
#3844=CARTESIAN_POINT('',(-2.77435219568739,-11.0383886003687,1.18996388708753));
#3845=CARTESIAN_POINT('',(-2.608228265022,-11.0567570347002,1.48227707178529));
#3846=CARTESIAN_POINT('',(-2.44213549869558,-11.0751220231698,1.77453541942774));
#3847=CARTESIAN_POINT('',(-2.22326458653186,-11.0944336507613,2.04208740571088));
#3848=CARTESIAN_POINT('',(-1.96968251881584,-11.1121149206413,2.2628192095418));
#3849=CARTESIAN_POINT('',(-1.71602702516364,-11.12980131022,2.48361492735325));
#3850=CARTESIAN_POINT('',(-1.42062958717758,-11.1464023920871,2.66362788062996));
#3851=CARTESIAN_POINT('',(-1.10810589789449,-11.1638022888275,2.78784886947831));
#3852=CARTESIAN_POINT('',(-0.795680591127978,-11.181196708077,2.91203075353583));
#3853=CARTESIAN_POINT('',(-0.457590624503117,-11.2008758159693,2.98389055982233));
#3854=CARTESIAN_POINT('',(-0.12172453246298,-11.2193481148871,2.99752950580919));
#3855=CARTESIAN_POINT('',(0.214229619529082,-11.2378252570142,3.01117202775967));
#3856=CARTESIAN_POINT('',(0.557242473413024,-11.2553862074944,2.96691483016592));
#3857=CARTESIAN_POINT('',(0.87879729089476,-11.2724135911184,2.86839943548942));
#3858=CARTESIAN_POINT('',(1.20028921391159,-11.289437644274,2.76990330991633));
#3859=CARTESIAN_POINT('',(1.50913276792942,-11.3077230296618,2.61448255466155));
#3860=CARTESIAN_POINT('',(1.77974478533545,-11.3263676491507,2.41505869474662));
#3861=CARTESIAN_POINT('',(2.05036905330768,-11.3450131126787,2.21562580694289));
#3862=CARTESIAN_POINT('',(2.29027905579693,-11.3633638426517,1.96664399070649));
#3863=CARTESIAN_POINT('',(2.47955905074724,-11.3804484807609,1.68872345689204));
#3864=CARTESIAN_POINT('',(2.66884512306917,-11.3975336674208,1.4107939996498));
#3865=CARTESIAN_POINT('',(2.81268862490396,-11.4142759685576,1.09626953063383));
#3866=CARTESIAN_POINT('',(2.89913248782819,-11.4327616257251,0.771382407123132));
#3867=CARTESIAN_POINT('',(2.98556253816311,-11.4512443291285,0.446547196290287));
#3868=CARTESIAN_POINT('',(3.01704153588803,-11.4706974008925,0.102336296651835));
#3869=CARTESIAN_POINT('',(2.99095193914702,-11.488511194333,-0.232822889150916));
#3870=CARTESIAN_POINT('',(2.96485260530648,-11.5063316361967,-0.568107162297401));
#3871=CARTESIAN_POINT('',(2.88039327648206,-11.5230628156435,-0.903572283121655));
#3872=CARTESIAN_POINT('',(2.74460500658855,-11.5405553616472,-1.21125693302825));
#3873=CARTESIAN_POINT('',(2.60886047619316,-11.5580422730317,-1.51884247295888));
#3874=CARTESIAN_POINT('',(2.41812707657311,-11.5776312374381,-1.80711632895644));
#3875=CARTESIAN_POINT('',(2.18815425717129,-11.5958863501299,-2.05231112330053));
#3876=CARTESIAN_POINT('',(1.95812832326883,-11.6141456790209,-2.29756254781116));
#3877=CARTESIAN_POINT('',(1.68247299260032,-11.6314216674696,-2.50646993122181));
#3878=CARTESIAN_POINT('',(1.384091809742,-11.6483541107416,-2.66163293153002));
#3879=CARTESIAN_POINT('',(1.0857842055304,-11.6652823785954,-2.81675766976193));
#3880=CARTESIAN_POINT('',(0.756606496916702,-11.6837298089291,-2.92241882999063));
#3881=CARTESIAN_POINT('',(0.423845377305512,-11.7025039489655,-2.96990826392613));
#3882=CARTESIAN_POINT('',(0.0910594450981412,-11.7212794889105,-3.01740123894885));
#3883=CARTESIAN_POINT('',(-0.25455689504786,-11.7397729948246,-3.00803244490209));
#3884=CARTESIAN_POINT('',(-0.584358027433195,-11.7569828132964,-2.94253728876533));
#3885=CARTESIAN_POINT('',(-0.914189269396733,-11.7741942029587,-2.87703615317206));
#3886=CARTESIAN_POINT('',(-1.23726705925558,-11.7911059052019,-2.75358032893154));
#3887=CARTESIAN_POINT('',(-1.5266828515318,-11.8095687076896,-2.58248707079799));
#3888=CARTESIAN_POINT('',(-1.81605380191431,-11.8280286495626,-2.41142032174204));
#3889=CARTESIAN_POINT('',(-2.07982924481912,-11.8472255761767,-2.18799939276962));
#3890=CARTESIAN_POINT('',(-2.29619377837709,-11.8648073464726,-1.93067193799009));
#3891=CARTESIAN_POINT('',(-2.51261624355987,-11.8823938242893,-1.67327558375961));
#3892=CARTESIAN_POINT('',(-2.68754555539384,-11.8989233225562,-1.37484250112562));
#3893=CARTESIAN_POINT('',(-2.80639733273451,-11.9164685666546,-1.06025186197464));
#3894=CARTESIAN_POINT('',(-2.92521347110822,-11.9340085496254,-0.745755556165972));
#3895=CARTESIAN_POINT('',(-2.99128046507456,-11.9537725001968,-0.406492150451321));
#3896=CARTESIAN_POINT('',(-2.99917296755382,-11.9721617087929,-0.0704379918402693));
#3897=CARTESIAN_POINT('',(-3.00706779365091,-11.9905563313236,0.265715103887434));
#3898=CARTESIAN_POINT('',(-2.9569442544244,-12.0079710626105,0.607938962699091));
#3899=CARTESIAN_POINT('',(-2.85293607400082,-12.0250147724017,0.927769237291727));
#3900=CARTESIAN_POINT('',(-2.74895246365238,-12.0420544559208,1.24752395769385));
#3901=CARTESIAN_POINT('',(-2.58827748563499,-12.060592218108,1.55364698143592));
#3902=CARTESIAN_POINT('',(-2.38425399974974,-12.0792131118855,1.82080555378036));
#3903=CARTESIAN_POINT('',(-2.18021512291213,-12.0978354103704,2.08798427980878));
#3904=CARTESIAN_POINT('',(-1.92715195118794,-12.116027077089,2.32360895506524));
#3905=CARTESIAN_POINT('',(-1.64602343866948,-12.1330536996945,2.50810821922634));
#3906=CARTESIAN_POINT('',(-1.36489869103958,-12.1500800942787,2.69260501256312));
#3907=CARTESIAN_POINT('',(-1.04797529466832,-12.1670092791487,2.83103559993453));
#3908=CARTESIAN_POINT('',(-0.721670383398862,-12.1855915896149,2.91190519380782));
#3909=CARTESIAN_POINT('',(-0.39540701296787,-12.2041715344263,2.99276449243081));
#3910=CARTESIAN_POINT('',(-0.0506988795159396,-12.2235104342013,3.01835171561416));
#3911=CARTESIAN_POINT('',(0.283972325691995,-12.2412240411992,2.98652971159523));
#3912=CARTESIAN_POINT('',(0.618760611227775,-12.2589438450699,2.95469657506592));
#3913=CARTESIAN_POINT('',(0.952728731602511,-12.2756014575616,2.86450825451879));
#3914=CARTESIAN_POINT('',(1.25803355553562,-12.2932355136816,2.72348151694598));
#3915=CARTESIAN_POINT('',(1.56324460155912,-12.3108641532972,2.58249809736755));
#3916=CARTESIAN_POINT('',(1.84821165800916,-12.330500533284,2.38686500366142));
#3917=CARTESIAN_POINT('',(2.08943991104815,-12.3486663704746,2.15272870053777));
#3918=CARTESIAN_POINT('',(2.33072966505423,-12.3668368390321,1.91853270453449));
#3919=CARTESIAN_POINT('',(2.53489794978454,-12.3839744909327,1.63933009647807));
#3920=CARTESIAN_POINT('',(2.68493360697827,-12.4009419544775,1.3383316203836));
#3921=CARTESIAN_POINT('',(2.83492784157963,-12.4179047335603,1.0374162454493));
#3922=CARTESIAN_POINT('',(2.93493590419179,-12.4366177666059,0.706495355420756));
#3923=CARTESIAN_POINT('',(2.97672508068753,-12.4553693055945,0.372971572650949));
#3924=CARTESIAN_POINT('',(3.01851872315339,-12.4741228485425,0.0394121465071626));
#3925=CARTESIAN_POINT('',(3.00323544700865,-12.4924570411359,-0.306011461341056));
#3926=CARTESIAN_POINT('',(2.93210063540311,-12.5096072612982,-0.634654129324485));
#3927=CARTESIAN_POINT('',(2.86096298817629,-12.5267581651136,-0.963309897871752));
#3928=CARTESIAN_POINT('',(2.73200163615018,-12.5438563058214,-1.28420900334165));
#3929=CARTESIAN_POINT('',(2.55598847359263,-12.5623935214415,-1.57064411082255));
#3930=CARTESIAN_POINT('',(2.37999656269911,-12.5809284988955,-1.85704463439743));
#3931=CARTESIAN_POINT('',(2.15208902961389,-12.6000002936951,-2.11696694560342));
#3932=CARTESIAN_POINT('',(1.89109021060375,-12.6174850822597,-2.32890055935383));
#3933=CARTESIAN_POINT('',(1.63002920908212,-12.6349740365445,-2.54088466591653));
#3934=CARTESIAN_POINT('',(1.32864978126221,-12.651447496052,-2.71067741384104));
#3935=CARTESIAN_POINT('',(1.01208697385535,-12.6691587443571,-2.82412463559105));
#3936=CARTESIAN_POINT('',(0.695613286078068,-12.6868650065431,-2.93753991936812));
#3937=CARTESIAN_POINT('',(0.355273323942252,-12.7066621923414,-2.99779554161482));
#3938=CARTESIAN_POINT('',(0.0191295309370856,-12.7249621742941,-2.99993900955438));
#3939=CARTESIAN_POINT('',(-0.317123978606532,-12.7432681293177,-3.0020831771168));
#3940=CARTESIAN_POINT('',(-0.658457499060835,-12.760543447403,-2.946107305806));
#3941=CARTESIAN_POINT('',(-0.976468195039208,-12.7776195339368,-2.8366370695027));
#3942=CARTESIAN_POINT('',(-1.29439216679981,-12.7946909636768,-2.72719668666261));
#3943=CARTESIAN_POINT('',(-1.59770666602737,-12.813469818698,-2.56131456832898));
#3944=CARTESIAN_POINT('',(-1.86133474649332,-12.8320540681335,-2.35275008479368));
#3945=CARTESIAN_POINT('',(-2.12499027096248,-12.850640252212,-2.14416388944247));
#3946=CARTESIAN_POINT('',(-2.35626006448266,-12.868671837509,-1.88709249947998));
#3947=CARTESIAN_POINT('',(-2.53592384868415,-12.8856509318147,-1.60283818075158));
#3948=CARTESIAN_POINT('',(-2.7155772289843,-12.9026290429016,-1.31860032251299));
#3949=CARTESIAN_POINT('',(-2.84855441582281,-12.9197762698415,-0.999371973464038));
#3950=CARTESIAN_POINT('',(-2.92382648035113,-12.938435104651,-0.671743040751137));
#3951=CARTESIAN_POINT('',(-2.99909151606375,-12.9570921971209,-0.344144701637648));
#3952=CARTESIAN_POINT('',(-3.01877828642361,-12.9763063728573,0.000961831927736776));
#3953=CARTESIAN_POINT('',(-2.98123177202823,-12.993922183566,0.335047939031875));
#3954=CARTESIAN_POINT('',(-2.94367331726722,-13.0115435963718,0.669240290625984));
#3955=CARTESIAN_POINT('',(-2.84778238783707,-13.0281430349044,1.00161092874591));
#3956=CARTESIAN_POINT('',(-2.70155983152815,-13.0459390602788,1.30444412554683));
#3957=CARTESIAN_POINT('',(-2.55537944284066,-13.0637299536403,1.60718999139199));
#3958=CARTESIAN_POINT('',(-2.35490238092666,-13.0833607475924,1.88876903515995));
#3959=CARTESIAN_POINT('',(-2.11667081529631,-13.1014325304871,2.12595970321011));
#3960=CARTESIAN_POINT('',(-1.87837310398324,-13.1195093310645,2.36321622793476));
#3961=CARTESIAN_POINT('',(-1.59570557350615,-13.1365168753778,2.56258410343672));
#3962=CARTESIAN_POINT('',(-1.29217940043971,-13.1535363922761,2.70744757974726));
#3963=CARTESIAN_POINT('',(-0.988744597373535,-13.1705507858163,2.85226744803634));
#3964=CARTESIAN_POINT('',(-0.656176207979808,-13.1895144928665,2.9465942143873));
#3965=CARTESIAN_POINT('',(-0.321985902283425,-13.2082303516805,2.98267079623795));
#3966=CARTESIAN_POINT('',(0.0122507150352585,-13.2269488041119,3.01875237753055));
#3967=CARTESIAN_POINT('',(0.357380897612018,-13.2451225513753,2.99755781064751));
#3968=CARTESIAN_POINT('',(0.684768560640203,-13.26222352137,2.92080331730138));
#3969=CARTESIAN_POINT('',(1.01215257933551,-13.2793243010043,2.8440496783519));
#3970=CARTESIAN_POINT('',(1.33077836234904,-13.296636060704,2.70962121332067));
#3971=CARTESIAN_POINT('',(1.61415028433613,-13.3152286420028,2.52873859059761));
#3972=CARTESIAN_POINT('',(1.89749789039548,-13.3338196278864,2.34787148927395));
#3973=CARTESIAN_POINT('',(2.15349117150217,-13.3527571973037,2.11554194196501));
#3974=CARTESIAN_POINT('',(2.36093115647561,-13.3701487183977,1.85094680484952));
#3975=CARTESIAN_POINT('',(2.56841316882239,-13.3875437630167,1.58629806071796));
#3976=CARTESIAN_POINT('',(2.73301793994464,-13.4039779755884,1.28206198115459));
#3977=CARTESIAN_POINT('',(2.84102672241661,-13.4218762216992,0.963621898108729));
#3978=CARTESIAN_POINT('',(2.94900723271131,-13.4397697827984,0.645265169344543));
#3979=CARTESIAN_POINT('',(3.00343413065591,-13.4595430181857,0.303945632762875));
#3980=CARTESIAN_POINT('',(2.99982730602097,-13.4777488419213,-0.0321890362016816));
#3981=CARTESIAN_POINT('',(2.99621919322138,-13.4959611678023,-0.3684437544727));
#3982=CARTESIAN_POINT('',(2.93440663089265,-13.5131051568516,-0.708785151599271));
#3983=CARTESIAN_POINT('',(2.81950679746431,-13.5302304684427,-1.02488117313789));
#3984=CARTESIAN_POINT('',(2.70464186035167,-13.5473505788925,-1.34088119291368));
#3985=CARTESIAN_POINT('',(2.53360088321124,-13.5663528694987,-1.64130011044045));
#3986=CARTESIAN_POINT('',(2.32055530772694,-13.5848886866458,-1.90132139939051));
#3987=CARTESIAN_POINT('',(2.10748172583496,-13.6034269404624,-2.16137687005124));
#3988=CARTESIAN_POINT('',(1.84647646276476,-13.6212987897095,-2.38822328712909));
#3989=CARTESIAN_POINT('',(1.55917948105141,-13.6382419076468,-2.56299811663376));
#3990=CARTESIAN_POINT('',(1.2719114789616,-13.6551833165332,-2.73775531661538));
#3991=CARTESIAN_POINT('',(0.950472349501563,-13.6725731026014,-2.86524030655545));
#3992=CARTESIAN_POINT('',(0.621613402269135,-13.6912892407671,-2.93489297558174));
#3993=CARTESIAN_POINT('',(0.292773757494025,-13.7100042803843,-3.00454155632739));
#3994=CARTESIAN_POINT('',(-0.0526319752690278,-13.7290845213576,-3.01832065197365));
#3995=CARTESIAN_POINT('',(-0.386035809657501,-13.7466061232312,-2.9750590504496));
#3996=CARTESIAN_POINT('',(-0.719532787466593,-13.7641326201354,-2.93178536288115));
#3997=CARTESIAN_POINT('',(-1.05020598552826,-13.7806971715125,-2.83021985396003));
#3998=CARTESIAN_POINT('',(-1.3504771073837,-13.7986691093161,-2.67884519568276));
#3999=CARTESIAN_POINT('',(-1.65066795958936,-13.816636242791,-2.52751100347072));
#4000=CARTESIAN_POINT('',(-1.92877839899128,-13.8362101528405,-2.32224680434116));
#4001=CARTESIAN_POINT('',(-2.16186132319394,-13.8541843198036,-2.07998933152998));
#4002=CARTESIAN_POINT('',(-2.39501338178545,-13.8721638180582,-1.83766000308036));
#4003=CARTESIAN_POINT('',(-2.58952032637922,-13.8890507364712,-1.55161176914165));
#4004=CARTESIAN_POINT('',(-2.72916803737977,-13.906140070568,-1.24564915756593));
#4005=CARTESIAN_POINT('',(-2.86877117043258,-13.9232239494559,-0.939784214510631));
#4006=CARTESIAN_POINT('',(-2.95739015816666,-13.9424168899739,-0.605664268815636));
#4007=CARTESIAN_POINT('',(-2.98774346578583,-13.9610851230266,-0.270904010037052));
#4008=CARTESIAN_POINT('',(-3.01810193253409,-13.9797565291051,0.0639131476934804));
#4009=CARTESIAN_POINT('',(-2.99100109296,-13.9977700676054,0.408649114136673));
#4010=CARTESIAN_POINT('',(-2.90864869470887,-14.0148331988095,0.734685491056185));
#4011=CARTESIAN_POINT('',(-2.82630132477471,-14.0318952881638,1.06070196067144));
#4012=CARTESIAN_POINT('',(-2.68644568975617,-14.0494413500445,1.37696093899652));
#4013=CARTESIAN_POINT('',(-2.50074539635043,-14.0680711959003,1.65718811926462));
#4014=CARTESIAN_POINT('',(-2.31505455733908,-14.0867000932714,1.93740103257474));
#4015=CARTESIAN_POINT('',(-2.07836907155877,-14.1054956959694,2.1893903268737));
#4016=CARTESIAN_POINT('',(-1.81025393751175,-14.1227988539368,2.39227521028064));
#4017=CARTESIAN_POINT('',(-1.54209527259798,-14.1401048212252,2.59519303384538));
#4018=CARTESIAN_POINT('',(-1.23509403391933,-14.1565414233077,2.7545598552969));
#4019=CARTESIAN_POINT('',(-0.914870529663186,-14.1746229098625,2.85709851316923));
#4020=CARTESIAN_POINT('',(-0.594723944372365,-14.192700053172,2.9596125408462));
#4021=CARTESIAN_POINT('',(-0.252522511140264,-14.2124131772189,3.00819451287433));
#4022=CARTESIAN_POINT('',(0.0835047111777121,-14.2305211625968,2.99883760200702));
#4023=CARTESIAN_POINT('',(0.419659478700555,-14.2486360211878,2.9894771395551));
#4024=CARTESIAN_POINT('',(0.758905248673056,-14.2656579730795,2.92184582939671));
#4025=CARTESIAN_POINT('',(1.0729904740867,-14.2828500311573,2.80155161339555));
#4026=CARTESIAN_POINT('',(1.38697387692702,-14.300036515781,2.68129639530208));
#4027=CARTESIAN_POINT('',(1.68441137426129,-14.3192382731779,2.50514654299164));
#4028=CARTESIAN_POINT('',(1.94075069080178,-14.3377150258098,2.28768152419701));
#4029=CARTESIAN_POINT('',(2.19713045394391,-14.3561946938034,2.07018219259737));
#4030=CARTESIAN_POINT('',(2.41948654093204,-14.3739085274217,1.80531898603012));
#4031=CARTESIAN_POINT('',(2.58932073559957,-14.3908282570912,1.51506373733717));
#4032=CARTESIAN_POINT('',(2.75913083983956,-14.4077455867522,1.22484966040615));
#4033=CARTESIAN_POINT('',(2.88108705726279,-14.4253957429845,0.901294341578876));
#4034=CARTESIAN_POINT('',(2.94510043279408,-14.4441509103889,0.571299781862357));
#4035=CARTESIAN_POINT('',(3.00911227998934,-14.4629056300088,0.241313100851998));
#4036=CARTESIAN_POINT('',(3.01697857368048,-14.4818440886551,-0.104292238286606));
#4037=CARTESIAN_POINT('',(2.96801344973736,-14.4992762634944,-0.436916653582909));
#4038=CARTESIAN_POINT('',(2.91903679412321,-14.5167125437478,-0.769619404539864));
#4039=CARTESIAN_POINT('',(2.8118275726721,-14.5332958795109,-1.09849483013385));
#4040=CARTESIAN_POINT('',(2.65534542576694,-14.5514250518197,-1.39611628092309));
#4041=CARTESIAN_POINT('',(2.49890131078567,-14.5695498179561,-1.69366539683842));
#4042=CARTESIAN_POINT('',(2.28890855117816,-14.5890469920345,-1.9682268415721));
#4043=CARTESIAN_POINT('',(2.0426952983366,-14.6069212500708,-2.19713356857373));
#4044=CARTESIAN_POINT('',(1.79640702731187,-14.6248009541761,-2.42611004067061));
#4045=CARTESIAN_POINT('',(1.50706514215954,-14.6415779372898,-2.61569635288232));
#4046=CARTESIAN_POINT('',(1.19875993982124,-14.6587554761977,-2.75008629076976));
#4047=CARTESIAN_POINT('',(0.890555330949572,-14.6759274104379,-2.88443238006291));
#4048=CARTESIAN_POINT('',(0.554980172381206,-14.695321708831,-2.96731941501864));
#4049=CARTESIAN_POINT('',(0.219747003512537,-14.7139315309906,-2.99194105129885));
#4050=CARTESIAN_POINT('',(-0.115553664227113,-14.7325451002196,-3.01656764512146));
#4051=CARTESIAN_POINT('',(-0.45979461014795,-14.7504000463202,-2.98356801563141));
#4052=CARTESIAN_POINT('',(-0.784383864140349,-14.7674377823667,-2.89564188975023));
#4053=CARTESIAN_POINT('',(-1.10893761136177,-14.7844736546577,-2.80772538209509));
#4054=CARTESIAN_POINT('',(-1.42273770901663,-14.8022681475399,-2.66248460223073));
#4055=CARTESIAN_POINT('',(-1.69973986875709,-14.8209181428445,-2.47202030302295));
#4056=CARTESIAN_POINT('',(-1.97673740369064,-14.8395678267703,-2.28155918379257));
#4057=CARTESIAN_POINT('',(-2.22464917959928,-14.8582150973896,-2.04058578645637));
#4058=CARTESIAN_POINT('',(-2.42291926431323,-14.8754359808985,-1.76902861441523));
#4059=CARTESIAN_POINT('',(-2.62121294500504,-14.8926589138521,-1.49743912455355));
#4060=CARTESIAN_POINT('',(-2.77529409705557,-14.9091543671157,-1.1877658799604));
#4061=CARTESIAN_POINT('',(-2.87233355757085,-14.9273958987301,-0.865852143297267));
#4062=CARTESIAN_POINT('',(-2.96935211062043,-14.9456335001476,-0.544007763990121));
#4063=CARTESIAN_POINT('',(-3.01207480893616,-14.9652707675108,-0.201022587492879));
#4064=CARTESIAN_POINT('',(-2.99696997860633,-14.9832785137007,0.134799656277198));
#4065=CARTESIAN_POINT('',(-2.98185927378024,-15.0012932633745,0.470752506381351));
#4066=CARTESIAN_POINT('',(-2.90842969243873,-15.0182037230475,0.808798746220181));
#4067=CARTESIAN_POINT('',(-2.7827789037126,-15.0354807121593,1.12077721829637));
#4068=CARTESIAN_POINT('',(-2.65716988741692,-15.0527519575599,1.43265197356221));
#4069=CARTESIAN_POINT('',(-2.47596296706449,-15.0721230075209,1.72702353965618));
#4070=CARTESIAN_POINT('',(-2.25414202076955,-15.090531241094,1.97960696861802));
#4071=CARTESIAN_POINT('',(-2.0322803972811,-15.1089428503415,2.23223671595145));
#4072=CARTESIAN_POINT('',(-1.76363685043741,-15.1265017601621,2.45003723864715));
#4073=CARTESIAN_POINT('',(-1.47050904084983,-15.1434116859831,2.61488109878421));
#4074=CARTESIAN_POINT('',(-1.17743413698992,-15.1603185597842,2.7796952067651));
#4075=CARTESIAN_POINT('',(-0.851857674914375,-15.1782401593209,2.89608845877229));
#4076=CARTESIAN_POINT('',(-0.520822334804855,-15.1970170733167,2.95444480326989));
#4077=CARTESIAN_POINT('',(-0.189783487784128,-15.2157941862307,3.01280176598099));
#4078=CARTESIAN_POINT('',(0.155921527320915,-15.2345843919703,3.01475244968139));
#4079=CARTESIAN_POINT('',(0.487669496635264,-15.2519331026146,2.96009771157161));
#4080=CARTESIAN_POINT('',(0.819479812496983,-15.2692850736624,2.90543270200719));
#4081=CARTESIAN_POINT('',(1.14645836793315,-15.2859391836287,2.79261294733701));
#4082=CARTESIAN_POINT('',(1.44134411517738,-15.3042032698063,2.63106958130026));
#4083=CARTESIAN_POINT('',(1.7361663417583,-15.3224634217589,2.46956101294993));
#4084=CARTESIAN_POINT('',(2.00709973851265,-15.3418695572726,2.25489985256144));
#4085=CARTESIAN_POINT('',(2.23176354103771,-15.3596428706055,2.0048021091606));
#4086=CARTESIAN_POINT('',(2.45649508035034,-15.3774215426438,1.75462896056529));
#4087=CARTESIAN_POINT('',(2.6411031411363,-15.3941005625441,1.46208152444232));
#4088=CARTESIAN_POINT('',(2.77019544288566,-15.4113853530752,1.15152820556662));
#4089=CARTESIAN_POINT('',(2.89924595636513,-15.4286645483734,0.841075415426775));
#4090=CARTESIAN_POINT('',(2.97637882873371,-15.4482260347901,0.504141656593332));
#4091=CARTESIAN_POINT('',(2.99526236242949,-15.4667678383183,0.168533024102803));
#4092=CARTESIAN_POINT('',(3.0068508581596,-15.4781466201966,-0.0374241482812919));
#4093=CARTESIAN_POINT('',(2.99703245861297,-15.4892607979628,-0.245691710371391));
#4094=CARTESIAN_POINT('',(2.96610639860749,-15.4999450032042,-0.44968081139806));
#4095=CARTESIAN_POINT('',(-1.73076539822192,-9.82301652345172,-2.45039815873212));
#4096=CARTESIAN_POINT('',(2.96610639860749,-15.4999450032042,-0.44968081139806));
#4097=CARTESIAN_POINT('',(-1.73076539822192,-12.2499450032043,-2.45039815873212));
#4098=CARTESIAN_POINT('',(-1.73076539822192,-8.99994500320427,-2.45039815873212));
#4099=CARTESIAN_POINT('',(-1.38777878078145E-14,-8.99994500320427,-1.20370621524202E-31));
#4100=CARTESIAN_POINT('',(2.84004531378738,-8.99994500320427,0.966510535707822));
#4101=CARTESIAN_POINT('',(-1.38777878078145E-14,-8.99994500320427,-1.20370621524202E-31));
#4102=CARTESIAN_POINT('',(-2.0760818628659,-8.99994500320427,-2.16561402347678));
#4103=CARTESIAN_POINT('',(2.07608186286579,-15.4999450032043,2.16561402347687));
#4104=CARTESIAN_POINT('',(1.84340082766539,-15.4832532514882,2.38867541473847));
#4105=CARTESIAN_POINT('',(1.57083101851515,-15.4673464229921,2.57611458424128));
#4106=CARTESIAN_POINT('',(1.27930604557264,-15.4500541380404,2.71355413466569));
#4107=CARTESIAN_POINT('',(0.975232408231648,-15.4320175083475,2.85690975730836));
#4108=CARTESIAN_POINT('',(0.642255437477116,-15.4124745299741,2.94966495290694));
#4109=CARTESIAN_POINT('',(0.307852552773082,-15.3945427117606,2.98416266409058));
#4110=CARTESIAN_POINT('',(-0.0266543030845856,-15.3766053182608,3.01867110115907));
#4111=CARTESIAN_POINT('',(-0.371815680828803,-15.3597664192398,2.99580828341));
#4112=CARTESIAN_POINT('',(-0.698886484411694,-15.3426419492598,2.91745740018714));
#4113=CARTESIAN_POINT('',(-1.02585146982806,-15.3255230196092,2.83913186605296));
#4114=CARTESIAN_POINT('',(-1.34368559453352,-15.306240881261,2.7032379560218));
#4115=CARTESIAN_POINT('',(-1.62615464789086,-15.2875961794853,2.52103571199279));
#4116=CARTESIAN_POINT('',(-1.90867546824079,-15.2689480607684,2.33880007647503));
#4117=CARTESIAN_POINT('',(-2.16363372784415,-15.2510020810432,2.10517789171698));
#4118=CARTESIAN_POINT('',(-2.36983386109137,-15.2339513016848,1.8395345799481));
#4119=CARTESIAN_POINT('',(-2.57601713002818,-15.2169019168436,1.573912994117));
#4120=CARTESIAN_POINT('',(-2.73910034925344,-15.1992518047113,1.26899127657535));
#4121=CARTESIAN_POINT('',(-2.84556813164038,-15.1806113790822,0.950127364195264));
#4122=CARTESIAN_POINT('',(-2.95203205129631,-15.1619716297417,0.631275020437076));
#4123=CARTESIAN_POINT('',(-3.00485843869857,-15.1432382585538,0.289614264830043));
#4124=CARTESIAN_POINT('',(-2.99963843541525,-15.1259708165574,-0.0465752807788221));
#4125=CARTESIAN_POINT('',(-2.9944176790622,-15.1087008834538,-0.382813327155988));
#4126=CARTESIAN_POINT('',(-2.93096490528256,-15.0922458458878,-0.722839368805309));
#4127=CARTESIAN_POINT('',(-2.81459588465854,-15.0740936662653,-1.03829186940055));
#4128=CARTESIAN_POINT('',(-2.69825364030473,-15.0559456634216,-1.35367178502989));
#4129=CARTESIAN_POINT('',(-2.52583419284521,-15.0362628748625,-1.65322854453737));
#4130=CARTESIAN_POINT('',(-2.31156117611964,-15.0181971949021,-1.91224604302299));
#4131=CARTESIAN_POINT('',(-2.09720564239245,-15.0001245578093,-2.17136328970682));
#4132=CARTESIAN_POINT('',(-1.83503019811747,-14.9831512690067,-2.39703652567269));
#4133=CARTESIAN_POINT('',(-1.54685375934252,-14.9659254404941,-2.57045588314757));
#4134=CARTESIAN_POINT('',(-1.25877214759004,-14.9487052802938,-2.74381817543912));
#4135=CARTESIAN_POINT('',(-0.936838272189925,-14.9294276617906,-2.86972746580354));
#4136=CARTESIAN_POINT('',(-0.607648920685364,-14.9109788919445,-2.93781598967497));
#4137=CARTESIAN_POINT('',(-0.278404029233909,-14.8925270094713,-3.00591600126003));
#4138=CARTESIAN_POINT('',(0.0672152353101711,-14.8748793574798,-3.01804180152209));
#4139=CARTESIAN_POINT('',(0.400499816811353,-14.8579655022411,-2.9731464640569));
#4140=CARTESIAN_POINT('',(0.733731558033272,-14.841054328593,-2.92825824447925));
#4141=CARTESIAN_POINT('',(1.0637639649411,-14.8232899766099,-2.82513687824991));
#4142=CARTESIAN_POINT('',(1.36319947437995,-14.8045235317224,-2.67239353259395));
#4143=CARTESIAN_POINT('',(1.66263223301284,-14.7857572592355,-2.51965159013599));
#4144=CARTESIAN_POINT('',(1.93980510974743,-14.7668809853249,-2.31304901965789));
#4145=CARTESIAN_POINT('',(2.17175419842321,-14.7494850154246,-2.06965787067116));
#4146=CARTESIAN_POINT('',(2.40375331754505,-14.7320852932865,-1.82621422323394));
#4147=CARTESIAN_POINT('',(2.59687975369143,-14.71547792309,-1.53924522180872));
#4148=CARTESIAN_POINT('',(2.73504232143033,-14.6972888305395,-1.23269765148836));
#4149=CARTESIAN_POINT('',(2.87317287539425,-14.6791039526003,-0.926221111585972));
#4150=CARTESIAN_POINT('',(2.96022167734938,-14.6596437313011,-0.591699474601868));
#4151=CARTESIAN_POINT('',(2.98899326444078,-14.6418122439483,-0.256747473459003));
#4152=CARTESIAN_POINT('',(3.01777361726262,-14.6239753239437,0.0783065762410986));
#4153=CARTESIAN_POINT('',(2.98900573114579,-14.6072414369066,0.423031757809739));
#4154=CARTESIAN_POINT('',(2.90507040995962,-14.590020760201,0.748709498521954));
#4155=CARTESIAN_POINT('',(2.82116247164355,-14.5728057015302,1.07428099086168));
#4156=CARTESIAN_POINT('',(2.67985618859401,-14.5533359420708,1.38973350398318));
#4157=CARTESIAN_POINT('',(2.49284648994732,-14.5347538716056,1.66904654745075));
#4158=CARTESIAN_POINT('',(2.30579663544908,-14.5161678110862,1.94841956670135));
#4159=CARTESIAN_POINT('',(2.06783126742519,-14.4983793253441,2.19935585326737));
#4160=CARTESIAN_POINT('',(1.79868736011123,-14.4813483607242,2.40098391926645));
#4161=CARTESIAN_POINT('',(1.52957825122834,-14.4643195980892,2.60258591616209));
#4162=CARTESIAN_POINT('',(1.22192731068993,-14.4464170420452,2.76041640810505));
#4163=CARTESIAN_POINT('',(0.901294560606676,-14.4277634191425,2.86141016196923));
#4164=CARTESIAN_POINT('',(0.58066261537859,-14.4091098430643,2.962403662318));
#4165=CARTESIAN_POINT('',(0.23813336341663,-14.390527088358,3.00937693844792));
#4166=CARTESIAN_POINT('',(-0.0979270352843217,-14.3733389855064,2.99840128998112));
#4167=CARTESIAN_POINT('',(-0.43402104411928,-14.3561491636351,2.98742454381575));
#4168=CARTESIAN_POINT('',(-0.772896904538794,-14.3396132260272,2.91816218739897));
#4169=CARTESIAN_POINT('',(-1.08629580267242,-14.3213106388784,2.79641939434991));
#4170=CARTESIAN_POINT('',(-1.39963076868256,-14.3030117853843,2.67470143634438));
#4171=CARTESIAN_POINT('',(-1.69619815540613,-14.2834111332916,2.49718201054992));
#4172=CARTESIAN_POINT('',(-1.95151528278473,-14.2654463330558,2.27850567281665));
#4173=CARTESIAN_POINT('',(-2.20693174928022,-14.2474745430524,2.05974425221213));
#4174=CARTESIAN_POINT('',(-2.42808857814925,-14.2306078824849,1.7937399576659));
#4175=CARTESIAN_POINT('',(-2.59654922675265,-14.2132892026331,1.50264171147025));
#4176=CARTESIAN_POINT('',(-2.7649538128956,-14.19597628631,1.21164034062235));
#4177=CARTESIAN_POINT('',(-2.88533440179485,-14.1765440149245,0.887608770800548));
#4178=CARTESIAN_POINT('',(-2.94778176860923,-14.158167416815,0.557299421007334));
#4179=CARTESIAN_POINT('',(-3.01024125478479,-14.1397872523001,0.226925967016992));
#4180=CARTESIAN_POINT('',(-3.01644995272337,-14.1222928046662,-0.118867018356235));
#4181=CARTESIAN_POINT('',(-2.96585404692631,-14.1053827004438,-0.451342189841536));
#4182=CARTESIAN_POINT('',(-2.915268062593,-14.0884759121613,-0.783752165530616));
#4183=CARTESIAN_POINT('',(-2.80651928275094,-14.0704374490877,-1.11195231752557));
#4184=CARTESIAN_POINT('',(-2.64867743174919,-14.0516562793859,-1.40872561648554));
#4185=CARTESIAN_POINT('',(-2.49083163038358,-14.0328746396411,-1.7055063428959));
#4186=CARTESIAN_POINT('',(-2.27950607327524,-14.0141489493418,-1.97911573332349));
#4187=CARTESIAN_POINT('',(-2.03217124299954,-13.9968335636491,-2.2068710970797));
#4188=CARTESIAN_POINT('',(-1.78479511671061,-13.9795152869103,-2.43466448778305));
#4189=CARTESIAN_POINT('',(-1.4945742952085,-13.9628169607158,-2.6228413877015));
#4190=CARTESIAN_POINT('',(-1.18572282279142,-13.9445021995341,-2.75573245934934));
#4191=CARTESIAN_POINT('',(-0.876933974515348,-13.9261911519375,-2.88859658539402));
#4192=CARTESIAN_POINT('',(-0.540966869442709,-13.9068276356717,-2.96991232187282));
#4193=CARTESIAN_POINT('',(-0.205566103673172,-13.8890971583309,-2.99294880962248));
#4194=CARTESIAN_POINT('',(0.12993426544744,-13.8713614156027,-3.01599213847572));
#4195=CARTESIAN_POINT('',(0.474118587273527,-13.8547200311295,-2.98132807163588));
#4196=CARTESIAN_POINT('',(0.798304496599504,-13.8373838339548,-2.89183504555654));
#4197=CARTESIAN_POINT('',(1.12238658793073,-13.8200531885614,-2.80237067891688));
#4198=CARTESIAN_POINT('',(1.43536774036858,-13.800432600614,-2.65569392881472));
#4199=CARTESIAN_POINT('',(1.71144392802218,-13.7819222668676,-2.46393175255241));
#4200=CARTESIAN_POINT('',(1.9875881712441,-13.7634073701369,-2.27212230497706));
#4201=CARTESIAN_POINT('',(2.23442890934733,-13.7457728321778,-2.02988347141203));
#4202=CARTESIAN_POINT('',(2.43142585359521,-13.7287478444891,-1.75731850228374));
#4203=CARTESIAN_POINT('',(2.62838842219218,-13.7117258276334,-1.48480109530553));
#4204=CARTESIAN_POINT('',(2.78092167604215,-13.6935660209646,-1.17451117692135));
#4205=CARTESIAN_POINT('',(2.87641303222373,-13.6749148387521,-0.852201893950856));
#4206=CARTESIAN_POINT('',(2.97190724813619,-13.6562630979827,-0.529882958611294));
#4207=CARTESIAN_POINT('',(3.01301339180195,-13.6378353687843,-0.18658471302041));
#4208=CARTESIAN_POINT('',(2.99628519759083,-13.620718871654,0.149248164806222));
#4209=CARTESIAN_POINT('',(2.9795560917482,-13.6036014417309,0.485099344418871));
#4210=CARTESIAN_POINT('',(2.90450599036513,-13.586937191745,0.822723611956807));
#4211=CARTESIAN_POINT('',(2.77742547956519,-13.5685063887672,1.13397870591206));
#4212=CARTESIAN_POINT('',(2.65036719904202,-13.5500788099018,1.4451793518104));
#4213=CARTESIAN_POINT('',(2.46779835455249,-13.53057415261,1.73867231197781));
#4214=CARTESIAN_POINT('',(2.24478164642526,-13.5127108620521,1.99021490293693));
#4215=CARTESIAN_POINT('',(2.02167994594165,-13.4948407637389,2.24185335755448));
#4216=CARTESIAN_POINT('',(1.75192765037829,-13.478068366626,2.45842659057105));
#4217=CARTESIAN_POINT('',(1.45799677694889,-13.4606377146612,2.62187821959881));
#4218=CARTESIAN_POINT('',(1.164162139419,-13.4432127696658,2.78527633293303));
#4219=CARTESIAN_POINT('',(0.838126001333656,-13.4236645998565,2.90009506815084));
#4220=CARTESIAN_POINT('',(0.506792855069722,-13.4053679352091,2.95688366393578));
#4221=CARTESIAN_POINT('',(0.1753871587473,-13.3870672642493,3.01368469438351));
#4222=CARTESIAN_POINT('',(-0.170477910990882,-13.3697210215241,3.01397444571276));
#4223=CARTESIAN_POINT('',(-0.502045583023976,-13.3527997441752,2.95769339732267));
#4224=CARTESIAN_POINT('',(-0.83353672996421,-13.3358823722201,2.90142533847535));
#4225=CARTESIAN_POINT('',(-1.159809752783,-13.3175682718726,2.78708222301306));
#4226=CARTESIAN_POINT('',(-1.45383588082387,-13.2987881777813,2.62418772797015));
#4227=CARTESIAN_POINT('',(-1.74787920805526,-13.28000698514,2.46128370434052));
#4228=CARTESIAN_POINT('',(-2.01784544390475,-13.2614363995952,2.24529605987989));
#4229=CARTESIAN_POINT('',(-2.24134033655004,-13.2441939983187,1.99408964085214));
#4230=CARTESIAN_POINT('',(-2.46486123908546,-13.2269495904058,1.74285398692205));
#4231=CARTESIAN_POINT('',(-2.64803310485345,-13.2101172128447,1.44946877364398));
#4232=CARTESIAN_POINT('',(-2.77561499411696,-13.1916980078815,1.13840300615957));
#4233=CARTESIAN_POINT('',(-2.90317504751733,-13.1732819553973,0.827390478124509));
#4234=CARTESIAN_POINT('',(-2.97873394331103,-13.1540275549586,0.490074262082431));
#4235=CARTESIAN_POINT('',(-2.99602815869188,-13.1363973700889,0.154321976158445));
#4236=CARTESIAN_POINT('',(-3.01332720725259,-13.1187622581465,-0.181524141786926));
#4237=CARTESIAN_POINT('',(-2.97277745754628,-13.1021996245876,-0.525063614864641));
#4238=CARTESIAN_POINT('',(-2.87775482469575,-13.0847280063646,-0.847659819114041));
#4239=CARTESIAN_POINT('',(-2.7827614319893,-13.0672617644673,-1.17015675480803));
#4240=CARTESIAN_POINT('',(-2.63075722799379,-13.0475332114151,-1.48057752420449));
#4241=CARTESIAN_POINT('',(-2.43429884182819,-13.0291025311532,-1.75333657598134));
#4242=CARTESIAN_POINT('',(-2.23778571426376,-13.0106667153446,-2.02617162966542));
#4243=CARTESIAN_POINT('',(-1.99134442005779,-12.9931812542891,-2.26884409037252));
#4244=CARTESIAN_POINT('',(-1.71543902081359,-12.9761474815136,-2.46115195911796));
#4245=CARTESIAN_POINT('',(-1.4395934422986,-12.9591174019341,-2.65341813242369));
#4246=CARTESIAN_POINT('',(-1.1267551105849,-12.9407020379453,-2.8006111433658));
#4247=CARTESIAN_POINT('',(-0.802862054117101,-12.9220678591184,-2.8905730438892));
#4248=CARTESIAN_POINT('',(-0.478949278838978,-12.9034325458312,-2.98054042134895));
#4249=CARTESIAN_POINT('',(-0.13498193122184,-12.8851628866449,-3.01576689049425));
#4250=CARTESIAN_POINT('',(0.200524975294325,-12.8681091381153,-2.99329078679022));
#4251=CARTESIAN_POINT('',(0.53603482621217,-12.8510552399223,-2.97081448583636));
#4252=CARTESIAN_POINT('',(0.872307038423674,-12.8342217424411,-2.88999994240012));
#4253=CARTESIAN_POINT('',(1.1813288816696,-12.8156841251499,-2.75761891372488));
#4254=CARTESIAN_POINT('',(1.49030640680623,-12.7971491664156,-2.6252568703642));
#4255=CARTESIAN_POINT('',(1.78064055523349,-12.7777530362269,-2.43769031614094));
#4256=CARTESIAN_POINT('',(2.02833533329758,-12.7599906628532,-2.21039719862665));
#4257=CARTESIAN_POINT('',(2.27611988178771,-12.7422218519768,-1.98302170472899));
#4258=CARTESIAN_POINT('',(2.48804386011731,-12.7255301154658,-1.70960283194551));
#4259=CARTESIAN_POINT('',(2.64643765898147,-12.7079677844132,-1.41292877284193));
#4260=CARTESIAN_POINT('',(2.80478155130016,-12.6904109868807,-1.11634818947749));
#4261=CARTESIAN_POINT('',(2.91400644735096,-12.6707915144769,-0.788400841275344));
#4262=CARTESIAN_POINT('',(2.96511985777531,-12.6525813503843,-0.456140580332918));
#4263=CARTESIAN_POINT('',(3.01624570563235,-12.63436675521,-0.123799470458717));
#4264=CARTESIAN_POINT('',(3.01061607113882,-12.617162406557,0.222035730921768));
#4265=CARTESIAN_POINT('',(2.94866676300803,-12.6002141469565,0.552597792912413));
#4266=CARTESIAN_POINT('',(2.88673369600706,-12.5832703306482,0.883073192089176));
#4267=CARTESIAN_POINT('',(2.76683051126926,-12.5646857165602,1.20732498124258));
#4268=CARTESIAN_POINT('',(2.59893041711424,-12.5459214223473,1.49851949837109));
#4269=CARTESIAN_POINT('',(2.43101501701834,-12.5271554175626,1.78974056108367));
#4270=CARTESIAN_POINT('',(2.21042741398715,-12.5087430958703,2.05598468160231));
#4271=CARTESIAN_POINT('',(1.95542256273266,-12.491564958513,2.27515331376942));
#4272=CARTESIAN_POINT('',(1.7004011354709,-12.4743857045302,2.49433619249232));
#4273=CARTESIAN_POINT('',(1.40393924635782,-12.4573825275654,2.67244914098893));
#4274=CARTESIAN_POINT('',(1.09074902861829,-12.4388792624739,2.79468541280915));
#4275=CARTESIAN_POINT('',(0.777601907109132,-12.4203785435059,2.916904864428));
#4276=CARTESIAN_POINT('',(0.43903332760618,-12.4012443407832,2.98668434273473));
#4277=CARTESIAN_POINT('',(0.10302690692892,-12.3837125188568,2.9982303874867));
#4278=CARTESIAN_POINT('',(-0.233064704645799,-12.3661762519212,3.009779359617));
#4279=CARTESIAN_POINT('',(-0.575855981994012,-12.3496774061806,2.96335580571879));
#4280=CARTESIAN_POINT('',(-0.896765428721899,-12.3320499417946,2.86283282184784));
#4281=CARTESIAN_POINT('',(-1.21758155912601,-12.3144276032478,2.76233906876273));
#4282=CARTESIAN_POINT('',(-1.52535355371711,-12.2946398610527,2.60505135331661));
#4283=CARTESIAN_POINT('',(-1.79471565982674,-12.2762955568026,2.40395418017331));
#4284=CARTESIAN_POINT('',(-2.06416149250832,-12.2579455505414,2.20279449943687));
#4285=CARTESIAN_POINT('',(-2.30259361535041,-12.2406029914933,1.95222300393094));
#4286=CARTESIAN_POINT('',(-2.4901553956131,-12.2235447939414,1.67305890682278));
#4287=CARTESIAN_POINT('',(-2.67766926075836,-12.2064909541298,1.39396612584564));
#4288=CARTESIAN_POINT('',(-2.81948036455094,-12.1878281796188,1.07867021804219));
#4289=CARTESIAN_POINT('',(-2.90388692868755,-12.1692244679419,0.753286602428129));
#4290=CARTESIAN_POINT('',(-2.98830111160652,-12.1506190770398,0.427873616741009));
#4291=CARTESIAN_POINT('',(-3.01763671973009,-12.1325091714772,0.0833373942761839));
#4292=CARTESIAN_POINT('',(-2.98941874510108,-12.1155082140258,-0.251745042529861));
#4293=CARTESIAN_POINT('',(-2.96120179485239,-12.0985078737501,-0.586815315037842));
#4294=CARTESIAN_POINT('',(-2.87464741014042,-12.0814707442547,-0.921635890183276));
#4295=CARTESIAN_POINT('',(-2.73700409917813,-12.0628468706363,-1.22833568745772));
#4296=CARTESIAN_POINT('',(-2.59937594353518,-12.0442250476134,-1.53500171532239));
#4297=CARTESIAN_POINT('',(-2.40686450481114,-12.0249486483789,-1.82209319162062));
#4298=CARTESIAN_POINT('',(-2.17535994485822,-12.0072853900516,-2.0658676410425));
#4299=CARTESIAN_POINT('',(-1.94377793992503,-11.9896162228527,-2.30972364007804));
#4300=CARTESIAN_POINT('',(-1.66677442195984,-11.9729903349257,-2.51693412801389));
#4301=CARTESIAN_POINT('',(-1.36744684241528,-11.9552760953587,-2.67022267482854));
#4302=CARTESIAN_POINT('',(-1.06820843712053,-11.9375671331336,-2.8234655546479));
#4303=CARTESIAN_POINT('',(-0.738443454733924,-11.9179266397071,-2.92706569831909));
#4304=CARTESIAN_POINT('',(-0.405353235897847,-11.8998083437818,-2.97248864659702));
#4305=CARTESIAN_POINT('',(-0.0721741586067333,-11.88168521444,-3.01792371235178));
#4306=CARTESIAN_POINT('',(0.273528784981717,-11.8646151566541,-3.00637562026815));
#4307=CARTESIAN_POINT('',(0.602986992938044,-11.8476232701921,-2.93877639270965));
#4308=CARTESIAN_POINT('',(0.932349832327336,-11.8306363023869,-2.87119673316101));
#4309=CARTESIAN_POINT('',(1.25448700614908,-11.8117928968217,-2.74576889112996));
#4310=CARTESIAN_POINT('',(1.54276595070083,-11.7930580272863,-2.57291142897654));
#4311=CARTESIAN_POINT('',(1.83108039143462,-11.7743208509008,-2.4000326826466));
#4312=CARTESIAN_POINT('',(2.09352415555275,-11.756068591367,-2.17490844605386));
#4313=CARTESIAN_POINT('',(2.30830169478605,-11.73894489878,-1.91617934595062));
#4314=CARTESIAN_POINT('',(2.52308217794168,-11.7218209714812,-1.65744669948785));
#4315=CARTESIAN_POINT('',(2.69608386518693,-11.7046166585049,-1.35799613209414));
#4316=CARTESIAN_POINT('',(2.81293928437996,-11.6860488295432,-1.04277158687407));
#4317=CARTESIAN_POINT('',(2.92978267554529,-11.6674829117839,-0.72757948798462));
#4318=CARTESIAN_POINT('',(2.99376134707795,-11.6484786555092,-0.387855762703129));
#4319=CARTESIAN_POINT('',(2.99955460925385,-11.6310420662927,-0.0516928051461494));
#4320=CARTESIAN_POINT('',(3.00534915000991,-11.6136016287994,0.284544343993038));
#4321=CARTESIAN_POINT('',(2.95306503561026,-11.5971504256484,0.626484694371735));
#4322=CARTESIAN_POINT('',(2.84707211113771,-11.5793462351921,0.945611121963889));
#4323=CARTESIAN_POINT('',(2.74110796205788,-11.5615468782902,1.26465091180799));
#4324=CARTESIAN_POINT('',(2.57858162049355,-11.5417544689836,1.56968636409098));
#4325=CARTESIAN_POINT('',(2.37290426868909,-11.5235020625741,1.83557220823291));
#4326=CARTESIAN_POINT('',(2.16715650141669,-11.5052434072912,2.10154908075482));
#4327=CARTESIAN_POINT('',(1.91252847774307,-11.4880362889847,2.33566942480129));
#4328=CARTESIAN_POINT('',(1.6301886812119,-11.4709372007925,2.51842904677669));
#4329=CARTESIAN_POINT('',(1.34793057691099,-11.4538430600526,2.70113578906137));
#4330=CARTESIAN_POINT('',(1.03026825403145,-11.4349474232579,2.83752469918025));
#4331=CARTESIAN_POINT('',(0.703487806777939,-11.4163865222975,2.91635130012054));
#4332=CARTESIAN_POINT('',(0.376668725123281,-11.3978234269301,2.99518722052454));
#4333=CARTESIAN_POINT('',(0.03166416918173,-11.3798735970158,3.01862223023743));
#4334=CARTESIAN_POINT('',(-0.302895284664921,-11.362914396103,2.98466990578988));
#4335=CARTESIAN_POINT('',(-0.637427945172588,-11.3459565533752,2.95072030042896));
#4336=CARTESIAN_POINT('',(-0.970698161095952,-11.3286880200471,2.8584520272049));
#4337=CARTESIAN_POINT('',(-1.27498774866115,-11.3099975600838,2.71558580066327));
#4338=CARTESIAN_POINT('',(-1.57925429898025,-11.2913085151434,2.57273039028019));
#4339=CARTESIAN_POINT('',(-1.86301977585297,-11.2721617151947,2.37532814416888));
#4340=CARTESIAN_POINT('',(-2.10280218142754,-11.2545945691651,2.13967824351785));
#4341=CARTESIAN_POINT('',(-2.34265628634338,-11.2370221702364,1.9039578792204));
#4342=CARTESIAN_POINT('',(-2.54509052579423,-11.2204460297795,1.62345223268703));
#4343=CARTESIAN_POINT('',(-2.69322785987337,-11.2025593115326,1.32156108250886));
#4344=CARTESIAN_POINT('',(-2.84132402055009,-11.1846775647338,1.01975384018478));
#4345=CARTESIAN_POINT('',(-2.93926967713834,-11.1650717391922,0.688265068242773));
#4346=CARTESIAN_POINT('',(-2.97898816485517,-11.1470494727715,0.354442539282278));
#4347=CARTESIAN_POINT('',(-3.01871810697002,-11.1290220089169,0.0205237393826268));
#4348=CARTESIAN_POINT('',(-3.0012540449424,-11.1120773635627,-0.324943960955488));
#4349=CARTESIAN_POINT('',(-2.92802492820815,-11.0950244272924,-0.653199831438839));
#4350=CARTESIAN_POINT('',(-2.8548186295386,-11.0779768046871,-0.981353417967068));
#4351=CARTESIAN_POINT('',(-2.72390285440259,-11.0588928714539,-1.30128335640578));
#4352=CARTESIAN_POINT('',(-2.54613762912288,-11.0401999296975,-1.58656332163725));
#4353=CARTESIAN_POINT('',(-2.36834491426823,-11.0215040972686,-1.87188740249913));
#4354=CARTESIAN_POINT('',(-2.13874870537277,-11.0034123342154,-2.1304534396986));
#4355=CARTESIAN_POINT('',(-1.87637067421238,-10.9863321917099,-2.34077617318611));
#4356=CARTESIAN_POINT('',(-1.61400230193945,-10.9692526779733,-2.55109116409089));
#4357=CARTESIAN_POINT('',(-1.31165144405964,-10.9518233607444,-2.71893090805919));
#4358=CARTESIAN_POINT('',(-0.994483088210998,-10.9332095364566,-2.83037159879446));
#4359=CARTESIAN_POINT('',(-0.677336277078837,-10.9145969765748,-2.94180471954981));
#4360=CARTESIAN_POINT('',(-0.336555178927143,-10.8957310721647,-2.99996260085762));
#4361=CARTESIAN_POINT('',(-0.00033353534991537,-10.8783853928512,-2.99999998145903));
#4362=CARTESIAN_POINT('',(0.335949473501765,-10.8610365477023,-3.00003736888293));
#4363=CARTESIAN_POINT('',(0.676936426153767,-10.8446085553498,-2.94190763064619));
#4364=CARTESIAN_POINT('',(0.994184771630671,-10.8266137349829,-2.83047639803932));
#4365=CARTESIAN_POINT('',(1.31135344576528,-10.8086234336986,-2.7190731494267));
#4366=CARTESIAN_POINT('',(1.61356510509497,-10.788878866376,-2.55135421029802));
#4367=CARTESIAN_POINT('',(1.87589613746358,-10.770722660591,-2.34115648375951));
#4368=CARTESIAN_POINT('',(2.13832430032532,-10.7525597323027,-2.13088092956697));
#4369=CARTESIAN_POINT('',(2.36806188094176,-10.7354793413795,-1.8722720956464));
#4370=CARTESIAN_POINT('',(2.54596425844092,-10.7183221501077,-1.58684151531944));
#4371=CARTESIAN_POINT('',(2.72381044826745,-10.7011703776654,-1.30150108375965));
#4372=CARTESIAN_POINT('',(2.8547385620221,-10.6820627696418,-0.98156398159577));
#4373=CARTESIAN_POINT('',(2.9279621780875,-10.6635558802691,-0.653481050749763));
#4374=CARTESIAN_POINT('',(3.00119641308296,-10.6450463070168,-0.325350541132318));
#4375=CARTESIAN_POINT('',(3.01872291202508,-10.6272555066712,0.0200214947813977));
#4376=CARTESIAN_POINT('',(2.97904559769877,-10.6103259768312,0.353959498857601));
#4377=CARTESIAN_POINT('',(2.93937312720769,-10.5933985137604,0.687856735540653));
#4378=CARTESIAN_POINT('',(2.84141860104043,-10.5758774777958,1.01947879732726));
#4379=CARTESIAN_POINT('',(2.69337030325704,-10.5571391735244,1.32127075557322));
#4380=CARTESIAN_POINT('',(2.54532805837904,-10.5384016353624,1.62305037515538));
#4381=CARTESIAN_POINT('',(2.3430906788679,-10.5193929523982,1.90340726784365));
#4382=CARTESIAN_POINT('',(2.10336296809342,-10.5019177207163,2.13912697716924));
#4383=CARTESIAN_POINT('',(1.86357352489326,-10.4844379889771,2.37490738681766));
#4384=CARTESIAN_POINT('',(1.57965022729025,-10.4678707158083,2.57250385651599));
#4385=CARTESIAN_POINT('',(1.27528470152401,-10.4498155974732,2.71544635926744));
#4386=CARTESIAN_POINT('',(0.970996895269416,-10.4317650894993,2.85835236175665));
#4387=CARTESIAN_POINT('',(0.637879210501322,-10.4122285227232,2.95061483132697));
#4388=CARTESIAN_POINT('',(0.303421944790827,-10.394305203157,2.98461641143704));
#4389=CARTESIAN_POINT('',(-0.0311363895987018,-10.3763764673945,3.0186282663868));
#4390=CARTESIAN_POINT('',(-0.376264084717563,-10.3595471431548,2.99525280331309));
#4391=CARTESIAN_POINT('',(-0.703217958523898,-10.3424150752872,2.91641638021897));
#4392=CARTESIAN_POINT('',(-1.03006584536441,-10.3252885610345,2.83760551312509));
#4393=CARTESIAN_POINT('',(-1.34769691127408,-10.3059888427531,2.70124038357819));
#4394=CARTESIAN_POINT('',(-1.62989536040491,-10.2873491844049,2.51861889021157));
#4395=CARTESIAN_POINT('',(-1.91214629486764,-10.2687060593166,2.33596343156372));
#4396=CARTESIAN_POINT('',(-2.16675853744736,-10.2507738508227,2.10196169339663));
#4397=CARTESIAN_POINT('',(-2.37256435718423,-10.2337253146923,1.83601153891228));
#4398=CARTESIAN_POINT('',(-2.57835248042664,-10.2166782445037,1.57008425251514));
#4399=CARTESIAN_POINT('',(-2.74098176485867,-10.1990065850155,1.26492217483257));
#4400=CARTESIAN_POINT('',(-2.84697576687337,-10.1803643681605,0.945901148553991));
#4401=CARTESIAN_POINT('',(-2.95296623847882,-10.1617227722337,0.626890748110485));
#4402=CARTESIAN_POINT('',(-3.00528539091686,-10.1430022597042,0.285150708592442));
#4403=CARTESIAN_POINT('',(-2.9995659324796,-10.1257419789417,-0.0510315266076831));
#4404=CARTESIAN_POINT('',(-2.99384567041837,-10.1084792729888,-0.387260997765993));
#4405=CARTESIAN_POINT('',(-2.92988801830309,-10.0920192566673,-0.727191289627249));
#4406=CARTESIAN_POINT('',(-2.81305135893273,-10.0738531292706,-1.04246920914087));
#4407=CARTESIAN_POINT('',(-2.6962413335522,-10.0556911430095,-1.35767525815643));
#4408=CARTESIAN_POINT('',(-2.52337742608362,-10.0360148983259,-1.65697604206899));
#4409=CARTESIAN_POINT('',(-2.30871989795552,-10.017957914851,-1.9156754507967));
#4410=CARTESIAN_POINT('',(-2.09397952346379,-9.99989396234299,-2.17447470370631));
#4411=CARTESIAN_POINT('',(-1.83146869170257,-9.98293038293121,-2.39975878750779));
#4412=CARTESIAN_POINT('',(-1.54303522420917,-9.96569723997631,-2.57274994837232));
#4413=CARTESIAN_POINT('',(-1.25469688184269,-9.94846978049818,-2.74568405689035));
#4414=CARTESIAN_POINT('',(-0.932577322103659,-9.92917735886697,-2.87111500826268));
#4415=CARTESIAN_POINT('',(-0.603286997754353,-9.91073451325095,-2.93871482085972));
#4416=CARTESIAN_POINT('',(-0.273940384940183,-9.8922885150386,-3.00632618888184));
#4417=CARTESIAN_POINT('',(0.0716979722396925,-9.87465432004377,-3.01793871637743));
#4418=CARTESIAN_POINT('',(0.404916214448978,-9.85774135830071,-2.97254820974804));
#4419=CARTESIAN_POINT('',(0.738080507040225,-9.84083113484658,-2.92716505205754));
#4420=CARTESIAN_POINT('',(1.0679577220727,-9.82304322951547,-2.82355415823336));
#4421=CARTESIAN_POINT('',(1.36716563158915,-9.80427485438097,-2.67036666692071));
#4422=CARTESIAN_POINT('',(1.66637168800847,-9.78550659548545,-2.51718012435068));
#4423=CARTESIAN_POINT('',(1.94323856188688,-9.76664317304163,-2.31016539517628));
#4424=CARTESIAN_POINT('',(2.17482646127364,-9.74925446721594,-2.06642925437672));
#4425=CARTESIAN_POINT('',(2.4064633581219,-9.731862082431,-1.82264154589073));
#4426=CARTESIAN_POINT('',(2.59916260144034,-9.71524868694644,-1.53538695250238));
#4427=CARTESIAN_POINT('',(2.73686932710185,-9.69704782987556,-1.22863594541631));
#4428=CARTESIAN_POINT('',(2.8745444737732,-9.67885114663629,-0.921955282657897));
#4429=CARTESIAN_POINT('',(2.96109683367656,-9.65939879050844,-0.587304423816532));
#4430=CARTESIAN_POINT('',(2.98937114584654,-9.64157606462461,-0.252309635923926));
#4431=CARTESIAN_POINT('',(3.0176540651972,-9.62374791320042,0.082787130069809));
#4432=CARTESIAN_POINT('',(2.98837423137715,-9.60702256560349,0.427469521713701));
#4433=CARTESIAN_POINT('',(2.90395562634767,-9.58979263999473,0.7530217262494));
#4434=CARTESIAN_POINT('',(2.81956454439665,-9.57256833187508,1.0784677906888));
#4435=CARTESIAN_POINT('',(2.67779062564621,-9.55308394025717,1.39370942549912));
#4436=CARTESIAN_POINT('',(2.490366389798,-9.53450775016605,1.67274482350549));
#4437=CARTESIAN_POINT('',(2.30290139500435,-9.515927520331,1.95184090303746));
#4438=CARTESIAN_POINT('',(2.06456246694671,-9.49815255121289,2.20242474875785));
#4439=CARTESIAN_POINT('',(1.79511857084393,-9.48112266696245,2.40365332704431));
#4440=CARTESIAN_POINT('',(1.52571059535067,-9.46409505303185,2.60485507876952));
#4441=CARTESIAN_POINT('',(1.21782710865694,-9.4461702740121,2.76222770656611));
#4442=CARTESIAN_POINT('',(0.897045233927071,-9.42751625858312,2.86274515950839));
#4443=CARTESIAN_POINT('',(0.576263242977154,-9.40886223639575,2.96326264886838));
#4444=CARTESIAN_POINT('',(0.233663322685162,-9.39029277710935,3.00972740780627));
#4445=CARTESIAN_POINT('',(-0.102381234287269,-9.37311120965336,2.99825250485442));
#4446=CARTESIAN_POINT('',(-0.43845808396853,-9.35592799110871,2.98677649920445));
#4447=CARTESIAN_POINT('',(-0.77722935595648,-9.33938270671886,2.91701109271178));
#4448=CARTESIAN_POINT('',(-1.09044581304941,-9.32106812692999,2.7948037370812));
#4449=CARTESIAN_POINT('',(-1.40359913017364,-9.30275723909909,2.67262101670983));
#4450=CARTESIAN_POINT('',(-1.69990312903599,-9.28316438579117,2.49466146796406));
#4451=CARTESIAN_POINT('',(-1.95489569045921,-9.26520838552574,2.27560603783345));
#4452=CARTESIAN_POINT('',(-2.20998740494255,-9.24724540312577,2.05646542868385));
#4453=CARTESIAN_POINT('',(-2.43074918605376,-9.23038742897263,1.79013273415729));
#4454=CARTESIAN_POINT('',(-2.59877720752971,-9.21305980043407,1.4987851832815));
#4455=CARTESIAN_POINT('',(-2.76674933356805,-9.19573793602563,1.20753455075722));
#4456=CARTESIAN_POINT('',(-2.88664865484437,-9.17629398871883,0.883325365514743));
#4457=CARTESIAN_POINT('',(-2.94860572935193,-9.15792403548707,0.552923369765697));
#4458=CARTESIAN_POINT('',(-3.01057496295092,-9.13955047714738,0.222456532541977));
#4459=CARTESIAN_POINT('',(-3.01627016734585,-9.12206910523883,-0.123346737570409));
#4460=CARTESIAN_POINT('',(-2.9651803688364,-9.10515863588321,-0.455747057332581));
#4461=CARTESIAN_POINT('',(-2.91410074853326,-9.08825153546328,-0.788081155674263));
#4462=CARTESIAN_POINT('',(-2.80486525894669,-9.07018912198481,-1.11611785128625));
#4463=CARTESIAN_POINT('',(-2.64658319098384,-9.05140743490312,-1.41265615533358));
#4464=CARTESIAN_POINT('',(-2.49831618049198,-9.0338141305482,-1.69043144853827));
#4465=CARTESIAN_POINT('',(-2.30342637223561,-9.01625393057833,-1.94766853207899));
#4466=CARTESIAN_POINT('',(-2.0760818628659,-8.99994500320427,-2.16561402347678));
#4467=CARTESIAN_POINT('',(2.07608186286579,-15.4999450032043,2.16561402347687));
#4468=CARTESIAN_POINT('',(-1.38777878078145E-14,-15.4999450032043,1.60339646594403E-16));
#4469=CARTESIAN_POINT('',(2.84004531378738,-15.4999450032043,0.966510535707822));
#4470=CARTESIAN_POINT('',(-1.38777878078145E-14,-15.4999450032043,1.60339646594403E-16));
#4471=CARTESIAN_POINT('',(-1.38777878078145E-14,-12.2499450032043,8.01698232972012E-17));
#4472=CARTESIAN_POINT('',(-1.38777878078145E-14,-8.99994500320427,-1.20370621524202E-31));
#4473=CARTESIAN_POINT('',(3.77726026733724,-8.99994500320427,1.2854590124914));
#4474=CARTESIAN_POINT('',(1.63184499839276,-8.99994500320427,2.31034777070647));
#4475=CARTESIAN_POINT('',(-1.78722805333917,-8.99994500320427,-2.53033734995849));
#4476=CARTESIAN_POINT('',(-2.78154232801837,-8.99994500320428,-1.36608413095095));
#4477=CARTESIAN_POINT('',(-2.63757989959819,-8.99994500320428,-1.65587647268328));
#4478=CARTESIAN_POINT('',(-2.44539649268663,-8.99994500320426,-1.92573300889137));
#4479=CARTESIAN_POINT('',(-2.22010131780159,-8.99994500320426,-2.15799765600079));
#4480=CARTESIAN_POINT('',(-2.08758574801832,-8.99994500320426,-2.29461257493069));
#4481=CARTESIAN_POINT('',(-1.94222322040814,-8.99994500320427,-2.41988142891091));
#4482=CARTESIAN_POINT('',(-1.78722805333917,-8.99994500320427,-2.53033734995849));
#4483=CARTESIAN_POINT('',(-2.78154232801837,-8.99994500320428,-1.36608413095095));
#4484=CARTESIAN_POINT('',(-2.0760818628659,-8.99994500320427,-2.16561402347678));
#4485=CARTESIAN_POINT('',(-2.21265149068538,-8.99994500320427,-2.05631223188221));
#4486=CARTESIAN_POINT('',(-2.34030476795372,-8.99994500320427,-1.93488943624117));
#4487=CARTESIAN_POINT('',(-2.57724467444249,-8.99994500320427,-1.66819138928141));
#4488=CARTESIAN_POINT('',(-2.68653064180428,-8.99994500320427,-1.52110872973444));
#4489=CARTESIAN_POINT('',(-2.78154232801837,-8.99994500320427,-1.36608413095095));
#4490=CARTESIAN_POINT('',(3.30865279056231,-8.99994500320427,1.12598477409961));
#4491=CARTESIAN_POINT('',(5.93385751966288,10.7500549967957,2.65317450167534));
#4492=CARTESIAN_POINT('',(5.93385751966288,11.0000549967957,2.65317450167534));
#4493=CARTESIAN_POINT('',(5.93385751966288,12.5000549967957,2.65317450167534));
#4494=CARTESIAN_POINT('',(7.38015206295816,11.0000549967957,3.14537049131167));
#4495=CARTESIAN_POINT('',(-6.32046173394604,11.0000549967957,-1.51715637616038));
#4496=CARTESIAN_POINT('',(-6.32046173394604,10.7500549967957,-1.51715637616038));
#4497=CARTESIAN_POINT('',(-6.32046173394604,12.5000549967957,-1.51715637616038));
#4498=CARTESIAN_POINT('',(-5.84492092320557,13.0000549967957,-1.35532261896346));
#4499=CARTESIAN_POINT('',(-6.07318051232281,12.7601481659418,-1.43300282240498));
#4500=CARTESIAN_POINT('',(-6.32046173394604,12.5000549967957,-1.51715637616037));
#4501=CARTESIAN_POINT('',(-5.84492092320557,13.0000549967957,-1.35532261896346));
#4502=CARTESIAN_POINT('',(-3.03334742092899,13.0000549967957,-0.39850147295034));
#4503=CARTESIAN_POINT('',(5.4583167089224,13.0000549967957,2.49134074447843));
#4504=CARTESIAN_POINT('',(5.93385751966288,12.5000549967957,2.65317450167534));
#4505=CARTESIAN_POINT('',(5.68657629803964,12.7601481659418,2.56902094791994));
#4506=CARTESIAN_POINT('',(5.4583167089224,13.0000549967957,2.49134074447843));
#4507=CARTESIAN_POINT('',(-8.71343804850379,13.0000549967957,-2.33152254436598));
#4508=CARTESIAN_POINT('',(6.32046173394601,10.7500549967957,1.51715637616038));
#4509=CARTESIAN_POINT('',(6.32046173394601,12.5000549967957,1.51715637616038));
#4510=CARTESIAN_POINT('',(6.32046173394601,11.0000549967957,1.51715637616038));
#4511=CARTESIAN_POINT('',(5.84492092320555,13.0000549967957,1.35532261896347));
#4512=CARTESIAN_POINT('',(6.07318051232977,12.7601481659344,1.43300282240737));
#4513=CARTESIAN_POINT('',(6.32046173394601,12.5000549967957,1.51715637616038));
#4514=CARTESIAN_POINT('',(5.84492092320554,13.0000549967957,1.35532261896346));
#4515=CARTESIAN_POINT('',(5.40005184908512,13.0000549967957,1.20392691937353));
#4516=CARTESIAN_POINT('',(-5.45831670892245,13.0000549967957,-2.49134074447843));
#4517=CARTESIAN_POINT('',(-5.93385751966291,12.5000549967957,-2.65317450167534));
#4518=CARTESIAN_POINT('',(-5.68657629804668,12.7601481659344,-2.56902094792233));
#4519=CARTESIAN_POINT('',(-5.45831670892245,13.0000549967957,-2.49134074447843));
#4520=CARTESIAN_POINT('',(-5.93385751966291,12.5000549967957,-2.65317450167534));
#4521=CARTESIAN_POINT('',(-5.93385751966291,10.7500549967957,-2.65317450167534));
#4522=CARTESIAN_POINT('',(-5.93385751966291,11.0000549967957,-2.65317450167534));
#4523=CARTESIAN_POINT('',(-8.32683383422066,11.0000549967957,-3.46754066988095));
#4524=CARTESIAN_POINT('',(7.76675627724129,13.0000549967957,2.00935236579671));
#4525=CARTESIAN_POINT('',(-1.38777878078145E-14,11.0000549967957,-4.93352758752009E-16));
#4526=CARTESIAN_POINT('',(-1.38777878078145E-14,11.0000549967957,-4.93352758752009E-16));
#4527=CARTESIAN_POINT('',(-0.473340885631252,11.0000549967957,-0.161085089284637));
#4528=CARTESIAN_POINT('',(-1.38777878078145E-14,12.5000549967957,-5.30354215658409E-16));
#4529=CARTESIAN_POINT('',(-1.38777878078145E-14,13.0000549967957,-5.42688034627208E-16));
#4530=CARTESIAN_POINT('',(-1.38777878078145E-14,12.7500549967957,-5.36521125142809E-16));
#4531=CARTESIAN_POINT('',(-1.38777878078145E-14,13.0000549967957,-5.42688034627208E-16));
#4532=CARTESIAN_POINT('',(-1.38777878078145E-14,12.5000549967957,-5.30354215658409E-16));
#4533=CARTESIAN_POINT('',(-1.38777878078145E-14,12.7500549967957,-5.36521125142809E-16));
#4534=CARTESIAN_POINT('',(2.84004531378738,13.0000549967957,0.966510535707822));
#4535=CARTESIAN_POINT('',(2.84004531378738,13.0000549967957,0.966510535707822));
#4536=CARTESIAN_POINT('',(-1.38777878078145E-14,9.00005499679573,-4.4401748287681E-16));
#4537=CARTESIAN_POINT('',(6.15343151320603,9.00005499679573,2.09410616070028));
#4538=CARTESIAN_POINT('',(-1.38777878078145E-14,9.00005499679573,-4.4401748287681E-16));
#4539=CARTESIAN_POINT('',(3.77726026733724,9.00005499679573,1.2854590124914));
#4540=CARTESIAN_POINT('',(4.96534589027163,9.00005499679573,1.68978258659584));
#4541=CARTESIAN_POINT('',(-1.38777878078145E-14,5.49967957337305E-5,-2.22008741438404E-16));
#4542=CARTESIAN_POINT('',(2.18065249020326,-15.9999450032032,-1.22260161826149));
#4543=CARTESIAN_POINT('',(2.3624217708162,-15.9565027708409,-0.987226456633188));
#4544=CARTESIAN_POINT('',(2.50623412801502,-15.9097412580238,-0.717332298091785));
#4545=CARTESIAN_POINT('',(2.59723249984612,-15.8666769057543,-0.434147687764173));
#4546=CARTESIAN_POINT('',(2.68680426151037,-15.8242876869134,-0.15540265186039));
#4547=CARTESIAN_POINT('',(2.72715557897908,-15.784555563698,0.14354422123161));
#4548=CARTESIAN_POINT('',(2.71844023176156,-15.746634236064,0.436809897770705));
#4549=CARTESIAN_POINT('',(2.70976377225836,-15.7088821126762,0.728767028412225));
#4550=CARTESIAN_POINT('',(2.65472452225112,-15.6699256006093,1.02225797540189));
#4551=CARTESIAN_POINT('',(2.55950907693882,-15.6300781938415,1.29809429108584));
#4552=CARTESIAN_POINT('',(2.45157032968657,-15.5849061195667,1.61078963440908));
#4553=CARTESIAN_POINT('',(2.28560566138258,-15.5403160751474,1.90882691010395));
#4554=CARTESIAN_POINT('',(2.07608186286628,-15.4999450032044,2.16561402347647));
#4555=CARTESIAN_POINT('',(2.18065249020326,-15.9999450032032,-1.22260161826149));
#4556=CARTESIAN_POINT('',(-1.38777878078145E-14,-15.9999450032043,1.72673465563203E-16));
#4557=CARTESIAN_POINT('',(0.98220786215697,-15.9999450032046,2.29897101232598));
#4558=CARTESIAN_POINT('',(2.96610639860749,-15.4999450032042,-0.44968081139806));
#4559=CARTESIAN_POINT('',(2.90731095323932,-15.5105264766772,-0.766903878695519));
#4560=CARTESIAN_POINT('',(2.79574817247375,-15.5206691473774,-1.07880954054031));
#4561=CARTESIAN_POINT('',(2.63812764960175,-15.5317620023759,-1.3602914506874));
#4562=CARTESIAN_POINT('',(2.47549003879198,-15.5432079448276,-1.65073297770651));
#4563=CARTESIAN_POINT('',(2.25967593560776,-15.5556550747572,-1.91660697203063));
#4564=CARTESIAN_POINT('',(2.00949168631104,-15.5671408533368,-2.13618429544991));
#4565=CARTESIAN_POINT('',(1.76107490225416,-15.5785454888609,-2.35421038098074));
#4566=CARTESIAN_POINT('',(1.47163823641876,-15.5893257868493,-2.53280796883306));
#4567=CARTESIAN_POINT('',(1.16466092552942,-15.6003995176004,-2.65535853542049));
#4568=CARTESIAN_POINT('',(0.860017377585802,-15.6113890614701,-2.77697742412446));
#4569=CARTESIAN_POINT('',(0.529357401673725,-15.6238468065658,-2.84590098490014));
#4570=CARTESIAN_POINT('',(0.201557979579839,-15.6358629959051,-2.85698094592917));
#4571=CARTESIAN_POINT('',(-0.118191359217247,-15.6475840922133,-2.86778880577925));
#4572=CARTESIAN_POINT('',(-0.444252862963735,-15.6589105305271,-2.82424715710133));
#4573=CARTESIAN_POINT('',(-0.749712937267236,-15.6698214857492,-2.72901623955341));
#4574=CARTESIAN_POINT('',(-1.05686758721443,-15.6807929707771,-2.6332570173039));
#4575=CARTESIAN_POINT('',(-1.35162753833872,-15.6923797415599,-2.48170650325999));
#4576=CARTESIAN_POINT('',(-1.6076586885699,-15.7044774435571,-2.28693515826432));
#4577=CARTESIAN_POINT('',(-1.85598503204747,-15.7162110865092,-2.09802511402435));
#4578=CARTESIAN_POINT('',(-2.07531582339253,-15.7279633705564,-1.86391928182405));
#4579=CARTESIAN_POINT('',(-2.24749451976987,-15.7389627299676,-1.60368060932714));
#4580=CARTESIAN_POINT('',(-2.42060737175718,-15.7500217664091,-1.34203001177237));
#4581=CARTESIAN_POINT('',(-2.55077979706588,-15.7608206595004,-1.04622736258502));
#4582=CARTESIAN_POINT('',(-2.624515724709,-15.7727433257555,-0.741313833834752));
#4583=CARTESIAN_POINT('',(-2.69624946423197,-15.7843422499557,-0.444679772970075));
#4584=CARTESIAN_POINT('',(-2.71721713726894,-15.7966972244385,-0.131487630523788));
#4585=CARTESIAN_POINT('',(-2.68627964127827,-15.8081561913872,0.172129882001291));
#4586=CARTESIAN_POINT('',(-2.65544661688694,-15.8195764630062,0.47472212062789));
#4587=CARTESIAN_POINT('',(-2.57209714620272,-15.8304461195173,0.776484613466917));
#4588=CARTESIAN_POINT('',(-2.44151911261029,-15.8417458191842,1.05119328607227));
#4589=CARTESIAN_POINT('',(-2.31255422249213,-15.8529059238805,1.32250824466352));
#4590=CARTESIAN_POINT('',(-2.13344382845569,-15.8653798251432,1.57462421424299));
#4591=CARTESIAN_POINT('',(-1.92038017586952,-15.8771694343674,1.78636269122904));
#4592=CARTESIAN_POINT('',(-1.71175448618632,-15.8887134744964,1.99369080776838));
#4593=CARTESIAN_POINT('',(-1.46473206978026,-15.899808777743,2.1683338054857));
#4594=CARTESIAN_POINT('',(-1.19914215979988,-15.9107576102603,2.29476566044784));
#4595=CARTESIAN_POINT('',(-0.933564901730791,-15.9217059212078,2.42119149257345));
#4596=CARTESIAN_POINT('',(-0.641572230582575,-15.9336235838334,2.502145346567));
#4597=CARTESIAN_POINT('',(-0.348831825661942,-15.9457479738171,2.53026457556033));
#4598=CARTESIAN_POINT('',(-0.0652305711443328,-15.9574938488376,2.55750594191951));
#4599=CARTESIAN_POINT('',(0.226947523069881,-15.9691605330573,2.53661792770649));
#4600=CARTESIAN_POINT('',(0.503712359853741,-15.9802075718629,2.46887638034665));
#4601=CARTESIAN_POINT('',(0.668115241064869,-15.986769695251,2.42863678310202));
#4602=CARTESIAN_POINT('',(0.829315715693936,-15.9932573289386,2.37156481759289));
#4603=CARTESIAN_POINT('',(0.98220786215697,-15.9999450032046,2.29897101232598));
#4604=CARTESIAN_POINT('',(-1.38777878078145E-14,-15.7499450032043,1.66506556078803E-16));
#4605=CARTESIAN_POINT('',(-1.38777878078145E-14,-15.9999450032043,1.72673465563203E-16));
#4606=CARTESIAN_POINT('',(1.18335221407807,-15.9999450032043,0.402712723211593));
#4607=CARTESIAN_POINT('',(-1.38777878078145E-14,10.7500549967957,-4.87185849267609E-16));
#4608=CARTESIAN_POINT('',(2.18065249020326,-15.9999450032032,-1.22260161826149));
#4609=CARTESIAN_POINT('',(2.31776728277743,-15.9824545547995,-0.978041403875552));
#4610=CARTESIAN_POINT('',(2.41442788530225,-15.9631483108273,-0.7064852081291));
#4611=CARTESIAN_POINT('',(2.46268256495012,-15.9449077527725,-0.430342403547034));
#4612=CARTESIAN_POINT('',(2.51094512067703,-15.9266642175127,-0.154154527221232));
#4613=CARTESIAN_POINT('',(2.51209559014022,-15.9091680883667,0.134259699649418));
#4614=CARTESIAN_POINT('',(2.46600241231666,-15.8920823357796,0.410891837894569));
#4615=CARTESIAN_POINT('',(2.41992159612793,-15.8750011653855,0.687449786733833));
#4616=CARTESIAN_POINT('',(2.32537243536067,-15.8567396777079,0.959789179027855));
#4617=CARTESIAN_POINT('',(2.1902439655604,-15.8381043415267,1.20533454747061));
#4618=CARTESIAN_POINT('',(2.05510497979434,-15.8194675551068,1.45089902474143));
#4619=CARTESIAN_POINT('',(1.87562010324303,-15.8009541518048,1.67650223172426));
#4620=CARTESIAN_POINT('',(1.66663750810207,-15.7835966429583,1.86341606105219));
#4621=CARTESIAN_POINT('',(1.45762640487648,-15.7662367663103,2.05035538798323));
#4622=CARTESIAN_POINT('',(1.21335105163318,-15.7491946599501,2.20371882803924));
#4623=CARTESIAN_POINT('',(0.954224007698103,-15.7308678765928,2.31072641027287));
#4624=CARTESIAN_POINT('',(0.695151862805205,-15.7125449759752,2.41771132172046));
#4625=CARTESIAN_POINT('',(0.414038760449285,-15.6934659488232,2.48136236734792));
#4626=CARTESIAN_POINT('',(0.134108143108699,-15.6757859324484,2.49640040978044));
#4627=CARTESIAN_POINT('',(-0.145914443679897,-15.658100107415,2.51144339286744));
#4628=CARTESIAN_POINT('',(-0.432472394234387,-15.6412642732028,2.4782275457582));
#4629=CARTESIAN_POINT('',(-0.701636969690833,-15.6237260711994,2.39952194463045));
#4630=CARTESIAN_POINT('',(-0.970701265009674,-15.6061944032404,2.32084566611507));
#4631=CARTESIAN_POINT('',(-1.22976472526283,-15.5867304555971,2.1945922409567));
#4632=CARTESIAN_POINT('',(-1.45748491660842,-15.5683857661804,2.03119120662211));
#4633=CARTESIAN_POINT('',(-1.68528308550032,-15.5500347950464,1.86773421935841));
#4634=CARTESIAN_POINT('',(-1.88799463913097,-15.5324331921847,1.66256670512573));
#4635=CARTESIAN_POINT('',(-2.04871922757246,-15.515253430908,1.43274196091793));
#4636=CARTESIAN_POINT('',(-2.20940253737326,-15.4980780818821,1.20297624223404));
#4637=CARTESIAN_POINT('',(-2.33251845864989,-15.4797137466273,0.942295778009253));
#4638=CARTESIAN_POINT('',(-2.40789796790487,-15.4612012927499,0.672329812041431));
#4639=CARTESIAN_POINT('',(-2.48328323907634,-15.4426874238034,0.402343210208951));
#4640=CARTESIAN_POINT('',(-2.51301987627124,-15.4244362925043,0.115558882356735));
#4641=CARTESIAN_POINT('',(-2.49459967720259,-15.4072399616091,-0.164232915400143));
#4642=CARTESIAN_POINT('',(-2.47617927951291,-15.3900434452895,-0.444027730091491));
#4643=CARTESIAN_POINT('',(-2.4090781631351,-15.3729885035336,-0.724515547678754));
#4644=CARTESIAN_POINT('',(-2.29893494224863,-15.3545549843312,-0.982292284052132));
#4645=CARTESIAN_POINT('',(-2.18881042135222,-15.3361245947506,-1.24002525538605));
#4646=CARTESIAN_POINT('',(-2.03261893530044,-15.3169350621696,-1.4822406721275));
#4647=CARTESIAN_POINT('',(-1.84324660415581,-15.2991522720473,-1.6889173917833));
#4648=CARTESIAN_POINT('',(-1.65379488030219,-15.2813620266444,-1.89568075886304));
#4649=CARTESIAN_POINT('',(-1.42589243444502,-15.2644244891397,-2.0725539208462));
#4650=CARTESIAN_POINT('',(-1.17856718574667,-15.2468020873084,-2.20476288717885));
#4651=CARTESIAN_POINT('',(-0.931335896878544,-15.2291863802966,-2.33692162680761));
#4652=CARTESIAN_POINT('',(-0.657931211599665,-15.2098091949909,-2.42810553629013));
#4653=CARTESIAN_POINT('',(-0.380900380567706,-15.1916548228065,-2.47081259914292));
#4654=CARTESIAN_POINT('',(-0.103787096681364,-15.1734950473252,-2.51353237292474));
#4655=CARTESIAN_POINT('',(0.184609995586934,-15.1561371526465,-2.50889873520671));
#4656=CARTESIAN_POINT('',(0.460268665646232,-15.1390253254115,-2.45726530017095));
#4657=CARTESIAN_POINT('',(0.735841317134471,-15.1219188378778,-2.4056479772143));
#4658=CARTESIAN_POINT('',(1.00620990088077,-15.103393208991,-2.30566524054306));
#4659=CARTESIAN_POINT('',(1.24899477723515,-15.0847733240766,-2.1656435640334));
#4660=CARTESIAN_POINT('',(1.49181013757046,-15.0661511012561,-2.02560430645288));
#4661=CARTESIAN_POINT('',(1.7137850060584,-15.047792306291,-1.84161855815792));
#4662=CARTESIAN_POINT('',(1.89647725238278,-15.0304972399724,-1.62891805539585));
#4663=CARTESIAN_POINT('',(2.0791815841075,-15.013201029556,-1.41620348213665));
#4664=CARTESIAN_POINT('',(2.22760316152745,-14.9959930237068,-1.16891949459217));
#4665=CARTESIAN_POINT('',(2.32938938229791,-14.9775840227055,-0.907714220246512));
#4666=CARTESIAN_POINT('',(2.43115890122733,-14.9591780423901,-0.646551806407287));
#4667=CARTESIAN_POINT('',(2.48916548322033,-14.9402170394967,-0.364208199713108));
#4668=CARTESIAN_POINT('',(2.4985876216999,-14.9226327879339,-0.0840231913699153));
#4669=CARTESIAN_POINT('',(2.5080125159735,-14.9050433933161,0.196243765691784));
#4670=CARTESIAN_POINT('',(2.46905639084122,-14.8882687526672,0.482074046470592));
#4671=CARTESIAN_POINT('',(2.38497652859376,-14.8705787775042,0.7495911939563));
#4672=CARTESIAN_POINT('',(2.30092610224267,-14.852894995504,1.01701468516305));
#4673=CARTESIAN_POINT('',(2.1695106150101,-14.8333739201195,1.27349235619806));
#4674=CARTESIAN_POINT('',(2.00157611066875,-14.815114017919,1.497896215764));
#4675=CARTESIAN_POINT('',(1.83357734143577,-14.7968471280501,1.72238594981876));
#4676=CARTESIAN_POINT('',(1.62437144624709,-14.779384238253,1.92095661390691));
#4677=CARTESIAN_POINT('',(1.39136165454409,-14.7621796304504,2.07704423310248));
#4678=CARTESIAN_POINT('',(1.15842392168032,-14.7449803432141,2.23308358182592));
#4679=CARTESIAN_POINT('',(0.895346032997053,-14.7263752441573,2.35093981020248));
#4680=CARTESIAN_POINT('',(0.623925280023578,-14.7078935985399,2.42089182842759));
#4681=CARTESIAN_POINT('',(0.352472137729187,-14.6894097474613,2.49085219420292));
#4682=CARTESIAN_POINT('',(0.0651301812959345,-14.6713146033453,2.51483339140103));
#4683=CARTESIAN_POINT('',(-0.214246724178045,-14.6541685551026,2.49080275035559));
#4684=CARTESIAN_POINT('',(-0.493609325056644,-14.6370233847681,2.46677333972179));
#4685=CARTESIAN_POINT('',(-0.772672608797217,-14.6197677823973,2.39406537639626));
#4686=CARTESIAN_POINT('',(-1.02817614061952,-14.6012516984148,2.27878340872071));
#4687=CARTESIAN_POINT('',(-1.28364875458999,-14.582737855018,2.16351539103157));
#4688=CARTESIAN_POINT('',(-1.52269572393746,-14.5636668405671,2.00249360988377));
#4689=CARTESIAN_POINT('',(-1.72554081629085,-14.5459804201974,1.80900770902569));
#4690=CARTESIAN_POINT('',(-1.92846276907827,-14.5282872982312,1.61544849404327));
#4691=CARTESIAN_POINT('',(-2.1007267330238,-14.5114117853512,1.38404728502212));
#4692=CARTESIAN_POINT('',(-2.22794403688223,-14.4936398643889,1.13413639767048));
#4693=CARTESIAN_POINT('',(-2.35511595523499,-14.4758742836617,0.884314667466889));
#4694=CARTESIAN_POINT('',(-2.4408034092901,-14.4564815073407,0.609140064206205));
#4695=CARTESIAN_POINT('',(-2.47795032497766,-14.4384174841094,0.331303768381468));
#4696=CARTESIAN_POINT('',(-2.51510937401676,-14.4203475605996,0.0533767224799115));
#4697=CARTESIAN_POINT('',(-2.50469261670396,-14.4031190520578,-0.234885711186684));
#4698=CARTESIAN_POINT('',(-2.44754008300553,-14.3859621754844,-0.509458086677737));
#4699=CARTESIAN_POINT('',(-2.39040750987681,-14.3688112909644,-0.783934567539353));
#4700=CARTESIAN_POINT('',(-2.28503190956483,-14.3500352687504,-1.05222585354058));
#4701=CARTESIAN_POINT('',(-2.14017216405159,-14.3314463551282,-1.29215444441397));
#4702=CARTESIAN_POINT('',(-1.99528754701273,-14.3128542499041,-1.53212422954789));
#4703=CARTESIAN_POINT('',(-1.80687337195467,-14.2946518949211,-1.75038109560395));
#4704=CARTESIAN_POINT('',(-1.59054004155711,-14.277407931285,-1.92877743044747));
#4705=CARTESIAN_POINT('',(-1.37420756698656,-14.260164035867,-2.1071730595449));
#4706=CARTESIAN_POINT('',(-1.12401619759694,-14.2427559025709,-2.25059293978336));
#4707=CARTESIAN_POINT('',(-0.860835745272737,-14.2242870395543,-2.34711776859636));
#4708=CARTESIAN_POINT('',(-0.597685386034474,-14.2058202883401,-2.44363156038156));
#4709=CARTESIAN_POINT('',(-0.314222352008576,-14.1869882203142,-2.49596922625929));
#4710=CARTESIAN_POINT('',(-0.0338946555843989,-14.1694959495293,-2.49977021990478));
#4711=CARTESIAN_POINT('',(0.246502002707884,-14.1519993755674,-2.50357214861173));
#4712=CARTESIAN_POINT('',(0.531486595117105,-14.1352673264432,-2.45889115214093));
#4713=CARTESIAN_POINT('',(0.797245831395392,-14.1174019443416,-2.36947232191529));
#4714=CARTESIAN_POINT('',(1.06291932599372,-14.0995423261333,-2.28008234081201));
#4715=CARTESIAN_POINT('',(1.31671179249108,-14.0800268331837,-2.14355589675268));
#4716=CARTESIAN_POINT('',(1.53770886548327,-14.0618578093239,-1.97115485059244));
#4717=CARTESIAN_POINT('',(1.75879877345286,-14.0436811531417,-1.79868138334985));
#4718=CARTESIAN_POINT('',(1.95314654588163,-14.0263481703929,-1.5855217758517));
#4719=CARTESIAN_POINT('',(2.10453296566647,-14.0090998733953,-1.34942246773315));
#4720=CARTESIAN_POINT('',(2.25586581625613,-13.991857679834,-1.11340670508675));
#4721=CARTESIAN_POINT('',(2.36841679391911,-13.9730293851914,-0.8480355745474));
#4722=CARTESIAN_POINT('',(2.43291342646394,-13.9545924736308,-0.575267119981188));
#4723=CARTESIAN_POINT('',(2.49742035481391,-13.9361526189267,-0.302455122508206));
#4724=CARTESIAN_POINT('',(2.51563503396497,-13.9182134717412,-0.0146707296929136));
#4725=CARTESIAN_POINT('',(2.48600278023695,-13.9011048893875,0.26417830466206));
#4726=CARTESIAN_POINT('',(2.45637382111133,-13.883998209217,0.542996335749217));
#4727=CARTESIAN_POINT('',(2.37808929244181,-13.8665113485352,0.820521937829688));
#4728=CARTESIAN_POINT('',(2.25771387848087,-13.8479351568362,1.07365173259975));
#4729=CARTESIAN_POINT('',(2.13734695304866,-13.8293602750769,1.32676367738314));
#4730=CARTESIAN_POINT('',(1.97155677606952,-13.8104186915472,1.56254702849168));
#4731=CARTESIAN_POINT('',(1.77403310196685,-13.7928248844399,1.76147851338749));
#4732=CARTESIAN_POINT('',(1.57644475528914,-13.775225316824,1.9604751317993));
#4733=CARTESIAN_POINT('',(1.34163992414379,-13.7583906276373,2.12805802229905));
#4734=CARTESIAN_POINT('',(1.0892467903701,-13.7404484612546,2.25023141691436));
#4735=CARTESIAN_POINT('',(0.836936465549084,-13.7225121816089,2.37236472703648));
#4736=CARTESIAN_POINT('',(0.560098545482023,-13.7031656659451,2.45252226908377));
#4737=CARTESIAN_POINT('',(0.281568235675447,-13.6851963983637,2.48409326086174));
#4738=CARTESIAN_POINT('',(0.00294030527986123,-13.6672208328305,2.51567531778668));
#4739=CARTESIAN_POINT('',(-0.285068974750248,-13.6501111796047,2.49947857701058));
#4740=CARTESIAN_POINT('',(-0.558441784059609,-13.632889287363,2.43683047703699));
#4741=CARTESIAN_POINT('',(-0.831711419979255,-13.6156738948204,2.3742060210273));
#4742=CARTESIAN_POINT('',(-1.09782007580595,-13.5966699516149,2.26347999534128));
#4743=CARTESIAN_POINT('',(-1.33479735438081,-13.5781260039816,2.11383916671491));
#4744=CARTESIAN_POINT('',(-1.57182591728356,-13.5595780432468,1.96416595426945));
#4745=CARTESIAN_POINT('',(-1.78627627916686,-13.5415321318619,1.77139765668579));
#4746=CARTESIAN_POINT('',(-1.96030390046442,-13.5243265113597,1.5515181654831));
#4747=CARTESIAN_POINT('',(-2.13431888452338,-13.5071221402656,1.33165464111127));
#4748=CARTESIAN_POINT('',(-2.27267958131326,-13.4894883604724,1.07865757394467));
#4749=CARTESIAN_POINT('',(-2.36390483460308,-13.4709807062551,0.813605514325112));
#4750=CARTESIAN_POINT('',(-2.4551242412238,-13.4524742382021,0.54857044201588));
#4751=CARTESIAN_POINT('',(-2.50177044664739,-13.4337802047769,0.264099856568989));
#4752=CARTESIAN_POINT('',(-2.49994713203165,-13.4163745419054,-0.01625844539799));
#4753=CARTESIAN_POINT('',(-2.49812346765675,-13.398965540175,-0.296670527379746));
#4754=CARTESIAN_POINT('',(-2.44773554336944,-13.3822391704444,-0.580691262844537));
#4755=CARTESIAN_POINT('',(-2.35301450995547,-13.3641919602351,-0.844584345071028));
#4756=CARTESIAN_POINT('',(-2.25832109571085,-13.3461500123095,-1.10840048020917));
#4757=CARTESIAN_POINT('',(-2.11673634257318,-13.3266915511049,-1.3594086599788));
#4758=CARTESIAN_POINT('',(-1.93993710513165,-13.3086178422962,-1.57690964488569));
#4759=CARTESIAN_POINT('',(-1.76305874013248,-13.2905360444908,-1.79450797366108));
#4760=CARTESIAN_POINT('',(-1.54603322873171,-13.2733225369022,-1.98455120850725));
#4761=CARTESIAN_POINT('',(-1.30694293379197,-13.2560107902432,-2.13117342509034));
#4762=CARTESIAN_POINT('',(-1.06794465889414,-13.2387057064547,-2.27773921034685));
#4763=CARTESIAN_POINT('',(-0.800385009484661,-13.219680228021,-2.3849417582112));
#4764=CARTESIAN_POINT('',(-0.526376771961538,-13.2013004219926,-2.44395734290502));
#4765=CARTESIAN_POINT('',(-0.252314399985591,-13.1829169847568,-2.50298458701614));
#4766=CARTESIAN_POINT('',(0.0357967720573939,-13.1651320112708,-2.51542422529659));
#4767=CARTESIAN_POINT('',(0.31400500568788,-13.1480466975083,-2.48020177735662));
#4768=CARTESIAN_POINT('',(0.592166438852061,-13.1309642578544,-2.44498525457195));
#4769=CARTESIAN_POINT('',(0.86804262361976,-13.1132245254546,-2.36115676662621));
#4770=CARTESIAN_POINT('',(1.11869919430699,-13.0946093940807,-2.23573525102075));
#4771=CARTESIAN_POINT('',(1.36935086594462,-13.075994626537,-2.11031618676227));
#4772=CARTESIAN_POINT('',(1.60177644039314,-13.0571915641663,-1.93982176185058));
#4773=CARTESIAN_POINT('',(1.79671381537967,-13.0396850226095,-1.73833813328241));
#4774=CARTESIAN_POINT('',(1.99170334845126,-13.0221737969448,-1.53680059509206));
#4775=CARTESIAN_POINT('',(2.15453492331892,-13.0053242527868,-1.29869037678944));
#4776=CARTESIAN_POINT('',(2.27161562885061,-12.9872270219162,-1.04391687157628));
#4777=CARTESIAN_POINT('',(2.38866191782983,-12.9691351108316,-0.789218258512669));
#4778=CARTESIAN_POINT('',(2.46325729243011,-12.9498639147352,-0.510825454442293));
#4779=CARTESIAN_POINT('',(2.4892387120539,-12.9319921243755,-0.231712395896662));
#4780=CARTESIAN_POINT('',(2.51522946378209,-12.9141139147586,0.0475009155312199));
#4781=CARTESIAN_POINT('',(2.49325879411263,-12.8971110004435,0.335136170260523));
#4782=CARTESIAN_POINT('',(2.42514220211087,-12.8798033201803,0.607194614222471));
#4783=CARTESIAN_POINT('',(2.35705213514893,-12.8625023796392,0.879147116873366));
#4784=CARTESIAN_POINT('',(2.24102057871105,-12.8433015884046,1.14296927200581));
#4785=CARTESIAN_POINT('',(2.08665820882581,-12.8248150391159,1.37690141968836));
#4786=CARTESIAN_POINT('',(1.93225570526744,-12.8063236833894,1.61089438890633));
#4787=CARTESIAN_POINT('',(1.73521006100604,-12.7884323781481,1.8214515135853));
#4788=CARTESIAN_POINT('',(1.51187314784156,-12.771250968825,1.99103982502501));
#4789=CARTESIAN_POINT('',(1.28856722423354,-12.7540719435424,2.16060460490212));
#4790=CARTESIAN_POINT('',(1.03286696509323,-12.7361957827502,2.29385166525064));
#4791=CARTESIAN_POINT('',(0.766047702763131,-12.7176690655882,2.37974177529649));
#4792=CARTESIAN_POINT('',(0.499232336622367,-12.69914261896,2.46563063114455));
#4793=CARTESIAN_POINT('',(0.213867001287879,-12.6805938789926,2.50656563442988));
#4794=CARTESIAN_POINT('',(-0.066409475992367,-12.6632678740385,2.49911780064454));
#4795=CARTESIAN_POINT('',(-0.346723107152886,-12.6459395723226,2.49166897956293));
#4796=CARTESIAN_POINT('',(-0.629661238058409,-12.629154491304,2.4355957923847));
#4797=CARTESIAN_POINT('',(-0.891583356192382,-12.6109515191578,2.33561108041573));
#4798=CARTESIAN_POINT('',(-1.15343866185009,-12.5927531903218,2.23565187307479));
#4799=CARTESIAN_POINT('',(-1.40156366816461,-12.5733705363427,2.08906375739407));
#4800=CARTESIAN_POINT('',(-1.61548146012396,-12.5553948575148,1.90793596642964));
#4801=CARTESIAN_POINT('',(-1.82949667050885,-12.5374109925406,1.72672568964645));
#4802=CARTESIAN_POINT('',(-2.01515475729549,-12.5203049102684,1.50592555763385));
#4803=CARTESIAN_POINT('',(-2.15695167962036,-12.5029091319897,1.2639459845195));
#4804=CARTESIAN_POINT('',(-2.29869228960555,-12.4855202621611,1.02206250965392));
#4805=CARTESIAN_POINT('',(-2.40050610088879,-12.4663318990891,0.75241977779638));
#4806=CARTESIAN_POINT('',(-2.45401777144793,-12.4480199821357,0.477280606580444));
#4807=CARTESIAN_POINT('',(-2.5075419320085,-12.4297037910516,0.202077215940821));
#4808=CARTESIAN_POINT('',(-2.51420115405448,-12.4120693338004,-0.0862446440258775));
#4809=CARTESIAN_POINT('',(-2.47340308126116,-12.3949917705334,-0.36369932307869));
#4810=CARTESIAN_POINT('',(-2.43261404739754,-12.3779179908494,-0.641092531253872));
#4811=CARTESIAN_POINT('',(-2.34327703070295,-12.3599128113943,-0.915209141731529));
#4812=CARTESIAN_POINT('',(-2.2128593279724,-12.3412785566728,-1.16329428546933));
#4813=CARTESIAN_POINT('',(-2.08243759545037,-12.3226437261693,-1.4113870948183));
#4814=CARTESIAN_POINT('',(-1.90730579589113,-12.3039864273817,-1.64036217216229));
#4815=CARTESIAN_POINT('',(-1.70194243270945,-12.2865602295241,-1.83122689903329));
#4816=CARTESIAN_POINT('',(-1.49653758458656,-12.2691305114436,-2.02213018201211));
#4817=CARTESIAN_POINT('',(-1.25522195109731,-12.2522066986418,-2.18014326506554));
#4818=CARTESIAN_POINT('',(-0.99817000255193,-12.23398014028,-2.29208565415988));
#4819=CARTESIAN_POINT('',(-0.741183389027172,-12.2157582145715,-2.40399959080193));
#4820=CARTESIAN_POINT('',(-0.461345057558564,-12.1965785572146,-2.47300297927614));
#4821=CARTESIAN_POINT('',(-0.181760336106541,-12.1788052716487,-2.49338388143872));
#4822=CARTESIAN_POINT('',(0.097922461582957,-12.1610257513466,-2.51377193306996));
#4823=CARTESIAN_POINT('',(0.385063006330223,-12.1441157691423,-2.48603649358456));
#4824=CARTESIAN_POINT('',(0.655693045823733,-12.126700688418,-2.41248142576443));
#4825=CARTESIAN_POINT('',(0.926218537830113,-12.1092923353391,-2.33895477311034));
#4826=CARTESIAN_POINT('',(1.18765175285395,-12.0899341587352,-2.21766483966685));
#4827=CARTESIAN_POINT('',(1.41844613631156,-12.0715158504243,-2.05864289238876));
#4828=CARTESIAN_POINT('',(1.64931037471039,-12.0530919674118,-1.89957281365871));
#4829=CARTESIAN_POINT('',(1.85588925292569,-12.0353516105728,-1.69832894559633));
#4830=CARTESIAN_POINT('',(2.02096980355508,-12.0181789751185,-1.47162531002918));
#4831=CARTESIAN_POINT('',(2.18601710755604,-12.001009798171,-1.24496733175786));
#4832=CARTESIAN_POINT('',(2.31409896208351,-11.9828833103857,-0.986667096508151));
#4833=CARTESIAN_POINT('',(2.39462086922103,-11.9643558534306,-0.71818583437094));
#4834=CARTESIAN_POINT('',(2.47514544526931,-11.9458277823801,-0.449695673381763));
#4835=CARTESIAN_POINT('',(2.51035224503891,-11.9274297471482,-0.163549196205313));
#4836=CARTESIAN_POINT('',(2.49728254505033,-11.9101749054719,0.116532785888386));
#4837=CARTESIAN_POINT('',(2.48421192282956,-11.8929188462489,0.396634531298859));
#4838=CARTESIAN_POINT('',(2.42247802335052,-11.876018436814,0.678372856915328));
#4839=CARTESIAN_POINT('',(2.3172703911043,-11.8576855725703,0.938220621448535));
#4840=CARTESIAN_POINT('',(2.21208521227395,-11.8393566209269,1.19801292926442));
#4841=CARTESIAN_POINT('',(2.06055074884087,-11.8200659921001,1.44315728654299));
#4842=CARTESIAN_POINT('',(1.87516578839442,-11.8021893799112,1.65340656404742));
#4843=CARTESIAN_POINT('',(1.68969838393709,-11.7843048176729,1.86374934316966));
#4844=CARTESIAN_POINT('',(1.46521624555977,-11.76729239378,2.0449442926343));
#4845=CARTESIAN_POINT('',(1.22044986455257,-11.7497911314958,2.18185749491427));
#4846=CARTESIAN_POINT('',(0.975779919788673,-11.7322967645866,2.31871675434951));
#4847=CARTESIAN_POINT('',(0.704159962657687,-11.7129878669112,2.41510375118043));
#4848=CARTESIAN_POINT('',(0.427999462602746,-11.6947530194588,2.46309083470581));
#4849=CARTESIAN_POINT('',(0.151765141637297,-11.6765132976198,2.5110907457362));
#4850=CARTESIAN_POINT('',(-0.136650932049609,-11.6590239035435,2.51196668979145));
#4851=CARTESIAN_POINT('',(-0.413239425413887,-11.6419373257968,2.46561010244597));
#4852=CARTESIAN_POINT('',(-0.689753117568223,-11.6248553689824,2.41926605187951));
#4853=CARTESIAN_POINT('',(-0.962001392038803,-11.6065811630293,2.32445809719491));
#4854=CARTESIAN_POINT('',(-1.20741791332764,-11.5879461872901,2.1890961565394));
#4855=CARTESIAN_POINT('',(-1.45285409847615,-11.5693097184341,2.05372337008511));
#4856=CARTESIAN_POINT('',(-1.67828713333316,-11.5508035851063,1.87402325393085));
#4857=CARTESIAN_POINT('',(-1.86500229158668,-11.5334492750108,1.66486229231624));
#4858=CARTESIAN_POINT('',(-2.0517423012011,-11.5160926550964,1.45567349185559));
#4859=CARTESIAN_POINT('',(-2.20487256845443,-11.4990435756506,1.21125305420736));
#4860=CARTESIAN_POINT('',(-2.31163325615309,-11.4807123663516,0.952025046438982));
#4861=CARTESIAN_POINT('',(-2.41837156032737,-11.4623850003874,0.692851388605516));
#4862=CARTESIAN_POINT('',(-2.4817552772217,-11.4433113019481,0.411677381857394));
#4863=CARTESIAN_POINT('',(-2.49652691459774,-11.4256358928909,0.131732170289382));
#4864=CARTESIAN_POINT('',(-2.51130338388034,-11.4079547020831,-0.148304613327609));
#4865=CARTESIAN_POINT('',(-2.4778147635629,-11.3911221698725,-0.434830706602234));
#4866=CARTESIAN_POINT('',(-2.39885330769512,-11.3735772903641,-0.703919603477728));
#4867=CARTESIAN_POINT('',(-2.3199211982358,-11.3560389314955,-0.972908492158157));
#4868=CARTESIAN_POINT('',(-2.19342162651493,-11.3365709656543,-1.23185148316832));
#4869=CARTESIAN_POINT('',(-2.02980392895047,-11.3182301390174,-1.45941632511676));
#4870=CARTESIAN_POINT('',(-1.86612988493178,-11.29988299619,-1.68705953555554));
#4871=CARTESIAN_POINT('',(-1.66076881146515,-11.2822881511583,-1.88957641439699));
#4872=CARTESIAN_POINT('',(-1.43079076147971,-11.2651076210873,-2.05008238782356));
#4873=CARTESIAN_POINT('',(-1.20087238214412,-11.2479315487172,-2.21054671598989));
#4874=CARTESIAN_POINT('',(-0.940075777924685,-11.2295555142938,-2.33341405277621));
#4875=CARTESIAN_POINT('',(-0.670038352395243,-11.2110441853826,-2.40853661095684));
#4876=CARTESIAN_POINT('',(-0.399979719571712,-11.1925314026906,-2.48366506886112));
#4877=CARTESIAN_POINT('',(-0.113166327654967,-11.174287647998,-2.51312881350799));
#4878=CARTESIAN_POINT('',(0.166608331289654,-11.1570939726027,-2.49444215486045));
#4879=CARTESIAN_POINT('',(0.446385175920455,-11.139900162885,-2.47575535022696));
#4880=CARTESIAN_POINT('',(0.726807957158577,-11.1228365200751,-2.40838745667027));
#4881=CARTESIAN_POINT('',(0.98447908484927,-11.1043985560909,-2.29799933235289));
#4882=CARTESIAN_POINT('',(1.24210704684527,-11.0859636808793,-2.18762970052288));
#4883=CARTESIAN_POINT('',(1.48417423991269,-11.0667795003456,-2.03120757921289));
#4884=CARTESIAN_POINT('',(1.69067096679161,-11.0490013456543,-1.84163831466656));
#4885=CARTESIAN_POINT('',(1.89725393105755,-11.0312157664308,-1.65198988199838));
#4886=CARTESIAN_POINT('',(2.07390997853643,-11.014281569032,-1.42391923790736));
#4887=CARTESIAN_POINT('',(2.20588323669069,-10.9966525925729,-1.17646893120343));
#4888=CARTESIAN_POINT('',(2.33780648048472,-10.9790302970277,-0.929112401594579));
#4889=CARTESIAN_POINT('',(2.42873028818584,-10.9596510168617,-0.65562130647966));
#4890=CARTESIAN_POINT('',(2.47117383009113,-10.9415008093665,-0.378549734477098));
#4891=CARTESIAN_POINT('',(2.51363006606963,-10.9233451734822,-0.101395295525555));
#4892=CARTESIAN_POINT('',(2.5087219040886,-10.905993633409,0.186998067414266));
#4893=CARTESIAN_POINT('',(2.45682601901063,-10.8888801052018,0.462607730493495));
#4894=CARTESIAN_POINT('',(2.40494642795138,-10.8717719502173,0.738130858985139));
#4895=CARTESIAN_POINT('',(2.30470679511238,-10.8532340567477,1.00840324565014));
#4896=CARTESIAN_POINT('',(2.16445422791832,-10.8346153029149,1.25105471313067));
#4897=CARTESIAN_POINT('',(2.0241837385734,-10.8159941698878,1.49373718778841));
#4898=CARTESIAN_POINT('',(1.83998615099302,-10.797642773099,1.71553760619476));
#4899=CARTESIAN_POINT('',(1.62711128704837,-10.7803503999923,1.89802762349755));
#4900=CARTESIAN_POINT('',(1.41422305257965,-10.7630569407636,2.08052910287305));
#4901=CARTESIAN_POINT('',(1.16679877940748,-10.7458401414602,2.22871461795254));
#4902=CARTESIAN_POINT('',(0.905497423612185,-10.7274278037648,2.33025200693652));
#4903=CARTESIAN_POINT('',(0.644238335675305,-10.7090184444317,2.43177297132917));
#4904=CARTESIAN_POINT('',(0.361839080384691,-10.6900633288124,2.48951102683286));
#4905=CARTESIAN_POINT('',(0.0816447716173591,-10.6724835411052,2.49866647059337));
#4906=CARTESIAN_POINT('',(-0.1986309304527,-10.6548986466671,2.50782457390757));
#4907=CARTESIAN_POINT('',(-0.484423733136557,-10.6381264602747,2.46859636322458));
#4908=CARTESIAN_POINT('',(-0.751859932855294,-10.6204286980431,2.38426228451629));
#4909=CARTESIAN_POINT('',(-1.01920282973213,-10.602737110187,2.29995762818695));
#4910=CARTESIAN_POINT('',(-1.27555529160139,-10.5832148232936,2.1682983924855));
#4911=CARTESIAN_POINT('',(-1.4997994924675,-10.5649591095927,2.00015036494616));
#4912=CARTESIAN_POINT('',(-1.72412992247622,-10.5466963759799,1.83193767905585));
#4913=CARTESIAN_POINT('',(-1.92250200080501,-10.529239864437,1.62254219634264));
#4914=CARTESIAN_POINT('',(-2.07836792633346,-10.5120336170328,1.38938359094543));
#4915=CARTESIAN_POINT('',(-2.23418528958035,-10.4948327304836,1.15629762948117));
#4916=CARTESIAN_POINT('',(-2.35179072678226,-10.4762165735939,0.893108537696312));
#4917=CARTESIAN_POINT('',(-2.42148443011481,-10.4577367485405,0.621621391774455));
#4918=CARTESIAN_POINT('',(-2.49118658748494,-10.4392546818335,0.350101313716387));
#4919=CARTESIAN_POINT('',(-2.51489431990566,-10.4211669560531,0.0627357501558703));
#4920=CARTESIAN_POINT('',(-2.49059759061516,-10.4040229868762,-0.216618654833767));
#4921=CARTESIAN_POINT('',(-2.46630217583528,-10.3868799452286,-0.495957946088317));
#4922=CARTESIAN_POINT('',(-2.3933288300293,-10.3696139876355,-0.774950793655811));
#4923=CARTESIAN_POINT('',(-2.27780407306968,-10.3510945530401,-1.03034392544784));
#4924=CARTESIAN_POINT('',(-2.16229302191928,-10.3325773155827,-1.28570675750468));
#4925=CARTESIAN_POINT('',(-2.00104350249554,-10.3135122119428,-1.52460096995596));
#4926=CARTESIAN_POINT('',(-1.8073642283267,-10.2958302848197,-1.72726215328336));
#4927=CARTESIAN_POINT('',(-1.61361199558063,-10.2781416969517,-1.92999967865437));
#4928=CARTESIAN_POINT('',(-1.38204707761149,-10.2612686792968,-2.10204307264277));
#4929=CARTESIAN_POINT('',(-1.13201603754748,-10.2434890828859,-2.22902213778494));
#4930=CARTESIAN_POINT('',(-0.882073883292806,-10.2257158071055,-2.35595606198392));
#4931=CARTESIAN_POINT('',(-0.606817918621803,-10.2063238409417,-2.44138179213205));
#4932=CARTESIAN_POINT('',(-0.328946159121164,-10.1882642284299,-2.47826439759763));
#4933=CARTESIAN_POINT('',(-0.0509832819431318,-10.1701986939419,-2.51515909733774));
#4934=CARTESIAN_POINT('',(0.237269826038529,-10.1529760777359,-2.50446791246643));
#4935=CARTESIAN_POINT('',(0.511787832839901,-10.1358165738959,-2.44705398676797));
#4936=CARTESIAN_POINT('',(0.786209532604156,-10.1186630899925,-2.38966020315468));
#4937=CARTESIAN_POINT('',(1.05439959480688,-10.0998756734792,-2.28402967855163));
#4938=CARTESIAN_POINT('',(1.29419024732903,-10.0812885899155,-2.13894170180451));
#4939=CARTESIAN_POINT('',(1.534022586535,-10.0626982750587,-1.99382850206998));
#4940=CARTESIAN_POINT('',(1.75210077273869,-10.0445033597994,-1.80520596953565));
#4941=CARTESIAN_POINT('',(1.93029138540507,-10.027261515526,-1.58870235331572));
#4942=CARTESIAN_POINT('',(2.10848070498904,-10.0100197963721,-1.37220030820559));
#4943=CARTESIAN_POINT('',(2.25166173843131,-9.99260146096035,-1.1218734677266));
#4944=CARTESIAN_POINT('',(2.34793587793153,-9.97413029084097,-0.858601836197567));
#4945=CARTESIAN_POINT('',(2.44419923864864,-9.95566118874044,-0.59535968037022));
#4946=CARTESIAN_POINT('',(2.49626726055217,-9.9368354809835,-0.311846288723662));
#4947=CARTESIAN_POINT('',(2.49980135806848,-9.91934745484699,-0.0315146029473751));
#4948=CARTESIAN_POINT('',(2.50333631644093,-9.90185516887477,0.248885367660879));
#4949=CARTESIAN_POINT('',(2.45838401556584,-9.88512465285795,0.53382690154271));
#4950=CARTESIAN_POINT('',(2.36871268650789,-9.86725034962804,0.799499974219195));
#4951=CARTESIAN_POINT('',(2.2790701647194,-9.84938178858881,1.06508769836933));
#4952=CARTESIAN_POINT('',(2.14230243006797,-9.82986824469627,1.31875026154451));
#4953=CARTESIAN_POINT('',(1.96969107951705,-9.81170365809054,1.53958340185614));
#4954=CARTESIAN_POINT('',(1.79700693167436,-9.79353141073302,1.76050967656765));
#4955=CARTESIAN_POINT('',(1.58366181099736,-9.77620434633221,1.95465499275567));
#4956=CARTESIAN_POINT('',(1.34741827353987,-9.75895349035502,2.10581670525494));
#4957=CARTESIAN_POINT('',(1.11125877668651,-9.74170877114827,2.25692464391653));
#4958=CARTESIAN_POINT('',(0.845781398077899,-9.72287046328036,2.36922271947203));
#4959=CARTESIAN_POINT('',(0.572951651910084,-9.70443599491218,2.4334597602125));
#4960=CARTESIAN_POINT('',(0.300077847860226,-9.68599854965588,2.49770717426455));
#4961=CARTESIAN_POINT('',(0.0122753267534361,-9.66806677585959,2.51564791742299));
#4962=CARTESIAN_POINT('',(-0.266545844653236,-9.65095962954338,2.48575005032648));
#4963=CARTESIAN_POINT('',(-0.545335240693938,-9.6338544328131,2.45585559048798));
#4964=CARTESIAN_POINT('',(-0.822785069075822,-9.6163559872502,2.37730716630693));
#4965=CARTESIAN_POINT('',(-1.07579971476621,-9.59777747923035,2.25669115603102));
#4966=CARTESIAN_POINT('',(-1.32879713024538,-9.57920023640057,2.13608335966435));
#4967=CARTESIAN_POINT('',(-1.564423227019,-9.56026503662303,1.97006843075842));
#4968=CARTESIAN_POINT('',(-1.76316694205806,-9.54267550487043,1.77235502494102));
#4969=CARTESIAN_POINT('',(-1.96197519773667,-9.5250802610397,1.57457741306982));
#4970=CARTESIAN_POINT('',(-2.12933414271346,-9.50824633174775,1.33961345195925));
#4971=CARTESIAN_POINT('',(-2.25126689320509,-9.49029620936571,1.0871050434796));
#4972=CARTESIAN_POINT('',(-2.37315981936273,-9.47235194965523,0.834679106519317));
#4973=CARTESIAN_POINT('',(-2.45305407564138,-9.45300861577211,0.557764921346401));
#4974=CARTESIAN_POINT('',(-2.48436005444292,-9.43504392682465,0.279204441025877));
#4975=CARTESIAN_POINT('',(-2.51567703107825,-9.41707292685704,0.000546102022138057));
#4976=CARTESIAN_POINT('',(-2.49920607658647,-9.39996862664514,-0.28744816763276));
#4977=CARTESIAN_POINT('',(-2.43629778277633,-9.38274313856383,-0.560761191274141));
#4978=CARTESIAN_POINT('',(-2.37341329169285,-9.36552416812207,-0.833970800964856));
#4979=CARTESIAN_POINT('',(-2.26243441170545,-9.34651011224024,-1.09997326731129));
#4980=CARTESIAN_POINT('',(-2.11256811500181,-9.32796862036748,-1.33680812365791));
#4981=CARTESIAN_POINT('',(-1.96266907216295,-9.30942307713551,-1.57369472897277));
#4982=CARTESIAN_POINT('',(-1.76969600079911,-9.29138455994734,-1.78796224967777));
#4983=CARTESIAN_POINT('',(-1.54965038527276,-9.27418041863525,-1.96178074295371));
#4984=CARTESIAN_POINT('',(-1.51459809820527,-9.27143987550478,-1.98946925521684));
#4985=CARTESIAN_POINT('',(-1.47879031702198,-9.26870521463973,-2.0162277997422));
#4986=CARTESIAN_POINT('',(-1.44230449851827,-9.26596935179649,-2.04199846561011));
#4987=CARTESIAN_POINT('',(-1.44230449851827,-9.26596935179649,-2.04199846561011));
#4988=CARTESIAN_POINT('',(-1.44230449851827,-17.4999450032043,-2.04199846561011));
#4989=CARTESIAN_POINT('',(-1.44230449851827,-9.53414279459064,-2.04199846561011));
#4990=CARTESIAN_POINT('',(-1.44230449851827,-9.53414279459064,-2.04199846561011));
#4991=CARTESIAN_POINT('',(-1.67131289709842,-9.5526769863245,-1.88024523756744));
#4992=CARTESIAN_POINT('',(-1.87551790249292,-9.57114337404297,-1.67662941782156));
#4993=CARTESIAN_POINT('',(-2.03795704256698,-9.58843101094348,-1.44800935516719));
#4994=CARTESIAN_POINT('',(-2.2003710604913,-9.60571597421126,-1.21942464992386));
#4995=CARTESIAN_POINT('',(-2.32548346857585,-9.62256212653996,-0.959541796058614));
#4996=CARTESIAN_POINT('',(-2.4028688075745,-9.64084407506201,-0.690088033214275));
#4997=CARTESIAN_POINT('',(-2.48023623895252,-9.65912179298686,-0.420696624245053));
#4998=CARTESIAN_POINT('',(-2.51207943651485,-9.67845252830814,-0.134266087783189));
#4999=CARTESIAN_POINT('',(-2.49575870641838,-9.69637033921501,0.145562630289883));
#5000=CARTESIAN_POINT('',(-2.47943061098698,-9.71429623619878,0.425517631453211));
#5001=CARTESIAN_POINT('',(-2.4144155023611,-9.73134581119031,0.706580399195623));
#5002=CARTESIAN_POINT('',(-2.30612509333452,-9.74880056958146,0.965291175704472));
#5003=CARTESIAN_POINT('',(-2.19787766927629,-9.76624839945287,1.22389925914347));
#5004=CARTESIAN_POINT('',(-2.04345699343413,-9.78551284378557,1.46725930646598));
#5005=CARTESIAN_POINT('',(-1.85562336425726,-9.80378073848184,1.67530950275541));
#5006=CARTESIAN_POINT('',(-1.66774212758846,-9.82205326327897,1.88341243053966));
#5007=CARTESIAN_POINT('',(-1.44121816190426,-9.83960218004188,2.06192592778766));
#5008=CARTESIAN_POINT('',(-1.19488095647716,-9.85668289786574,2.19596436670732));
#5009=CARTESIAN_POINT('',(-0.948605510702654,-9.87375933335151,2.3299692006041));
#5010=CARTESIAN_POINT('',(-0.675799567343761,-9.89192185234033,2.42318965603908));
#5011=CARTESIAN_POINT('',(-0.399120995979239,-9.91055867050255,2.46793485136228));
#5012=CARTESIAN_POINT('',(-0.122425867935747,-9.92919660390769,2.51268272427568));
#5013=CARTESIAN_POINT('',(0.16584689241537,-9.94776611060473,2.51019970834934));
#5014=CARTESIAN_POINT('',(0.441804853476765,-9.96514917862876,2.46065204192799));
#5015=CARTESIAN_POINT('',(0.717807523404335,-9.9825350629414,2.41109634812456));
#5016=CARTESIAN_POINT('',(0.989077380451315,-9.99952642504343,2.31307736527932));
#5017=CARTESIAN_POINT('',(1.23296786862542,-10.0178170587355,2.17480809151918));
#5018=CARTESIAN_POINT('',(1.47680258963557,-10.036103510154,2.03657043393774));
#5019=CARTESIAN_POINT('',(1.7000637457991,-10.0552228885445,1.8542839108737));
#5020=CARTESIAN_POINT('',(1.88429661188496,-10.0729388007026,1.64299308532897));
#5021=CARTESIAN_POINT('',(2.06859187168503,-10.0906607126673,1.43163070241414));
#5022=CARTESIAN_POINT('',(2.2188901619957,-10.1075234531086,1.18540013460999));
#5023=CARTESIAN_POINT('',(2.32263701599329,-10.1250116126791,0.924855281618548));
#5024=CARTESIAN_POINT('',(2.42634455745852,-10.1424931455056,0.664409156227711));
#5025=CARTESIAN_POINT('',(2.48640616518373,-10.161921766458,0.382543877620875));
#5026=CARTESIAN_POINT('',(2.4978977787273,-10.1802958190563,0.102502131827308));
#5027=CARTESIAN_POINT('',(2.5093931521243,-10.1986758833207,-0.177631238690134));
#5028=CARTESIAN_POINT('',(2.47257907399404,-10.2163304404895,-0.463683526528771));
#5029=CARTESIAN_POINT('',(2.39048217770122,-10.2335055888699,-0.731843533887363));
#5030=CARTESIAN_POINT('',(2.30840465303873,-10.2506766845926,-0.999940266058152));
#5031=CARTESIAN_POINT('',(2.17883136757985,-10.2689496411754,-1.25748093668954));
#5032=CARTESIAN_POINT('',(2.01254753937628,-10.2874696275721,-1.48312251744434));
#5033=CARTESIAN_POINT('',(1.84625373772103,-10.3059907247694,-1.70877763183873));
#5034=CARTESIAN_POINT('',(1.63861743968592,-10.3242989261807,-1.90880939964487));
#5035=CARTESIAN_POINT('',(1.4068335066042,-10.3415167177699,-2.06659611068435));
#5036=CARTESIAN_POINT('',(1.17504172154695,-10.3587350926337,-2.22438816694935));
#5037=CARTESIAN_POINT('',(0.912719786849673,-10.3757256302422,-2.34425390481501));
#5038=CARTESIAN_POINT('',(0.641786357221424,-10.3941228454103,-2.41621817551405));
#5039=CARTESIAN_POINT('',(0.370903602669305,-10.4125166195845,-2.48816898609891));
#5040=CARTESIAN_POINT('',(0.0838833384523301,-10.4317466840429,-2.51426704807665));
#5041=CARTESIAN_POINT('',(-0.195570327683844,-10.4495655861402,-2.492338710314));
#5042=CARTESIAN_POINT('',(-0.475144359871216,-10.4673921631802,-2.4704009275959));
#5043=CARTESIAN_POINT('',(-0.754847899499555,-10.4843568981881,-2.39976176439737));
#5044=CARTESIAN_POINT('',(-1.01132579009152,-10.5019300422044,-2.28631147184625));
#5045=CARTESIAN_POINT('',(-1.26770456826866,-10.5194963953167,-2.17290502062755));
#5046=CARTESIAN_POINT('',(-1.50791562749228,-10.538853000181,-2.01364331502038));
#5047=CARTESIAN_POINT('',(-1.71216288527206,-10.5570392058775,-1.82167457420278));
#5048=CARTESIAN_POINT('',(-1.91646859238775,-10.5752306159115,-1.62965089778636));
#5049=CARTESIAN_POINT('',(-2.09041461201305,-10.5926384710987,-1.39957821466266));
#5050=CARTESIAN_POINT('',(-2.21948861493854,-10.6097385467603,-1.15059562321358));
#5051=CARTESIAN_POINT('',(-2.34852433410251,-10.6268335504848,-0.901686880796369));
#5052=CARTESIAN_POINT('',(-2.43624950285383,-10.6452630536674,-0.627088028612577));
#5053=CARTESIAN_POINT('',(-2.47543925071258,-10.663890512956,-0.349571903950534));
#5054=CARTESIAN_POINT('',(-2.51463323782112,-10.682519987222,-0.0720257596982009));
#5055=CARTESIAN_POINT('',(-2.5063699255313,-10.7009360198669,0.216159691926846));
#5056=CARTESIAN_POINT('',(-2.45129339987615,-10.7182528355272,0.491081121326907));
#5057=CARTESIAN_POINT('',(-2.39621180262534,-10.7355712457668,0.766027866236819));
#5058=CARTESIAN_POINT('',(-2.29277856951047,-10.7527137253982,1.03525754175168));
#5059=CARTESIAN_POINT('',(-2.14965677577637,-10.7710951199417,1.27631334176166));
#5060=CARTESIAN_POINT('',(-2.00656102842312,-10.7894731693008,1.5173252726235));
#5061=CARTESIAN_POINT('',(-1.81982987141351,-10.8084789941142,1.7368965717135));
#5062=CARTESIAN_POINT('',(-1.60488077286286,-10.8260981515177,1.91686142036798));
#5063=CARTESIAN_POINT('',(-1.38986566038281,-10.8437227200154,2.09688153879049));
#5064=CARTESIAN_POINT('',(-1.14067245071854,-10.8605178112089,2.24220981667451));
#5065=CARTESIAN_POINT('',(-0.878114682257597,-10.8781491817363,2.34070814173909));
#5066=CARTESIAN_POINT('',(-0.615651202922321,-10.8957742205275,2.43917109431783));
#5067=CARTESIAN_POINT('',(-0.332645667361025,-10.9152811578069,2.49357272579091));
#5068=CARTESIAN_POINT('',(-0.0524251588096963,-10.9335730736538,2.49945026010196));
#5069=CARTESIAN_POINT('',(0.227898498305175,-10.9518717227154,2.5053299579207));
#5070=CARTESIAN_POINT('',(0.513175643018724,-10.9693847532758,2.46278417918009));
#5071=CARTESIAN_POINT('',(0.779644269212468,-10.9865780756642,2.37532204416246));
#5072=CARTESIAN_POINT('',(1.04603542197362,-11.0037663992439,2.28788533799896));
#5073=CARTESIAN_POINT('',(1.30090766533288,-11.0222844395114,2.15318416653584));
#5074=CARTESIAN_POINT('',(1.52316825985848,-11.0407791300772,1.98241228107567));
#5075=CARTESIAN_POINT('',(1.74545193552539,-11.0592757412649,1.81162266143268));
#5076=CARTESIAN_POINT('',(1.9412925990152,-11.0774284188556,1.60000303833453));
#5077=CARTESIAN_POINT('',(2.09440365286264,-11.0945915654277,1.36509096359018));
#5078=CARTESIAN_POINT('',(2.24751033483815,-11.1117542219302,1.13018559643147));
#5079=CARTESIAN_POINT('',(2.36208133828735,-11.12893190675,0.865532596820096));
#5080=CARTESIAN_POINT('',(2.42859678441582,-11.1474202685002,0.593226481813718));
#5081=CARTESIAN_POINT('',(2.49510296923023,-11.1659060560134,0.320958281496299));
#5082=CARTESIAN_POINT('',(2.51544451181636,-11.1850220747328,0.0334607893918899));
#5083=CARTESIAN_POINT('',(2.48791608047433,-11.2027436268313,-0.245506774890595));
#5084=CARTESIAN_POINT('',(2.46037676961209,-11.2204721826702,-0.524584590033924));
#5085=CARTESIAN_POINT('',(2.38414249313359,-11.2373684591294,-0.802812507959843));
#5086=CARTESIAN_POINT('',(2.26558040068925,-11.2550826268483,-1.05695101495419));
#5087=CARTESIAN_POINT('',(2.14706171030134,-11.2727903099372,-1.31099648939827));
#5088=CARTESIAN_POINT('',(1.98302146823857,-11.292184482459,-1.54796565465767));
#5089=CARTESIAN_POINT('',(1.78699426838467,-11.3102823719027,-1.74832819709582));
#5090=CARTESIAN_POINT('',(1.59090505138944,-11.3283859869772,-1.94875412824798));
#5091=CARTESIAN_POINT('',(1.35737674109423,-11.3456609994402,-2.11806136523589));
#5092=CARTESIAN_POINT('',(1.10585053188977,-11.3627990159593,-2.24211832897353));
#5093=CARTESIAN_POINT('',(0.85440894317378,-11.3799312667678,-2.3661335564607));
#5094=CARTESIAN_POINT('',(0.578126377501007,-11.3986172460378,-2.44833004708026));
#5095=CARTESIAN_POINT('',(0.29988206924457,-11.417219272916,-2.48194898105211));
#5096=CARTESIAN_POINT('',(0.0215946649936329,-11.4358241809774,-2.51557312210762));
#5097=CARTESIAN_POINT('',(-0.266388329915801,-11.4540842357165,-2.50153151241638));
#5098=CARTESIAN_POINT('',(-0.540162370461519,-11.4713456059669,-2.44094748274874));
#5099=CARTESIAN_POINT('',(-0.813942366203314,-11.4886073516906,-2.38036213524331));
#5100=CARTESIAN_POINT('',(-1.08102211239203,-11.505938364953,-2.27155780304548));
#5101=CARTESIAN_POINT('',(-1.31914824843828,-11.5243877066451,-2.12364024699153));
#5102=CARTESIAN_POINT('',(-1.55724276278748,-11.5428345983773,-1.97574233348596));
#5103=CARTESIAN_POINT('',(-1.77303675420004,-11.561715295987,-1.784639067172));
#5104=CARTESIAN_POINT('',(-1.9486608460297,-11.5792408937324,-1.56611650497364));
#5105=CARTESIAN_POINT('',(-2.12433133009294,-11.5967711209772,-1.34753621863481));
#5106=CARTESIAN_POINT('',(-2.26462905966766,-11.6135165914766,-1.09548309989923));
#5107=CARTESIAN_POINT('',(-2.35783870197221,-11.6313146070477,-0.831021453081737));
#5108=CARTESIAN_POINT('',(-2.45101729377941,-11.6491066936482,-0.566647905150376));
#5109=CARTESIAN_POINT('',(-2.4997382360338,-11.6686320053983,-0.282612066138304));
#5110=CARTESIAN_POINT('',(-2.49999891874407,-11.6868350970678,-0.00232514054100959));
#5111=CARTESIAN_POINT('',(-2.50025970749057,-11.7050455930916,0.278075795563586));
#5112=CARTESIAN_POINT('',(-2.45199850880928,-11.7224252773847,0.562461391209205));
#5113=CARTESIAN_POINT('',(-2.35920681536515,-11.739655232134,0.827129495505215));
#5114=CARTESIAN_POINT('',(-2.26644653162036,-11.7568793545973,1.0917080104719));
#5115=CARTESIAN_POINT('',(-2.12667169764292,-11.7756280472416,1.34381168254188));
#5116=CARTESIAN_POINT('',(-1.9514789944378,-11.794082952433,1.56260351153711));
#5117=CARTESIAN_POINT('',(-1.77626087348217,-11.8125405351456,1.78142708384138));
#5118=CARTESIAN_POINT('',(-1.56074185184895,-11.8305370069892,1.97299710547626));
#5119=CARTESIAN_POINT('',(-1.32279606428975,-11.8476578053425,2.12136997534602));
#5120=CARTESIAN_POINT('',(-1.0848715479223,-11.86477707318,2.26972958140558));
#5121=CARTESIAN_POINT('',(-0.817995572477684,-11.882175790544,2.37895998576101));
#5122=CARTESIAN_POINT('',(-0.544423966761042,-11.9007323819619,2.4400005213967));
#5123=CARTESIAN_POINT('',(-0.270876770755423,-11.9192873176486,2.50103561062713));
#5124=CARTESIAN_POINT('',(0.0169849750170796,-11.9382777132764,2.51561094421265));
#5125=CARTESIAN_POINT('',(0.295355286896191,-11.9559050834564,2.48249174308848));
#5126=CARTESIAN_POINT('',(0.573822331780352,-11.9735385791046,2.44936103312262));
#5127=CARTESIAN_POINT('',(0.850459367489194,-11.9903843645522,2.36756239724584));
#5128=CARTESIAN_POINT('',(1.10215335269989,-12.0082628039559,2.24393805331884));
#5129=CARTESIAN_POINT('',(1.3537619700268,-12.0261351794699,2.12035563947062));
#5130=CARTESIAN_POINT('',(1.58739740445114,-12.0455049424217,1.95160043223474));
#5131=CARTESIAN_POINT('',(1.78379434620439,-12.0635095078186,1.75159291230846));
#5132=CARTESIAN_POINT('',(1.98025860719665,-12.0815202446643,1.55151683554051));
#5133=CARTESIAN_POINT('',(2.14485688754191,-12.0986723348158,1.31462780782399));
#5134=CARTESIAN_POINT('',(2.2638457583906,-12.115867911097,1.06066129476701));
#5135=CARTESIAN_POINT('',(2.38279078248707,-12.1330571509019,0.806788366989795));
#5136=CARTESIAN_POINT('',(2.45942715016457,-12.1519803334128,0.528931371824223));
#5137=CARTESIAN_POINT('',(2.4874616832838,-12.1705423676232,0.250068738939654));
#5138=CARTESIAN_POINT('',(2.51550182590368,-12.189108115958,-0.0288496922746284));
#5139=CARTESIAN_POINT('',(2.49568594076778,-12.2072115150716,-0.316514845901931));
#5140=CARTESIAN_POINT('',(2.42961780453323,-12.2244296815841,-0.589030834417928));
#5141=CARTESIAN_POINT('',(2.36355281146966,-12.2416470289477,-0.861533858070693));
#5142=CARTESIAN_POINT('',(2.2494221791757,-12.2591953103149,-1.12635548818139));
#5143=CARTESIAN_POINT('',(2.09676701369911,-12.2776910485993,-1.36145807510304));
#5144=CARTESIAN_POINT('',(1.94412445254948,-12.2961852597403,-1.59654125023561));
#5145=CARTESIAN_POINT('',(1.74872325849278,-12.3149310611046,-1.80847140115801));
#5146=CARTESIAN_POINT('',(1.5267134953478,-12.3323678885224,-1.97968328353877));
#5147=CARTESIAN_POINT('',(1.30465655484544,-12.3498084212882,-2.15093154866257));
#5148=CARTESIAN_POINT('',(1.04984713359658,-12.3665291411964,-2.28614020302384));
#5149=CARTESIAN_POINT('',(0.783590459238148,-12.3845122864573,-2.3740231658918));
#5150=CARTESIAN_POINT('',(0.517414628186531,-12.4024899715097,-2.46187944492414));
#5151=CARTESIAN_POINT('',(0.232458651264972,-12.4219719029828,-2.50490050259652));
#5152=CARTESIAN_POINT('',(-0.0477820545466273,-12.4400811134871,-2.49954333334378));
#5153=CARTESIAN_POINT('',(-0.328145983360234,-12.4581982866864,-2.49418380852148));
#5154=CARTESIAN_POINT('',(-0.611522654957733,-12.4754544766028,-2.4402258347112));
#5155=CARTESIAN_POINT('',(-0.874280741998426,-12.4927405152573,-2.34214286160574));
#5156=CARTESIAN_POINT('',(-1.13694008972215,-12.5100200581588,-2.2440967461509));
#5157=CARTESIAN_POINT('',(-1.38617646606887,-12.5289764869382,-2.09930410405453));
#5158=CARTESIAN_POINT('',(-1.60141282661875,-12.5473786586035,-1.9197596096233));
#5159=CARTESIAN_POINT('',(-1.81668875955023,-12.5657842136086,-1.74018210495519));
#5160=CARTESIAN_POINT('',(-2.00391009948175,-12.5836256260292,-1.52084934944749));
#5161=CARTESIAN_POINT('',(-2.14748407767404,-12.6007177709395,-1.27996567771818));
#5162=CARTESIAN_POINT('',(-2.29103686258749,-12.6178073928398,-1.03911756337111));
#5163=CARTESIAN_POINT('',(-2.3948832471021,-12.6354520743555,-0.770126889655108));
#5164=CARTESIAN_POINT('',(-2.45042475727262,-12.6540552460621,-0.495397324322087));
#5165=CARTESIAN_POINT('',(-2.50596414025788,-12.6726577052855,-0.220678280861462));
#5166=CARTESIAN_POINT('',(-2.51476565067627,-12.6915127124597,0.0674341890245099));
#5167=CARTESIAN_POINT('',(-2.47606719533557,-12.7090506633354,0.345095992708035));
#5168=CARTESIAN_POINT('',(-2.43735750194984,-12.7265937072381,0.622838429476862));
#5169=CARTESIAN_POINT('',(-2.35002805122719,-12.7434304298057,0.897769269903457));
#5170=CARTESIAN_POINT('',(-2.22139208133124,-12.7614736112343,1.1469163966911));
#5171=CARTESIAN_POINT('',(-2.0927956300544,-12.7795112495664,1.39598698228725));
#5172=CARTESIAN_POINT('',(-1.91939077657925,-12.798812160891,1.62619707124522));
#5173=CARTESIAN_POINT('',(-1.71548238426707,-12.8167200514095,1.81854892407914));
#5174=CARTESIAN_POINT('',(-1.5115009847114,-12.8346343536589,2.01096964645981));
#5175=CARTESIAN_POINT('',(-1.2713493313949,-12.8516750546588,2.17078961843081));
#5176=CARTESIAN_POINT('',(-1.01504874531592,-12.8689486780794,2.28466103495302));
#5177=CARTESIAN_POINT('',(-0.758847330284273,-12.8862156177723,2.39848839091411));
#5178=CARTESIAN_POINT('',(-0.479525459102118,-12.9053480788503,2.46953573149546));
#5179=CARTESIAN_POINT('',(-0.200154940075491,-12.9238571084245,2.49197471896554));
#5180=CARTESIAN_POINT('',(0.0792837626084272,-12.9423706553449,2.51441918293413));
#5181=CARTESIAN_POINT('',(0.3665155397559,-12.9603185577441,2.48883575296206));
#5182=CARTESIAN_POINT('',(0.63766320025687,-12.9775071538266,2.41730958775208));
#5183=CARTESIAN_POINT('',(0.908779744148881,-12.9946937773646,2.3457916308066));
#5184=CARTESIAN_POINT('',(1.17123684793261,-13.0124793025091,2.22638172011027));
#5185=CARTESIAN_POINT('',(1.40322339582863,-13.0310012076468,2.06904908143792));
#5186=CARTESIAN_POINT('',(1.63520236565275,-13.049522507748,1.9117215821931));
#5187=CARTESIAN_POINT('',(1.84318354727819,-13.0681254728479,1.71209884582437));
#5188=CARTESIAN_POINT('',(2.00991361432227,-13.0854799012889,1.48669003593955));
#5189=CARTESIAN_POINT('',(2.17666949427249,-13.1028370165173,1.26124632859108));
#5190=CARTESIAN_POINT('',(2.30673263753815,-13.1195934364684,1.0037872395913));
#5191=CARTESIAN_POINT('',(2.38925428311139,-13.1377421190637,0.735842354471271));
#5192=CARTESIAN_POINT('',(2.47175371720687,-13.1558859167703,0.467969589239478));
#5193=CARTESIAN_POINT('',(2.5090572027456,-13.1752984651462,0.18220508828422));
#5194=CARTESIAN_POINT('',(2.49808326022482,-13.1933104480657,-0.0978776020611051));
#5195=CARTESIAN_POINT('',(2.48710432720838,-13.211330622091,-0.378087662442381));
#5196=CARTESIAN_POINT('',(2.42747153991409,-13.2284747477355,-0.660335832761246));
#5197=CARTESIAN_POINT('',(2.32413944993671,-13.2458371340782,-0.921073187780339));
#5198=CARTESIAN_POINT('',(2.22084813472505,-13.2631926692361,-1.18170765603339));
#5199=CARTESIAN_POINT('',(2.07109583899191,-13.2823255613472,-1.42797982389173));
#5200=CARTESIAN_POINT('',(1.88727099452523,-13.3006636285517,-1.63957561375611));
#5201=CARTESIAN_POINT('',(1.7034056280516,-13.3190057381656,-1.85121804740299));
#5202=CARTESIAN_POINT('',(1.48034705076343,-13.3366950765397,-2.03401483739658));
#5203=CARTESIAN_POINT('',(1.23662309973069,-13.353773608095,-2.17273176190998));
#5204=CARTESIAN_POINT('',(0.992948476431696,-13.3708486830952,-2.31142061125271));
#5205=CARTESIAN_POINT('',(0.721951853842904,-13.3887552311478,-2.40984272147144));
#5206=CARTESIAN_POINT('',(0.446172399216356,-13.4073846611458,-2.45986385602486));
#5207=CARTESIAN_POINT('',(0.17038951447077,-13.426014322855,-2.50988561273647));
#5208=CARTESIAN_POINT('',(-0.117859593123796,-13.4447260184433,-2.51290865005194));
#5209=CARTESIAN_POINT('',(-0.39470167877529,-13.46218089631,-2.4686454959698));
#5210=CARTESIAN_POINT('',(-0.671606511389096,-13.4796397303691,-2.42437230953129));
#5211=CARTESIAN_POINT('',(-0.944716197469435,-13.4965298153802,-2.33154925707467));
#5212=CARTESIAN_POINT('',(-1.19121748626735,-13.514711683339,-2.197953798516));
#5213=CARTESIAN_POINT('',(-1.43765236026439,-13.5328886525602,-2.06439433455931));
#5214=CARTESIAN_POINT('',(-1.66434610980875,-13.5521037877104,-1.88640757147945));
#5215=CARTESIAN_POINT('',(-1.85257566666307,-13.5699133574406,-1.67867906381414));
#5216=CARTESIAN_POINT('',(-2.04087219029918,-13.5877292633148,-1.47087665218883));
#5217=CARTESIAN_POINT('',(-2.19584643463394,-13.6046717505828,-1.22756321427003));
#5218=CARTESIAN_POINT('',(-2.30455357066606,-13.6220447200863,-0.969037068398508));
#5219=CARTESIAN_POINT('',(-2.41321842156431,-13.639410931815,-0.710611484579172));
#5220=CARTESIAN_POINT('',(-2.47865073004814,-13.6587162683846,-0.429934614618567));
#5221=CARTESIAN_POINT('',(-2.49548588542511,-13.6771608634615,-0.150167225599059));
#5222=CARTESIAN_POINT('',(-2.51232587349038,-13.6956107532314,0.129680473257777));
#5223=CARTESIAN_POINT('',(-2.48098476276447,-13.7134061514044,0.416363277861467));
#5224=CARTESIAN_POINT('',(-2.40402971898173,-13.7305801423529,0.686032878405028));
#5225=CARTESIAN_POINT('',(-2.32708843497959,-13.747751062543,0.955654261257393));
#5226=CARTESIAN_POINT('',(-2.20244881523516,-13.7657850077965,1.21564237170264));
#5227=CARTESIAN_POINT('',(-2.04050117844722,-13.7843142324363,1.4444220092326));
#5228=CARTESIAN_POINT('',(-1.87855098067265,-13.8028437500912,1.67320526460846));
#5229=CARTESIAN_POINT('',(-1.6747855780779,-13.8212977888398,1.87715413803776));
#5230=CARTESIAN_POINT('',(-1.44606797053507,-13.8385777493189,2.03933504471252));
#5231=CARTESIAN_POINT('',(-1.21732896072699,-13.8558593267714,2.20153112747635));
#5232=CARTESIAN_POINT('',(-0.957327920182639,-13.8727112344981,2.32639561549912));
#5233=CARTESIAN_POINT('',(-0.687801533825451,-13.8909992146066,2.40352429779009));
#5234=CARTESIAN_POINT('',(-0.418336953294075,-13.9092830010489,2.48063529349399));
#5235=CARTESIAN_POINT('',(-0.131875888892867,-13.928609286919,2.51220608893137));
#5236=CARTESIAN_POINT('',(0.147937537795337,-13.9465223919251,2.49561905845244));
#5237=CARTESIAN_POINT('',(0.427877072518376,-13.9644435701195,2.47902455242868));
#5238=CARTESIAN_POINT('',(0.708877974709333,-13.9814887718737,2.41374187913019));
#5239=CARTESIAN_POINT('',(0.967485198492247,-13.9989486477055,2.30520549858324));
#5240=CARTESIAN_POINT('',(1.22598982848398,-14.0164015969138,2.19671217622546));
#5241=CARTESIAN_POINT('',(1.46920252985029,-14.0356715379815,2.04206033107921));
#5242=CARTESIAN_POINT('',(1.67707408657539,-14.0539357289999,1.85402872365486));
#5243=CARTESIAN_POINT('',(1.88499866202331,-14.0722045783952,1.66594915779005));
#5244=CARTESIAN_POINT('',(2.06329699966455,-14.0897466394937,1.43925467714774));
#5245=CARTESIAN_POINT('',(2.19710102045239,-14.106827872261,1.19278963188275));
#5246=CARTESIAN_POINT('',(2.33087118762198,-14.1239047833231,0.946386944486415));
#5247=CARTESIAN_POINT('',(2.42383160022434,-14.1420800817615,0.673493435626253));
#5248=CARTESIAN_POINT('',(2.46831348658047,-14.1607168409852,0.39677264518221));
#5249=CARTESIAN_POINT('',(2.51279813839016,-14.1793547588623,0.120034650915368));
#5250=CARTESIAN_POINT('',(2.51004075227951,-14.1979170646186,-0.168236564397165));
#5251=CARTESIAN_POINT('',(2.46023021274105,-14.2152967653104,-0.444147836104225));
#5252=CARTESIAN_POINT('',(2.41041176689781,-14.2326792246396,-0.720102902530721));
#5253=CARTESIAN_POINT('',(2.31213485267302,-14.2496767865939,-0.99127842948856));
#5254=CARTESIAN_POINT('',(2.17363399713999,-14.2679722617272,-1.23503653649483));
#5255=CARTESIAN_POINT('',(2.03516451490055,-14.2862635925589,-1.47873942727429));
#5256=CARTESIAN_POINT('',(1.8526654167585,-14.3053778693755,-1.70182743945639));
#5257=CARTESIAN_POINT('',(1.64119905914747,-14.3230891406408,-1.88585939249283));
#5258=CARTESIAN_POINT('',(1.42966133870756,-14.3408063888683,-2.06995345016341));
#5259=CARTESIAN_POINT('',(1.1832878382304,-14.3576655341366,-2.22001724469282));
#5260=CARTESIAN_POINT('',(0.92264498159416,-14.3751599699889,-2.32351592160224));
#5261=CARTESIAN_POINT('',(0.662100693733247,-14.392647789872,-2.42697545783478));
#5262=CARTESIAN_POINT('',(0.380178808734043,-14.4120813705651,-2.48676891363451));
#5263=CARTESIAN_POINT('',(0.100126044972691,-14.4304516996113,-2.49799415033705));
#5264=CARTESIAN_POINT('',(-0.180018900145991,-14.4488280753819,-2.50922308190602));
#5265=CARTESIAN_POINT('',(-0.466037020976964,-14.4664757554934,-2.47213661917739));
#5266=CARTESIAN_POINT('',(-0.734119216367311,-14.4836513651573,-2.389784294902));
#5267=CARTESIAN_POINT('',(-1.00213742259286,-14.5008228751347,-2.30745162749507));
#5268=CARTESIAN_POINT('',(-1.25955372353256,-14.5191076644593,-2.17763374948491));
#5269=CARTESIAN_POINT('',(-1.48503682861604,-14.537626800109,-2.01113540510182));
#5270=CARTESIAN_POINT('',(-1.71053394074028,-14.5561470861699,-1.84462671781922));
#5271=CARTESIAN_POINT('',(-1.91036860045581,-14.5744479481486,-1.63679948304953));
#5272=CARTESIAN_POINT('',(-2.06793482483256,-14.5916628891612,-1.40486496156918));
#5273=CARTESIAN_POINT('',(-2.22550591735526,-14.6088783620443,-1.17292327426947));
#5274=CARTESIAN_POINT('',(-2.34512141816854,-14.6258768854165,-0.910488256711723));
#5275=CARTESIAN_POINT('',(-2.41682768336573,-14.6442789627484,-0.639487254694811));
#5276=CARTESIAN_POINT('',(-2.48852069441108,-14.6626776386491,-0.368536344373808));
#5277=CARTESIAN_POINT('',(-2.51434577653995,-14.6819025782858,-0.0814908828720551));
#5278=CARTESIAN_POINT('',(-2.49215145541855,-14.6997168118069,0.197942222012539));
#5279=CARTESIAN_POINT('',(-2.46994760514924,-14.7175386938821,0.477495301703863));
#5280=CARTESIAN_POINT('',(-2.39904221034872,-14.7344997965949,0.757131425360731));
#5281=CARTESIAN_POINT('',(-2.28534819598084,-14.7520791170821,1.01350067741821));
#5282=CARTESIAN_POINT('',(-2.17169802950409,-14.769651657827,1.26977105662723));
#5283=CARTESIAN_POINT('',(-2.01220809729352,-14.789011339229,1.50983033628326));
#5284=CARTESIAN_POINT('',(-1.82004498395535,-14.8071934901898,1.71389505407392));
#5285=CARTESIAN_POINT('',(-1.62782659172908,-14.825380871546,1.91801847444542));
#5286=CARTESIAN_POINT('',(-1.39758777521655,-14.8427822222134,2.09174592456672));
#5287=CARTESIAN_POINT('',(-1.14848214340357,-14.8598836700652,2.22058297892314));
#5288=CARTESIAN_POINT('',(-0.899450904823573,-14.8769800107182,2.34938155721248));
#5289=CARTESIAN_POINT('',(-0.624769669042366,-14.8954219942685,2.43684505594856));
#5290=CARTESIAN_POINT('',(-0.347216506368549,-14.9140485979728,2.47577072801688));
#5291=CARTESIAN_POINT('',(-0.0696326945604175,-14.9326772585417,2.51470069849831));
#5292=CARTESIAN_POINT('',(0.218545752795364,-14.95108593013,2.50616306811778));
#5293=CARTESIAN_POINT('',(0.49341522793557,-14.9683998583898,2.45082463934923));
#5294=CARTESIAN_POINT('',(0.768309095347125,-14.9857153231099,2.39548129977721));
#5295=CARTESIAN_POINT('',(1.03743919644579,-15.002865973633,2.29179214802112));
#5296=CARTESIAN_POINT('',(1.27835808304924,-15.0212510991573,2.14844143776428));
#5297=CARTESIAN_POINT('',(1.51923367706987,-15.0396329209159,2.0051164873081));
#5298=CARTESIAN_POINT('',(1.73862766230621,-15.0586330541892,1.8181761634113));
#5299=CARTESIAN_POINT('',(1.91838811857973,-15.0762476860554,1.60305552819985));
#5300=CARTESIAN_POINT('',(2.09820345787175,-15.0938676958795,1.38786921408409));
#5301=CARTESIAN_POINT('',(2.24329432107468,-15.1106600119975,1.13853793720334));
#5302=CARTESIAN_POINT('',(2.3415425193831,-15.1282987578841,0.875887338600688));
#5303=CARTESIAN_POINT('',(2.43975554503134,-15.1459311891345,0.613330768391523));
#5304=CARTESIAN_POINT('',(2.49388800779876,-15.1654404132876,0.330273845656562));
#5305=CARTESIAN_POINT('',(2.49949899651075,-15.1837282516363,0.0500476417194744));
#5306=CARTESIAN_POINT('',(2.50511206126299,-15.2020228564019,-0.230282244635869));
#5307=CARTESIAN_POINT('',(2.46229462457354,-15.2195293595136,-0.515519709178161));
#5308=CARTESIAN_POINT('',(2.37457870641773,-15.2367239949701,-0.781905344033049));
#5309=CARTESIAN_POINT('',(2.28688850504634,-15.253913589258,-1.04821287924434));
#5310=CARTESIAN_POINT('',(2.15194528312567,-15.2724429706995,-1.30295597005772));
#5311=CARTESIAN_POINT('',(1.98096203801138,-15.2909360884123,-1.52505390198437));
#5312=CARTESIAN_POINT('',(1.80996069202611,-15.3094311638698,-1.74717534595753));
#5313=CARTESIAN_POINT('',(1.59815408039789,-15.3275764284085,-1.94281509790348));
#5314=CARTESIAN_POINT('',(1.36309587047663,-15.3447372758095,-2.09570266208962));
#5315=CARTESIAN_POINT('',(1.12804506173125,-15.3618975828742,-2.24858541237136));
#5316=CARTESIAN_POINT('',(0.863284107954546,-15.3790850630456,-2.36290395171765));
#5317=CARTESIAN_POINT('',(0.590915503272664,-15.39757717148,-2.42916011575853));
#5318=CARTESIAN_POINT('',(0.31858418618545,-15.4160667483223,-2.49540720924963));
#5319=CARTESIAN_POINT('',(0.0310668473651412,-15.4351770520241,-2.51547527260819));
#5320=CARTESIAN_POINT('',(-0.24787488287964,-15.4528940496769,-2.48768125820761));
#5321=CARTESIAN_POINT('',(-0.5269262928296,-15.4706180136415,-2.45987631521882));
#5322=CARTESIAN_POINT('',(-0.805081298547119,-15.4875114751441,-2.38337722499567));
#5323=CARTESIAN_POINT('',(-1.05910614596641,-15.5052329099028,-2.26457372844785));
#5324=CARTESIAN_POINT('',(-1.31303829571555,-15.5229478778307,-2.14581358516821));
#5325=CARTESIAN_POINT('',(-1.54985129785156,-15.5423423499344,-1.98154810842897));
#5326=CARTESIAN_POINT('',(-1.75002743997084,-15.5604359102852,-1.78533021017098));
#5327=CARTESIAN_POINT('',(-1.95026718265696,-15.5785352193764,-1.58904996897131));
#5328=CARTESIAN_POINT('',(-2.11935249333606,-15.5958041599714,-1.35535998606537));
#5329=CARTESIAN_POINT('',(-2.24317004898555,-15.6129444572014,-1.10371560255993));
#5330=CARTESIAN_POINT('',(-2.36694573674614,-15.6300789585808,-0.852156310534721));
#5331=CARTESIAN_POINT('',(-2.44887901927395,-15.6487767007349,-0.575796545491526));
#5332=CARTESIAN_POINT('',(-2.48223319019099,-15.6673771464907,-0.297520401845552));
#5333=CARTESIAN_POINT('',(-2.51559259982878,-15.6859805136964,-0.0192005511918126));
#5334=CARTESIAN_POINT('',(-2.50127681494213,-15.7042331339164,0.268769967828055));
#5335=CARTESIAN_POINT('',(-2.44043194447183,-15.721492165681,0.542486796522768));
#5336=CARTESIAN_POINT('',(-2.37958595267791,-15.7387515155163,0.816208669605665));
#5337=CARTESIAN_POINT('',(-2.2705277892402,-15.7560922603288,1.08318367089577));
#5338=CARTESIAN_POINT('',(-2.12238404314039,-15.7745442811113,1.3211684122106));
#5339=CARTESIAN_POINT('',(-1.97425961822336,-15.7929938953468,1.55912211511304));
#5340=CARTESIAN_POINT('',(-1.78295066624401,-15.8118683968482,1.77473466335359));
#5341=CARTESIAN_POINT('',(-1.564260626988,-15.8293896604652,1.95015094053131));
#5342=CARTESIAN_POINT('',(-1.34551331721319,-15.8469155125484,2.1256131557007));
#5343=CARTESIAN_POINT('',(-1.09332701969207,-15.863659102391,2.26567064816398));
#5344=CARTESIAN_POINT('',(-0.82877772062781,-15.8814656190803,2.35862830683238));
#5345=CARTESIAN_POINT('',(-0.564316196970024,-15.8992662277053,2.45155512287031));
#5346=CARTESIAN_POINT('',(-0.280234189400237,-15.9187907943584,2.5000059514657));
#5347=CARTESIAN_POINT('',(5.30886508573469E-5,-15.9369895313764,2.49999999943632));
#5348=CARTESIAN_POINT('',(0.280454867870812,-15.9551957028262,2.49999404497545));
#5349=CARTESIAN_POINT('',(0.564795243454671,-15.9725692901795,2.45146201434909));
#5350=CARTESIAN_POINT('',(0.829375174249969,-15.9898014600521,2.35841828782297));
#5351=CARTESIAN_POINT('',(0.880943213593549,-15.9931601018482,2.34028356938174));
#5352=CARTESIAN_POINT('',(0.931942584209242,-15.9965351460023,2.32044625099974));
#5353=CARTESIAN_POINT('',(0.98220786215697,-15.9999450032046,2.29897101232598));
#5354=CARTESIAN_POINT('',(-1.38777878078145E-14,-17.4999450032043,2.09674922469604E-16));
#5355=CARTESIAN_POINT('',(-2.93471349091366,-17.0204410916248,-0.998727553564749));
#5356=CARTESIAN_POINT('',(-2.67324722881226,-16.9787744249581,-1.76703374885185));
#5357=CARTESIAN_POINT('',(-1.51648463389512,-16.8954410916248,-3.08111892096289));
#5358=CARTESIAN_POINT('',(1.10693275858015,-16.7704410916248,-3.25266934765597));
#5359=CARTESIAN_POINT('',(3.08111892096289,-16.6454410916248,-1.5164846338951));
#5360=CARTESIAN_POINT('',(3.25266934765596,-16.5204410916248,1.10693275858017));
#5361=CARTESIAN_POINT('',(1.51648463389509,-16.3954410916248,3.08111892096289));
#5362=CARTESIAN_POINT('',(-1.10693275858018,-16.2704410916248,3.25266934765597));
#5363=CARTESIAN_POINT('',(-3.0811189209629,-16.1454410916248,1.5164846338951));
#5364=CARTESIAN_POINT('',(-3.25266934765599,-16.0204410916248,-1.10693275858017));
#5365=CARTESIAN_POINT('',(-1.51648463389512,-15.8954410916248,-3.08111892096289));
#5366=CARTESIAN_POINT('',(1.10693275858015,-15.7704410916248,-3.25266934765597));
#5367=CARTESIAN_POINT('',(3.08111892096289,-15.6454410916248,-1.51648463389511));
#5368=CARTESIAN_POINT('',(3.25266934765597,-15.5204410916248,1.10693275858018));
#5369=CARTESIAN_POINT('',(1.51648463389509,-15.3954410916248,3.0811189209629));
#5370=CARTESIAN_POINT('',(-1.10693275858018,-15.2704410916248,3.25266934765597));
#5371=CARTESIAN_POINT('',(-3.08111892096291,-15.1454410916248,1.51648463389511));
#5372=CARTESIAN_POINT('',(-3.25266934765599,-15.0204410916248,-1.10693275858017));
#5373=CARTESIAN_POINT('',(-1.5164846338951,-14.8954410916248,-3.0811189209629));
#5374=CARTESIAN_POINT('',(1.10693275858015,-14.7704410916248,-3.25266934765597));
#5375=CARTESIAN_POINT('',(3.08111892096289,-14.6454410916248,-1.51648463389511));
#5376=CARTESIAN_POINT('',(3.25266934765597,-14.5204410916248,1.10693275858017));
#5377=CARTESIAN_POINT('',(1.51648463389509,-14.3954410916248,3.0811189209629));
#5378=CARTESIAN_POINT('',(-1.10693275858018,-14.2704410916248,3.25266934765597));
#5379=CARTESIAN_POINT('',(-3.08111892096291,-14.1454410916248,1.51648463389511));
#5380=CARTESIAN_POINT('',(-3.25266934765599,-14.0204410916248,-1.10693275858017));
#5381=CARTESIAN_POINT('',(-1.51648463389512,-13.8954410916248,-3.08111892096289));
#5382=CARTESIAN_POINT('',(1.10693275858017,-13.7704410916248,-3.25266934765597));
#5383=CARTESIAN_POINT('',(3.08111892096288,-13.6454410916248,-1.51648463389511));
#5384=CARTESIAN_POINT('',(3.25266934765597,-13.5204410916248,1.10693275858017));
#5385=CARTESIAN_POINT('',(1.51648463389509,-13.3954410916248,3.0811189209629));
#5386=CARTESIAN_POINT('',(-1.10693275858018,-13.2704410916248,3.25266934765597));
#5387=CARTESIAN_POINT('',(-3.08111892096291,-13.1454410916248,1.51648463389511));
#5388=CARTESIAN_POINT('',(-3.25266934765599,-13.0204410916248,-1.10693275858017));
#5389=CARTESIAN_POINT('',(-1.51648463389512,-12.8954410916248,-3.0811189209629));
#5390=CARTESIAN_POINT('',(1.10693275858017,-12.7704410916248,-3.25266934765597));
#5391=CARTESIAN_POINT('',(3.08111892096288,-12.6454410916248,-1.51648463389511));
#5392=CARTESIAN_POINT('',(3.25266934765597,-12.5204410916248,1.10693275858017));
#5393=CARTESIAN_POINT('',(1.51648463389509,-12.3954410916248,3.0811189209629));
#5394=CARTESIAN_POINT('',(-1.10693275858018,-12.2704410916248,3.25266934765597));
#5395=CARTESIAN_POINT('',(-3.08111892096291,-12.1454410916248,1.51648463389511));
#5396=CARTESIAN_POINT('',(-3.25266934765599,-12.0204410916248,-1.10693275858017));
#5397=CARTESIAN_POINT('',(-1.51648463389514,-11.8954410916248,-3.08111892096289));
#5398=CARTESIAN_POINT('',(1.10693275858018,-11.7704410916248,-3.25266934765598));
#5399=CARTESIAN_POINT('',(3.08111892096288,-11.6454410916248,-1.51648463389511));
#5400=CARTESIAN_POINT('',(3.25266934765598,-11.5204410916248,1.10693275858016));
#5401=CARTESIAN_POINT('',(1.51648463389509,-11.3954410916248,3.0811189209629));
#5402=CARTESIAN_POINT('',(-1.10693275858016,-11.2704410916248,3.25266934765598));
#5403=CARTESIAN_POINT('',(-3.08111892096291,-11.1454410916248,1.51648463389509));
#5404=CARTESIAN_POINT('',(-3.25266934765599,-11.0204410916248,-1.10693275858017));
#5405=CARTESIAN_POINT('',(-1.51648463389514,-10.8954410916248,-3.08111892096289));
#5406=CARTESIAN_POINT('',(1.10693275858017,-10.7704410916248,-3.25266934765597));
#5407=CARTESIAN_POINT('',(3.08111892096288,-10.6454410916248,-1.51648463389512));
#5408=CARTESIAN_POINT('',(3.25266934765597,-10.5204410916248,1.10693275858019));
#5409=CARTESIAN_POINT('',(1.51648463389509,-10.3954410916248,3.08111892096289));
#5410=CARTESIAN_POINT('',(-1.10693275858018,-10.2704410916248,3.25266934765599));
#5411=CARTESIAN_POINT('',(-3.08111892096291,-10.1454410916248,1.51648463389509));
#5412=CARTESIAN_POINT('',(-3.25266934765599,-10.0204410916248,-1.10693275858017));
#5413=CARTESIAN_POINT('',(-1.51648463389514,-9.89544109162477,-3.08111892096289));
#5414=CARTESIAN_POINT('',(1.10693275858017,-9.77044109162477,-3.25266934765598));
#5415=CARTESIAN_POINT('',(3.08111892096288,-9.64544109162477,-1.51648463389511));
#5416=CARTESIAN_POINT('',(3.25266934765598,-9.52044109162477,1.10693275858015));
#5417=CARTESIAN_POINT('',(1.51648463389509,-9.39544109162477,3.0811189209629));
#5418=CARTESIAN_POINT('',(-1.10693275858016,-9.27044109162477,3.25266934765598));
#5419=CARTESIAN_POINT('',(-3.08111892096291,-9.14544109162477,1.51648463389509));
#5420=CARTESIAN_POINT('',(-3.24118184159895,-9.02881144828787,-0.93126124457057));
#5421=CARTESIAN_POINT('',(-2.31490114197096,-8.95384847161757,-2.15429583770339));
#5422=CARTESIAN_POINT('',(-1.78722805333916,-8.92055216161407,-2.53033734995849));
#5423=CARTESIAN_POINT('',(-1.78722805333916,-8.92055216161407,-2.53033734995849));
#5424=CARTESIAN_POINT('',(-1.78722805333916,-8.92055216161407,-2.53033734995849));
#5425=CARTESIAN_POINT('',(-1.34635265867828,-9.36205851256017,-1.90615093138483));
#5426=CARTESIAN_POINT('',(-2.93471349091366,-17.0204410916248,-0.998727553564749));
#5427=CARTESIAN_POINT('',(-2.67324722881226,-16.9787744249581,-1.76703374885185));
#5428=CARTESIAN_POINT('',(-1.51648463389512,-16.8954410916248,-3.08111892096289));
#5429=CARTESIAN_POINT('',(1.10693275858015,-16.7704410916248,-3.25266934765597));
#5430=CARTESIAN_POINT('',(3.08111892096289,-16.6454410916248,-1.5164846338951));
#5431=CARTESIAN_POINT('',(3.25266934765596,-16.5204410916248,1.10693275858017));
#5432=CARTESIAN_POINT('',(1.51648463389509,-16.3954410916248,3.08111892096289));
#5433=CARTESIAN_POINT('',(-1.10693275858018,-16.2704410916248,3.25266934765597));
#5434=CARTESIAN_POINT('',(-3.0811189209629,-16.1454410916248,1.5164846338951));
#5435=CARTESIAN_POINT('',(-3.25266934765599,-16.0204410916248,-1.10693275858017));
#5436=CARTESIAN_POINT('',(-1.51648463389512,-15.8954410916248,-3.08111892096289));
#5437=CARTESIAN_POINT('',(1.10693275858015,-15.7704410916248,-3.25266934765597));
#5438=CARTESIAN_POINT('',(3.08111892096289,-15.6454410916248,-1.51648463389511));
#5439=CARTESIAN_POINT('',(3.25266934765597,-15.5204410916248,1.10693275858018));
#5440=CARTESIAN_POINT('',(1.51648463389509,-15.3954410916248,3.0811189209629));
#5441=CARTESIAN_POINT('',(-1.10693275858018,-15.2704410916248,3.25266934765597));
#5442=CARTESIAN_POINT('',(-3.08111892096291,-15.1454410916248,1.51648463389511));
#5443=CARTESIAN_POINT('',(-3.25266934765599,-15.0204410916248,-1.10693275858017));
#5444=CARTESIAN_POINT('',(-1.5164846338951,-14.8954410916248,-3.0811189209629));
#5445=CARTESIAN_POINT('',(1.10693275858015,-14.7704410916248,-3.25266934765597));
#5446=CARTESIAN_POINT('',(3.08111892096289,-14.6454410916248,-1.51648463389511));
#5447=CARTESIAN_POINT('',(3.25266934765597,-14.5204410916248,1.10693275858017));
#5448=CARTESIAN_POINT('',(1.51648463389509,-14.3954410916248,3.0811189209629));
#5449=CARTESIAN_POINT('',(-1.10693275858018,-14.2704410916248,3.25266934765597));
#5450=CARTESIAN_POINT('',(-3.08111892096291,-14.1454410916248,1.51648463389511));
#5451=CARTESIAN_POINT('',(-3.25266934765599,-14.0204410916248,-1.10693275858017));
#5452=CARTESIAN_POINT('',(-1.51648463389512,-13.8954410916248,-3.08111892096289));
#5453=CARTESIAN_POINT('',(1.10693275858017,-13.7704410916248,-3.25266934765597));
#5454=CARTESIAN_POINT('',(3.08111892096288,-13.6454410916248,-1.51648463389511));
#5455=CARTESIAN_POINT('',(3.25266934765597,-13.5204410916248,1.10693275858017));
#5456=CARTESIAN_POINT('',(1.51648463389509,-13.3954410916248,3.0811189209629));
#5457=CARTESIAN_POINT('',(-1.10693275858018,-13.2704410916248,3.25266934765597));
#5458=CARTESIAN_POINT('',(-3.08111892096291,-13.1454410916248,1.51648463389511));
#5459=CARTESIAN_POINT('',(-3.25266934765599,-13.0204410916248,-1.10693275858017));
#5460=CARTESIAN_POINT('',(-1.51648463389512,-12.8954410916248,-3.0811189209629));
#5461=CARTESIAN_POINT('',(1.10693275858017,-12.7704410916248,-3.25266934765597));
#5462=CARTESIAN_POINT('',(3.08111892096288,-12.6454410916248,-1.51648463389511));
#5463=CARTESIAN_POINT('',(3.25266934765597,-12.5204410916248,1.10693275858017));
#5464=CARTESIAN_POINT('',(1.51648463389509,-12.3954410916248,3.0811189209629));
#5465=CARTESIAN_POINT('',(-1.10693275858018,-12.2704410916248,3.25266934765597));
#5466=CARTESIAN_POINT('',(-3.08111892096291,-12.1454410916248,1.51648463389511));
#5467=CARTESIAN_POINT('',(-3.25266934765599,-12.0204410916248,-1.10693275858017));
#5468=CARTESIAN_POINT('',(-1.51648463389514,-11.8954410916248,-3.08111892096289));
#5469=CARTESIAN_POINT('',(1.10693275858018,-11.7704410916248,-3.25266934765598));
#5470=CARTESIAN_POINT('',(3.08111892096288,-11.6454410916248,-1.51648463389511));
#5471=CARTESIAN_POINT('',(3.25266934765598,-11.5204410916248,1.10693275858016));
#5472=CARTESIAN_POINT('',(1.51648463389509,-11.3954410916248,3.0811189209629));
#5473=CARTESIAN_POINT('',(-1.10693275858016,-11.2704410916248,3.25266934765598));
#5474=CARTESIAN_POINT('',(-3.08111892096291,-11.1454410916248,1.51648463389509));
#5475=CARTESIAN_POINT('',(-3.25266934765599,-11.0204410916248,-1.10693275858017));
#5476=CARTESIAN_POINT('',(-1.51648463389514,-10.8954410916248,-3.08111892096289));
#5477=CARTESIAN_POINT('',(1.10693275858017,-10.7704410916248,-3.25266934765597));
#5478=CARTESIAN_POINT('',(3.08111892096288,-10.6454410916248,-1.51648463389512));
#5479=CARTESIAN_POINT('',(3.25266934765597,-10.5204410916248,1.10693275858019));
#5480=CARTESIAN_POINT('',(1.51648463389509,-10.3954410916248,3.08111892096289));
#5481=CARTESIAN_POINT('',(-1.10693275858018,-10.2704410916248,3.25266934765599));
#5482=CARTESIAN_POINT('',(-3.08111892096291,-10.1454410916248,1.51648463389509));
#5483=CARTESIAN_POINT('',(-3.25266934765599,-10.0204410916248,-1.10693275858017));
#5484=CARTESIAN_POINT('',(-1.51648463389514,-9.89544109162477,-3.08111892096289));
#5485=CARTESIAN_POINT('',(1.10693275858017,-9.77044109162477,-3.25266934765598));
#5486=CARTESIAN_POINT('',(3.08111892096288,-9.64544109162477,-1.51648463389511));
#5487=CARTESIAN_POINT('',(3.25266934765598,-9.52044109162477,1.10693275858015));
#5488=CARTESIAN_POINT('',(1.51648463389509,-9.39544109162477,3.0811189209629));
#5489=CARTESIAN_POINT('',(-1.10693275858016,-9.27044109162477,3.25266934765598));
#5490=CARTESIAN_POINT('',(-3.08111892096291,-9.14544109162477,1.51648463389509));
#5491=CARTESIAN_POINT('',(-3.24118184159895,-9.02881144828787,-0.93126124457057));
#5492=CARTESIAN_POINT('',(-2.31490114197096,-8.95384847161757,-2.15429583770339));
#5493=CARTESIAN_POINT('',(-1.78722805333916,-8.92055216161407,-2.53033734995849));
#5494=CARTESIAN_POINT('',(-2.21077511824441,-17.4619474425709,-0.752360335059029));
#5495=CARTESIAN_POINT('',(-2.0138076431216,-17.4202807759042,-1.331139907577));
#5496=CARTESIAN_POINT('',(-1.14239652565591,-17.3369474425709,-2.32106509473814));
#5497=CARTESIAN_POINT('',(0.833873360317969,-17.2119474425709,-2.45029727226809));
#5498=CARTESIAN_POINT('',(2.32106509473812,-17.0869474425709,-1.1423965256559));
#5499=CARTESIAN_POINT('',(2.45029727226808,-16.9619474425709,0.833873360317985));
#5500=CARTESIAN_POINT('',(1.14239652565588,-16.8369474425709,2.32106509473814));
#5501=CARTESIAN_POINT('',(-0.833873360317997,-16.7119474425709,2.45029727226809));
#5502=CARTESIAN_POINT('',(-2.32106509473815,-16.5869474425709,1.1423965256559));
#5503=CARTESIAN_POINT('',(-2.4502972722681,-16.4619474425709,-0.833873360317984));
#5504=CARTESIAN_POINT('',(-1.14239652565591,-16.3369474425709,-2.32106509473814));
#5505=CARTESIAN_POINT('',(0.833873360317969,-16.2119474425709,-2.45029727226809));
#5506=CARTESIAN_POINT('',(2.32106509473814,-16.0869474425709,-1.14239652565591));
#5507=CARTESIAN_POINT('',(2.45029727226808,-15.9619474425709,0.833873360317984));
#5508=CARTESIAN_POINT('',(1.14239652565588,-15.8369474425709,2.32106509473815));
#5509=CARTESIAN_POINT('',(-0.833873360317997,-15.7119474425709,2.45029727226809));
#5510=CARTESIAN_POINT('',(-2.32106509473815,-15.5869474425709,1.14239652565591));
#5511=CARTESIAN_POINT('',(-2.4502972722681,-15.4619474425709,-0.833873360317982));
#5512=CARTESIAN_POINT('',(-1.1423965256559,-15.3369474425709,-2.32106509473815));
#5513=CARTESIAN_POINT('',(0.833873360317969,-15.2119474425709,-2.45029727226809));
#5514=CARTESIAN_POINT('',(2.32106509473814,-15.0869474425709,-1.14239652565591));
#5515=CARTESIAN_POINT('',(2.45029727226808,-14.9619474425709,0.833873360317982));
#5516=CARTESIAN_POINT('',(1.14239652565588,-14.8369474425709,2.32106509473815));
#5517=CARTESIAN_POINT('',(-0.83387336031799,-14.7119474425709,2.45029727226809));
#5518=CARTESIAN_POINT('',(-2.32106509473815,-14.5869474425709,1.14239652565591));
#5519=CARTESIAN_POINT('',(-2.4502972722681,-14.4619474425709,-0.833873360317982));
#5520=CARTESIAN_POINT('',(-1.14239652565591,-14.3369474425709,-2.32106509473814));
#5521=CARTESIAN_POINT('',(0.833873360317976,-14.2119474425709,-2.45029727226809));
#5522=CARTESIAN_POINT('',(2.32106509473814,-14.0869474425709,-1.14239652565591));
#5523=CARTESIAN_POINT('',(2.45029727226808,-13.9619474425709,0.833873360317982));
#5524=CARTESIAN_POINT('',(1.14239652565588,-13.8369474425709,2.32106509473815));
#5525=CARTESIAN_POINT('',(-0.83387336031799,-13.7119474425709,2.45029727226809));
#5526=CARTESIAN_POINT('',(-2.32106509473815,-13.5869474425709,1.14239652565591));
#5527=CARTESIAN_POINT('',(-2.4502972722681,-13.4619474425709,-0.833873360317982));
#5528=CARTESIAN_POINT('',(-1.14239652565593,-13.3369474425709,-2.32106509473814));
#5529=CARTESIAN_POINT('',(0.833873360317976,-13.2119474425709,-2.45029727226809));
#5530=CARTESIAN_POINT('',(2.32106509473814,-13.0869474425709,-1.14239652565591));
#5531=CARTESIAN_POINT('',(2.45029727226808,-12.9619474425709,0.833873360317981));
#5532=CARTESIAN_POINT('',(1.14239652565588,-12.8369474425709,2.32106509473814));
#5533=CARTESIAN_POINT('',(-0.83387336031799,-12.7119474425709,2.45029727226809));
#5534=CARTESIAN_POINT('',(-2.32106509473815,-12.5869474425709,1.14239652565591));
#5535=CARTESIAN_POINT('',(-2.45029727226809,-12.4619474425709,-0.833873360317981));
#5536=CARTESIAN_POINT('',(-1.14239652565593,-12.3369474425709,-2.32106509473814));
#5537=CARTESIAN_POINT('',(0.833873360317976,-12.2119474425709,-2.45029727226809));
#5538=CARTESIAN_POINT('',(2.32106509473814,-12.0869474425709,-1.14239652565591));
#5539=CARTESIAN_POINT('',(2.45029727226809,-11.9619474425709,0.833873360317962));
#5540=CARTESIAN_POINT('',(1.14239652565588,-11.8369474425709,2.32106509473815));
#5541=CARTESIAN_POINT('',(-0.833873360317983,-11.7119474425709,2.45029727226809));
#5542=CARTESIAN_POINT('',(-2.32106509473817,-11.5869474425709,1.1423965256559));
#5543=CARTESIAN_POINT('',(-2.45029727226809,-11.4619474425709,-0.833873360317976));
#5544=CARTESIAN_POINT('',(-1.14239652565593,-11.3369474425709,-2.32106509473814));
#5545=CARTESIAN_POINT('',(0.833873360317976,-11.2119474425709,-2.45029727226809));
#5546=CARTESIAN_POINT('',(2.32106509473812,-11.0869474425709,-1.14239652565591));
#5547=CARTESIAN_POINT('',(2.45029727226807,-10.9619474425709,0.833873360317998));
#5548=CARTESIAN_POINT('',(1.14239652565588,-10.8369474425709,2.32106509473814));
#5549=CARTESIAN_POINT('',(-0.833873360317983,-10.7119474425709,2.45029727226809));
#5550=CARTESIAN_POINT('',(-2.32106509473817,-10.5869474425709,1.1423965256559));
#5551=CARTESIAN_POINT('',(-2.45029727226809,-10.4619474425709,-0.833873360317976));
#5552=CARTESIAN_POINT('',(-1.14239652565593,-10.3369474425709,-2.32106509473814));
#5553=CARTESIAN_POINT('',(0.833873360317976,-10.2119474425709,-2.45029727226809));
#5554=CARTESIAN_POINT('',(2.32106509473814,-10.0869474425709,-1.14239652565591));
#5555=CARTESIAN_POINT('',(2.45029727226809,-9.96194744257087,0.83387336031796));
#5556=CARTESIAN_POINT('',(1.14239652565588,-9.83694744257087,2.32106509473815));
#5557=CARTESIAN_POINT('',(-0.833873360317983,-9.71194744257087,2.45029727226809));
#5558=CARTESIAN_POINT('',(-2.32106509473817,-9.58694744257087,1.1423965256559));
#5559=CARTESIAN_POINT('',(-2.44164351692189,-9.47031779923397,-0.701536689852802));
#5560=CARTESIAN_POINT('',(-1.74385876567176,-9.39535482256367,-1.62287175565114));
#5561=CARTESIAN_POINT('',(-1.34635265867828,-9.36205851256017,-1.90615093138483));
#5562=CARTESIAN_POINT('',(-1.34635265867828,-9.43805363382697,-1.90615093138483));
#5563=CARTESIAN_POINT('',(-1.78722805333916,-9.87955998477307,-2.53033734995849));
#5564=CARTESIAN_POINT('',(-1.78722805333916,-9.87955998477307,-2.53033734995849));
#5565=CARTESIAN_POINT('',(-1.78722805333916,-8.92055216161407,-2.53033734995849));
#5566=CARTESIAN_POINT('',(-1.78722805333916,-9.40005607319357,-2.53033734995849));
#5567=CARTESIAN_POINT('',(-2.93471349091366,-17.9794489147838,-0.998727553564749));
#5568=CARTESIAN_POINT('',(-2.67324722881226,-17.9377822481172,-1.76703374885185));
#5569=CARTESIAN_POINT('',(-1.51648463389512,-17.8544489147838,-3.08111892096289));
#5570=CARTESIAN_POINT('',(1.10693275858015,-17.7294489147838,-3.25266934765597));
#5571=CARTESIAN_POINT('',(3.08111892096289,-17.6044489147838,-1.5164846338951));
#5572=CARTESIAN_POINT('',(3.25266934765596,-17.4794489147838,1.10693275858017));
#5573=CARTESIAN_POINT('',(1.51648463389509,-17.3544489147838,3.08111892096289));
#5574=CARTESIAN_POINT('',(-1.10693275858018,-17.2294489147838,3.25266934765597));
#5575=CARTESIAN_POINT('',(-3.0811189209629,-17.1044489147838,1.5164846338951));
#5576=CARTESIAN_POINT('',(-3.25266934765599,-16.9794489147838,-1.10693275858017));
#5577=CARTESIAN_POINT('',(-1.51648463389512,-16.8544489147838,-3.08111892096289));
#5578=CARTESIAN_POINT('',(1.10693275858015,-16.7294489147838,-3.25266934765597));
#5579=CARTESIAN_POINT('',(3.08111892096289,-16.6044489147838,-1.51648463389511));
#5580=CARTESIAN_POINT('',(3.25266934765597,-16.4794489147838,1.10693275858018));
#5581=CARTESIAN_POINT('',(1.51648463389509,-16.3544489147838,3.0811189209629));
#5582=CARTESIAN_POINT('',(-1.10693275858018,-16.2294489147838,3.25266934765597));
#5583=CARTESIAN_POINT('',(-3.08111892096291,-16.1044489147838,1.51648463389511));
#5584=CARTESIAN_POINT('',(-3.25266934765599,-15.9794489147838,-1.10693275858017));
#5585=CARTESIAN_POINT('',(-1.5164846338951,-15.8544489147838,-3.0811189209629));
#5586=CARTESIAN_POINT('',(1.10693275858015,-15.7294489147838,-3.25266934765597));
#5587=CARTESIAN_POINT('',(3.08111892096289,-15.6044489147838,-1.51648463389511));
#5588=CARTESIAN_POINT('',(3.25266934765597,-15.4794489147838,1.10693275858017));
#5589=CARTESIAN_POINT('',(1.51648463389509,-15.3544489147838,3.0811189209629));
#5590=CARTESIAN_POINT('',(-1.10693275858018,-15.2294489147838,3.25266934765597));
#5591=CARTESIAN_POINT('',(-3.08111892096291,-15.1044489147838,1.51648463389511));
#5592=CARTESIAN_POINT('',(-3.25266934765599,-14.9794489147838,-1.10693275858017));
#5593=CARTESIAN_POINT('',(-1.51648463389512,-14.8544489147838,-3.08111892096289));
#5594=CARTESIAN_POINT('',(1.10693275858017,-14.7294489147838,-3.25266934765597));
#5595=CARTESIAN_POINT('',(3.08111892096288,-14.6044489147838,-1.51648463389511));
#5596=CARTESIAN_POINT('',(3.25266934765597,-14.4794489147838,1.10693275858017));
#5597=CARTESIAN_POINT('',(1.51648463389509,-14.3544489147838,3.0811189209629));
#5598=CARTESIAN_POINT('',(-1.10693275858018,-14.2294489147838,3.25266934765597));
#5599=CARTESIAN_POINT('',(-3.08111892096291,-14.1044489147838,1.51648463389511));
#5600=CARTESIAN_POINT('',(-3.25266934765599,-13.9794489147838,-1.10693275858017));
#5601=CARTESIAN_POINT('',(-1.51648463389512,-13.8544489147838,-3.0811189209629));
#5602=CARTESIAN_POINT('',(1.10693275858017,-13.7294489147838,-3.25266934765597));
#5603=CARTESIAN_POINT('',(3.08111892096288,-13.6044489147838,-1.51648463389511));
#5604=CARTESIAN_POINT('',(3.25266934765597,-13.4794489147838,1.10693275858017));
#5605=CARTESIAN_POINT('',(1.51648463389509,-13.3544489147838,3.0811189209629));
#5606=CARTESIAN_POINT('',(-1.10693275858018,-13.2294489147838,3.25266934765597));
#5607=CARTESIAN_POINT('',(-3.08111892096291,-13.1044489147838,1.51648463389511));
#5608=CARTESIAN_POINT('',(-3.25266934765599,-12.9794489147838,-1.10693275858017));
#5609=CARTESIAN_POINT('',(-1.51648463389514,-12.8544489147838,-3.08111892096289));
#5610=CARTESIAN_POINT('',(1.10693275858018,-12.7294489147838,-3.25266934765598));
#5611=CARTESIAN_POINT('',(3.08111892096288,-12.6044489147838,-1.51648463389511));
#5612=CARTESIAN_POINT('',(3.25266934765598,-12.4794489147838,1.10693275858016));
#5613=CARTESIAN_POINT('',(1.51648463389509,-12.3544489147838,3.0811189209629));
#5614=CARTESIAN_POINT('',(-1.10693275858016,-12.2294489147838,3.25266934765598));
#5615=CARTESIAN_POINT('',(-3.08111892096291,-12.1044489147838,1.51648463389509));
#5616=CARTESIAN_POINT('',(-3.25266934765599,-11.9794489147838,-1.10693275858017));
#5617=CARTESIAN_POINT('',(-1.51648463389514,-11.8544489147838,-3.08111892096289));
#5618=CARTESIAN_POINT('',(1.10693275858017,-11.7294489147838,-3.25266934765597));
#5619=CARTESIAN_POINT('',(3.08111892096288,-11.6044489147838,-1.51648463389512));
#5620=CARTESIAN_POINT('',(3.25266934765597,-11.4794489147838,1.10693275858019));
#5621=CARTESIAN_POINT('',(1.51648463389509,-11.3544489147838,3.08111892096289));
#5622=CARTESIAN_POINT('',(-1.10693275858018,-11.2294489147838,3.25266934765599));
#5623=CARTESIAN_POINT('',(-3.08111892096291,-11.1044489147838,1.51648463389509));
#5624=CARTESIAN_POINT('',(-3.25266934765599,-10.9794489147838,-1.10693275858017));
#5625=CARTESIAN_POINT('',(-1.51648463389514,-10.8544489147838,-3.08111892096289));
#5626=CARTESIAN_POINT('',(1.10693275858017,-10.7294489147838,-3.25266934765598));
#5627=CARTESIAN_POINT('',(3.08111892096288,-10.6044489147838,-1.51648463389511));
#5628=CARTESIAN_POINT('',(3.25266934765598,-10.4794489147838,1.10693275858015));
#5629=CARTESIAN_POINT('',(1.51648463389509,-10.3544489147838,3.0811189209629));
#5630=CARTESIAN_POINT('',(-1.10693275858016,-10.2294489147838,3.25266934765598));
#5631=CARTESIAN_POINT('',(-3.08111892096291,-10.1044489147838,1.51648463389509));
#5632=CARTESIAN_POINT('',(-3.24118184159895,-9.98781927144687,-0.93126124457057));
#5633=CARTESIAN_POINT('',(-2.31490114197096,-9.91285629477667,-2.15429583770339));
#5634=CARTESIAN_POINT('',(-1.78722805333916,-9.87955998477307,-2.53033734995849));
#5635=CARTESIAN_POINT('',(-2.93471349091366,-17.0204410916248,-0.998727553564749));
#5636=CARTESIAN_POINT('',(-2.67324722881226,-16.9787744249581,-1.76703374885185));
#5637=CARTESIAN_POINT('',(-1.51648463389512,-16.8954410916248,-3.08111892096289));
#5638=CARTESIAN_POINT('',(1.10693275858015,-16.7704410916248,-3.25266934765597));
#5639=CARTESIAN_POINT('',(3.08111892096289,-16.6454410916248,-1.5164846338951));
#5640=CARTESIAN_POINT('',(3.25266934765596,-16.5204410916248,1.10693275858017));
#5641=CARTESIAN_POINT('',(1.51648463389509,-16.3954410916248,3.08111892096289));
#5642=CARTESIAN_POINT('',(-1.10693275858018,-16.2704410916248,3.25266934765597));
#5643=CARTESIAN_POINT('',(-3.0811189209629,-16.1454410916248,1.5164846338951));
#5644=CARTESIAN_POINT('',(-3.25266934765599,-16.0204410916248,-1.10693275858017));
#5645=CARTESIAN_POINT('',(-1.51648463389512,-15.8954410916248,-3.08111892096289));
#5646=CARTESIAN_POINT('',(1.10693275858015,-15.7704410916248,-3.25266934765597));
#5647=CARTESIAN_POINT('',(3.08111892096289,-15.6454410916248,-1.51648463389511));
#5648=CARTESIAN_POINT('',(3.25266934765597,-15.5204410916248,1.10693275858018));
#5649=CARTESIAN_POINT('',(1.51648463389509,-15.3954410916248,3.0811189209629));
#5650=CARTESIAN_POINT('',(-1.10693275858018,-15.2704410916248,3.25266934765597));
#5651=CARTESIAN_POINT('',(-3.08111892096291,-15.1454410916248,1.51648463389511));
#5652=CARTESIAN_POINT('',(-3.25266934765599,-15.0204410916248,-1.10693275858017));
#5653=CARTESIAN_POINT('',(-1.5164846338951,-14.8954410916248,-3.0811189209629));
#5654=CARTESIAN_POINT('',(1.10693275858015,-14.7704410916248,-3.25266934765597));
#5655=CARTESIAN_POINT('',(3.08111892096289,-14.6454410916248,-1.51648463389511));
#5656=CARTESIAN_POINT('',(3.25266934765597,-14.5204410916248,1.10693275858017));
#5657=CARTESIAN_POINT('',(1.51648463389509,-14.3954410916248,3.0811189209629));
#5658=CARTESIAN_POINT('',(-1.10693275858018,-14.2704410916248,3.25266934765597));
#5659=CARTESIAN_POINT('',(-3.08111892096291,-14.1454410916248,1.51648463389511));
#5660=CARTESIAN_POINT('',(-3.25266934765599,-14.0204410916248,-1.10693275858017));
#5661=CARTESIAN_POINT('',(-1.51648463389512,-13.8954410916248,-3.08111892096289));
#5662=CARTESIAN_POINT('',(1.10693275858017,-13.7704410916248,-3.25266934765597));
#5663=CARTESIAN_POINT('',(3.08111892096288,-13.6454410916248,-1.51648463389511));
#5664=CARTESIAN_POINT('',(3.25266934765597,-13.5204410916248,1.10693275858017));
#5665=CARTESIAN_POINT('',(1.51648463389509,-13.3954410916248,3.0811189209629));
#5666=CARTESIAN_POINT('',(-1.10693275858018,-13.2704410916248,3.25266934765597));
#5667=CARTESIAN_POINT('',(-3.08111892096291,-13.1454410916248,1.51648463389511));
#5668=CARTESIAN_POINT('',(-3.25266934765599,-13.0204410916248,-1.10693275858017));
#5669=CARTESIAN_POINT('',(-1.51648463389512,-12.8954410916248,-3.0811189209629));
#5670=CARTESIAN_POINT('',(1.10693275858017,-12.7704410916248,-3.25266934765597));
#5671=CARTESIAN_POINT('',(3.08111892096288,-12.6454410916248,-1.51648463389511));
#5672=CARTESIAN_POINT('',(3.25266934765597,-12.5204410916248,1.10693275858017));
#5673=CARTESIAN_POINT('',(1.51648463389509,-12.3954410916248,3.0811189209629));
#5674=CARTESIAN_POINT('',(-1.10693275858018,-12.2704410916248,3.25266934765597));
#5675=CARTESIAN_POINT('',(-3.08111892096291,-12.1454410916248,1.51648463389511));
#5676=CARTESIAN_POINT('',(-3.25266934765599,-12.0204410916248,-1.10693275858017));
#5677=CARTESIAN_POINT('',(-1.51648463389514,-11.8954410916248,-3.08111892096289));
#5678=CARTESIAN_POINT('',(1.10693275858018,-11.7704410916248,-3.25266934765598));
#5679=CARTESIAN_POINT('',(3.08111892096288,-11.6454410916248,-1.51648463389511));
#5680=CARTESIAN_POINT('',(3.25266934765598,-11.5204410916248,1.10693275858016));
#5681=CARTESIAN_POINT('',(1.51648463389509,-11.3954410916248,3.0811189209629));
#5682=CARTESIAN_POINT('',(-1.10693275858016,-11.2704410916248,3.25266934765598));
#5683=CARTESIAN_POINT('',(-3.08111892096291,-11.1454410916248,1.51648463389509));
#5684=CARTESIAN_POINT('',(-3.25266934765599,-11.0204410916248,-1.10693275858017));
#5685=CARTESIAN_POINT('',(-1.51648463389514,-10.8954410916248,-3.08111892096289));
#5686=CARTESIAN_POINT('',(1.10693275858017,-10.7704410916248,-3.25266934765597));
#5687=CARTESIAN_POINT('',(3.08111892096288,-10.6454410916248,-1.51648463389512));
#5688=CARTESIAN_POINT('',(3.25266934765597,-10.5204410916248,1.10693275858019));
#5689=CARTESIAN_POINT('',(1.51648463389509,-10.3954410916248,3.08111892096289));
#5690=CARTESIAN_POINT('',(-1.10693275858018,-10.2704410916248,3.25266934765599));
#5691=CARTESIAN_POINT('',(-3.08111892096291,-10.1454410916248,1.51648463389509));
#5692=CARTESIAN_POINT('',(-3.25266934765599,-10.0204410916248,-1.10693275858017));
#5693=CARTESIAN_POINT('',(-1.51648463389514,-9.89544109162477,-3.08111892096289));
#5694=CARTESIAN_POINT('',(1.10693275858017,-9.77044109162477,-3.25266934765598));
#5695=CARTESIAN_POINT('',(3.08111892096288,-9.64544109162477,-1.51648463389511));
#5696=CARTESIAN_POINT('',(3.25266934765598,-9.52044109162477,1.10693275858015));
#5697=CARTESIAN_POINT('',(1.51648463389509,-9.39544109162477,3.0811189209629));
#5698=CARTESIAN_POINT('',(-1.10693275858016,-9.27044109162477,3.25266934765598));
#5699=CARTESIAN_POINT('',(-3.08111892096291,-9.14544109162477,1.51648463389509));
#5700=CARTESIAN_POINT('',(-3.24118184159895,-9.02881144828787,-0.93126124457057));
#5701=CARTESIAN_POINT('',(-2.31490114197096,-8.95384847161757,-2.15429583770339));
#5702=CARTESIAN_POINT('',(-1.78722805333916,-8.92055216161407,-2.53033734995849));
#5703=CARTESIAN_POINT('',(-2.21077511824441,-17.5379425638377,-0.752360335059029));
#5704=CARTESIAN_POINT('',(-2.0138076431216,-17.4962758971711,-1.331139907577));
#5705=CARTESIAN_POINT('',(-1.14239652565591,-17.4129425638377,-2.32106509473814));
#5706=CARTESIAN_POINT('',(0.833873360317969,-17.2879425638377,-2.45029727226809));
#5707=CARTESIAN_POINT('',(2.32106509473812,-17.1629425638377,-1.1423965256559));
#5708=CARTESIAN_POINT('',(2.45029727226808,-17.0379425638377,0.833873360317985));
#5709=CARTESIAN_POINT('',(1.14239652565588,-16.9129425638377,2.32106509473814));
#5710=CARTESIAN_POINT('',(-0.833873360317997,-16.7879425638377,2.45029727226809));
#5711=CARTESIAN_POINT('',(-2.32106509473815,-16.6629425638377,1.1423965256559));
#5712=CARTESIAN_POINT('',(-2.4502972722681,-16.5379425638377,-0.833873360317984));
#5713=CARTESIAN_POINT('',(-1.14239652565591,-16.4129425638377,-2.32106509473814));
#5714=CARTESIAN_POINT('',(0.833873360317969,-16.2879425638377,-2.45029727226809));
#5715=CARTESIAN_POINT('',(2.32106509473814,-16.1629425638377,-1.14239652565591));
#5716=CARTESIAN_POINT('',(2.45029727226808,-16.0379425638377,0.833873360317984));
#5717=CARTESIAN_POINT('',(1.14239652565588,-15.9129425638377,2.32106509473815));
#5718=CARTESIAN_POINT('',(-0.833873360317997,-15.7879425638377,2.45029727226809));
#5719=CARTESIAN_POINT('',(-2.32106509473815,-15.6629425638377,1.14239652565591));
#5720=CARTESIAN_POINT('',(-2.4502972722681,-15.5379425638377,-0.833873360317982));
#5721=CARTESIAN_POINT('',(-1.1423965256559,-15.4129425638377,-2.32106509473815));
#5722=CARTESIAN_POINT('',(0.833873360317969,-15.2879425638377,-2.45029727226809));
#5723=CARTESIAN_POINT('',(2.32106509473814,-15.1629425638377,-1.14239652565591));
#5724=CARTESIAN_POINT('',(2.45029727226808,-15.0379425638377,0.833873360317982));
#5725=CARTESIAN_POINT('',(1.14239652565588,-14.9129425638377,2.32106509473815));
#5726=CARTESIAN_POINT('',(-0.83387336031799,-14.7879425638377,2.45029727226809));
#5727=CARTESIAN_POINT('',(-2.32106509473815,-14.6629425638377,1.14239652565591));
#5728=CARTESIAN_POINT('',(-2.4502972722681,-14.5379425638377,-0.833873360317982));
#5729=CARTESIAN_POINT('',(-1.14239652565591,-14.4129425638377,-2.32106509473814));
#5730=CARTESIAN_POINT('',(0.833873360317976,-14.2879425638377,-2.45029727226809));
#5731=CARTESIAN_POINT('',(2.32106509473814,-14.1629425638377,-1.14239652565591));
#5732=CARTESIAN_POINT('',(2.45029727226808,-14.0379425638377,0.833873360317982));
#5733=CARTESIAN_POINT('',(1.14239652565588,-13.9129425638377,2.32106509473815));
#5734=CARTESIAN_POINT('',(-0.83387336031799,-13.7879425638377,2.45029727226809));
#5735=CARTESIAN_POINT('',(-2.32106509473815,-13.6629425638377,1.14239652565591));
#5736=CARTESIAN_POINT('',(-2.4502972722681,-13.5379425638377,-0.833873360317982));
#5737=CARTESIAN_POINT('',(-1.14239652565593,-13.4129425638377,-2.32106509473814));
#5738=CARTESIAN_POINT('',(0.833873360317976,-13.2879425638377,-2.45029727226809));
#5739=CARTESIAN_POINT('',(2.32106509473814,-13.1629425638377,-1.14239652565591));
#5740=CARTESIAN_POINT('',(2.45029727226808,-13.0379425638377,0.833873360317981));
#5741=CARTESIAN_POINT('',(1.14239652565588,-12.9129425638377,2.32106509473814));
#5742=CARTESIAN_POINT('',(-0.83387336031799,-12.7879425638377,2.45029727226809));
#5743=CARTESIAN_POINT('',(-2.32106509473815,-12.6629425638377,1.14239652565591));
#5744=CARTESIAN_POINT('',(-2.45029727226809,-12.5379425638377,-0.833873360317981));
#5745=CARTESIAN_POINT('',(-1.14239652565593,-12.4129425638377,-2.32106509473814));
#5746=CARTESIAN_POINT('',(0.833873360317976,-12.2879425638377,-2.45029727226809));
#5747=CARTESIAN_POINT('',(2.32106509473814,-12.1629425638377,-1.14239652565591));
#5748=CARTESIAN_POINT('',(2.45029727226809,-12.0379425638377,0.833873360317962));
#5749=CARTESIAN_POINT('',(1.14239652565588,-11.9129425638377,2.32106509473815));
#5750=CARTESIAN_POINT('',(-0.833873360317983,-11.7879425638377,2.45029727226809));
#5751=CARTESIAN_POINT('',(-2.32106509473817,-11.6629425638377,1.1423965256559));
#5752=CARTESIAN_POINT('',(-2.45029727226809,-11.5379425638377,-0.833873360317976));
#5753=CARTESIAN_POINT('',(-1.14239652565593,-11.4129425638377,-2.32106509473814));
#5754=CARTESIAN_POINT('',(0.833873360317976,-11.2879425638377,-2.45029727226809));
#5755=CARTESIAN_POINT('',(2.32106509473812,-11.1629425638377,-1.14239652565591));
#5756=CARTESIAN_POINT('',(2.45029727226807,-11.0379425638377,0.833873360317998));
#5757=CARTESIAN_POINT('',(1.14239652565588,-10.9129425638377,2.32106509473814));
#5758=CARTESIAN_POINT('',(-0.833873360317983,-10.7879425638377,2.45029727226809));
#5759=CARTESIAN_POINT('',(-2.32106509473817,-10.6629425638377,1.1423965256559));
#5760=CARTESIAN_POINT('',(-2.45029727226809,-10.5379425638377,-0.833873360317976));
#5761=CARTESIAN_POINT('',(-1.14239652565593,-10.4129425638377,-2.32106509473814));
#5762=CARTESIAN_POINT('',(0.833873360317976,-10.2879425638377,-2.45029727226809));
#5763=CARTESIAN_POINT('',(2.32106509473814,-10.1629425638377,-1.14239652565591));
#5764=CARTESIAN_POINT('',(2.45029727226809,-10.0379425638377,0.83387336031796));
#5765=CARTESIAN_POINT('',(1.14239652565588,-9.91294256383767,2.32106509473815));
#5766=CARTESIAN_POINT('',(-0.833873360317983,-9.78794256383767,2.45029727226809));
#5767=CARTESIAN_POINT('',(-2.32106509473817,-9.66294256383767,1.1423965256559));
#5768=CARTESIAN_POINT('',(-2.44164351692189,-9.54631292050077,-0.701536689852802));
#5769=CARTESIAN_POINT('',(-1.74385876567176,-9.47134994383057,-1.62287175565114));
#5770=CARTESIAN_POINT('',(-1.34635265867828,-9.43805363382697,-1.90615093138483));
#5771=CARTESIAN_POINT('',(-2.93471349091366,-17.9794489147838,-0.998727553564749));
#5772=CARTESIAN_POINT('',(-2.67324722881226,-17.9377822481172,-1.76703374885185));
#5773=CARTESIAN_POINT('',(-1.51648463389512,-17.8544489147838,-3.08111892096289));
#5774=CARTESIAN_POINT('',(1.10693275858015,-17.7294489147838,-3.25266934765597));
#5775=CARTESIAN_POINT('',(3.08111892096289,-17.6044489147838,-1.5164846338951));
#5776=CARTESIAN_POINT('',(3.25266934765596,-17.4794489147838,1.10693275858017));
#5777=CARTESIAN_POINT('',(1.51648463389509,-17.3544489147838,3.08111892096289));
#5778=CARTESIAN_POINT('',(-1.10693275858018,-17.2294489147838,3.25266934765597));
#5779=CARTESIAN_POINT('',(-3.0811189209629,-17.1044489147838,1.5164846338951));
#5780=CARTESIAN_POINT('',(-3.25266934765599,-16.9794489147838,-1.10693275858017));
#5781=CARTESIAN_POINT('',(-1.51648463389512,-16.8544489147838,-3.08111892096289));
#5782=CARTESIAN_POINT('',(1.10693275858015,-16.7294489147838,-3.25266934765597));
#5783=CARTESIAN_POINT('',(3.08111892096289,-16.6044489147838,-1.51648463389511));
#5784=CARTESIAN_POINT('',(3.25266934765597,-16.4794489147838,1.10693275858018));
#5785=CARTESIAN_POINT('',(1.51648463389509,-16.3544489147838,3.0811189209629));
#5786=CARTESIAN_POINT('',(-1.10693275858018,-16.2294489147838,3.25266934765597));
#5787=CARTESIAN_POINT('',(-3.08111892096291,-16.1044489147838,1.51648463389511));
#5788=CARTESIAN_POINT('',(-3.25266934765599,-15.9794489147838,-1.10693275858017));
#5789=CARTESIAN_POINT('',(-1.5164846338951,-15.8544489147838,-3.0811189209629));
#5790=CARTESIAN_POINT('',(1.10693275858015,-15.7294489147838,-3.25266934765597));
#5791=CARTESIAN_POINT('',(3.08111892096289,-15.6044489147838,-1.51648463389511));
#5792=CARTESIAN_POINT('',(3.25266934765597,-15.4794489147838,1.10693275858017));
#5793=CARTESIAN_POINT('',(1.51648463389509,-15.3544489147838,3.0811189209629));
#5794=CARTESIAN_POINT('',(-1.10693275858018,-15.2294489147838,3.25266934765597));
#5795=CARTESIAN_POINT('',(-3.08111892096291,-15.1044489147838,1.51648463389511));
#5796=CARTESIAN_POINT('',(-3.25266934765599,-14.9794489147838,-1.10693275858017));
#5797=CARTESIAN_POINT('',(-1.51648463389512,-14.8544489147838,-3.08111892096289));
#5798=CARTESIAN_POINT('',(1.10693275858017,-14.7294489147838,-3.25266934765597));
#5799=CARTESIAN_POINT('',(3.08111892096288,-14.6044489147838,-1.51648463389511));
#5800=CARTESIAN_POINT('',(3.25266934765597,-14.4794489147838,1.10693275858017));
#5801=CARTESIAN_POINT('',(1.51648463389509,-14.3544489147838,3.0811189209629));
#5802=CARTESIAN_POINT('',(-1.10693275858018,-14.2294489147838,3.25266934765597));
#5803=CARTESIAN_POINT('',(-3.08111892096291,-14.1044489147838,1.51648463389511));
#5804=CARTESIAN_POINT('',(-3.25266934765599,-13.9794489147838,-1.10693275858017));
#5805=CARTESIAN_POINT('',(-1.51648463389512,-13.8544489147838,-3.0811189209629));
#5806=CARTESIAN_POINT('',(1.10693275858017,-13.7294489147838,-3.25266934765597));
#5807=CARTESIAN_POINT('',(3.08111892096288,-13.6044489147838,-1.51648463389511));
#5808=CARTESIAN_POINT('',(3.25266934765597,-13.4794489147838,1.10693275858017));
#5809=CARTESIAN_POINT('',(1.51648463389509,-13.3544489147838,3.0811189209629));
#5810=CARTESIAN_POINT('',(-1.10693275858018,-13.2294489147838,3.25266934765597));
#5811=CARTESIAN_POINT('',(-3.08111892096291,-13.1044489147838,1.51648463389511));
#5812=CARTESIAN_POINT('',(-3.25266934765599,-12.9794489147838,-1.10693275858017));
#5813=CARTESIAN_POINT('',(-1.51648463389514,-12.8544489147838,-3.08111892096289));
#5814=CARTESIAN_POINT('',(1.10693275858018,-12.7294489147838,-3.25266934765598));
#5815=CARTESIAN_POINT('',(3.08111892096288,-12.6044489147838,-1.51648463389511));
#5816=CARTESIAN_POINT('',(3.25266934765598,-12.4794489147838,1.10693275858016));
#5817=CARTESIAN_POINT('',(1.51648463389509,-12.3544489147838,3.0811189209629));
#5818=CARTESIAN_POINT('',(-1.10693275858016,-12.2294489147838,3.25266934765598));
#5819=CARTESIAN_POINT('',(-3.08111892096291,-12.1044489147838,1.51648463389509));
#5820=CARTESIAN_POINT('',(-3.25266934765599,-11.9794489147838,-1.10693275858017));
#5821=CARTESIAN_POINT('',(-1.51648463389514,-11.8544489147838,-3.08111892096289));
#5822=CARTESIAN_POINT('',(1.10693275858017,-11.7294489147838,-3.25266934765597));
#5823=CARTESIAN_POINT('',(3.08111892096288,-11.6044489147838,-1.51648463389512));
#5824=CARTESIAN_POINT('',(3.25266934765597,-11.4794489147838,1.10693275858019));
#5825=CARTESIAN_POINT('',(1.51648463389509,-11.3544489147838,3.08111892096289));
#5826=CARTESIAN_POINT('',(-1.10693275858018,-11.2294489147838,3.25266934765599));
#5827=CARTESIAN_POINT('',(-3.08111892096291,-11.1044489147838,1.51648463389509));
#5828=CARTESIAN_POINT('',(-3.25266934765599,-10.9794489147838,-1.10693275858017));
#5829=CARTESIAN_POINT('',(-1.51648463389514,-10.8544489147838,-3.08111892096289));
#5830=CARTESIAN_POINT('',(1.10693275858017,-10.7294489147838,-3.25266934765598));
#5831=CARTESIAN_POINT('',(3.08111892096288,-10.6044489147838,-1.51648463389511));
#5832=CARTESIAN_POINT('',(3.25266934765598,-10.4794489147838,1.10693275858015));
#5833=CARTESIAN_POINT('',(1.51648463389509,-10.3544489147838,3.0811189209629));
#5834=CARTESIAN_POINT('',(-1.10693275858016,-10.2294489147838,3.25266934765598));
#5835=CARTESIAN_POINT('',(-3.08111892096291,-10.1044489147838,1.51648463389509));
#5836=CARTESIAN_POINT('',(-3.24118184159895,-9.98781927144687,-0.93126124457057));
#5837=CARTESIAN_POINT('',(-2.31490114197096,-9.91285629477667,-2.15429583770339));
#5838=CARTESIAN_POINT('',(-1.78722805333916,-9.87955998477307,-2.53033734995849));
#5839=MECHANICAL_DESIGN_GEOMETRIC_PRESENTATION_REPRESENTATION('',(#32,#33,
#34),#5840);
#5840=(
GEOMETRIC_REPRESENTATION_CONTEXT(3)
GLOBAL_UNCERTAINTY_ASSIGNED_CONTEXT((#5841))
GLOBAL_UNIT_ASSIGNED_CONTEXT((#5847,#5843,#5842))
REPRESENTATION_CONTEXT('BC04RVS','TOP_LEVEL_ASSEMBLY_PART')
);
#5841=UNCERTAINTY_MEASURE_WITH_UNIT(LENGTH_MEASURE(0.0508),#5847,
'DISTANCE_ACCURACY_VALUE','Maximum Tolerance applied to model');
#5842=(
NAMED_UNIT(*)
SI_UNIT($,.STERADIAN.)
SOLID_ANGLE_UNIT()
);
#5843=(
CONVERSION_BASED_UNIT('DEGREE',#5845)
NAMED_UNIT(#5844)
PLANE_ANGLE_UNIT()
);
#5844=DIMENSIONAL_EXPONENTS(0.,0.,0.,0.,0.,0.,0.);
#5845=PLANE_ANGLE_MEASURE_WITH_UNIT(PLANE_ANGLE_MEASURE(0.0174532925),#5846);
#5846=(
NAMED_UNIT(*)
PLANE_ANGLE_UNIT()
SI_UNIT($,.RADIAN.)
);
#5847=(
LENGTH_UNIT()
NAMED_UNIT(*)
SI_UNIT(.MILLI.,.METRE.)
);
ENDSEC;
END-ISO-10303-21;
